shape_id,shape_pt_lat,shape_pt_lon,shape_pt_sequence,shape_dist_traveled
62c1143c-029a-4b43-9f4f-6d6f9c55bc76,40.4170743554955,-86.8311953038068,42,6971.52
f0bfdbab-3f2e-40c7-823b-27ed6dd81e54,40.3944200260304,-86.8370352756878,25,2281.68
de154292-7fe9-40e4-9e11-8776303bf1c6,40.4179730695532,-86.8499234076675,18,3388.32
106b7a4b-c510-4c36-84f3-e9ba6c6a9e1a,40.3938041635663,-86.8492175442781,39,6016.14
29c28934-efe6-48d7-bf29-bf7cd63335d7,40.4503858415864,-86.9252158553038,29,3590.14
5001d1c6-c1ea-4d03-b8eb-45705b3c0f70,40.4191168059438,-86.924163216717,27,2483.35
716a1134-702e-43b2-8984-fd6f12a926a3,40.460603,-86.925062,6,1148.81
12648a3c-ba8d-48be-8a85-8681ac0d9bff,40.4590198765842,-86.9361157213874,64,10587.31
b2e6d44b-e65b-45c2-9323-7fe8ca8c9945,40.4396154248485,-86.8992173313628,22,4737.14
a0020965-2b60-4e70-a047-a1b071f6ff20,40.433181652178,-86.9262774504687,8,385.79
a0020965-2b60-4e70-a047-a1b071f6ff20,40.4329756160364,-86.9216929031427,19,785.18
2713ba46-9e58-4dcd-8a32-2cb9dcf2490b,40.4333645363667,-86.8815053630772,8,1905.47
c5ec81b9-e850-475e-af29-7b3b1d08551d,40.47173,-86.89174,17,755.45
79dad13b-4042-4d5e-a786-240646d7578c,40.3932976957141,-86.9135000952184,57,8088.37
55c5e2f3-e55e-4b4b-b0e1-0f46278e7d95,40.4691186307199,-86.9450872290044,55,8211.94
26ecb9dd-aec2-4972-9d24-ee2ae9653374,40.43219,-86.862337,83,9615.33
62c1143c-029a-4b43-9f4f-6d6f9c55bc76,40.413880164088,-86.8268026201624,56,7693.27
6c20d044-6cfd-4f7b-af03-b2fd1fb8325b,40.4277077572172,-86.909955555794,15,2821.34
bb92f4e4-7c69-4f9a-a86b-ab4a6ebf37f7,40.4201380746091,-86.8956476035313,61,11912.49
29c28934-efe6-48d7-bf29-bf7cd63335d7,40.4670001714467,-86.9473485471892,9,636.44
5394dfa6-526f-417d-96b5-51e5d4ce396d,40.430277117778,-86.9129742209547,77,4749.48
7426c1e2-6b00-4c5f-8636-b34180893ecb,40.3942312184244,-86.8485170440493,6,472.6
56fdf086-7941-45a1-afb3-b928148109a2,40.4607217288447,-86.924275870578,49,4994.19
7426c1e2-6b00-4c5f-8636-b34180893ecb,40.4015320778806,-86.8694957714972,40,7590
77ef10ae-585a-4bc9-adff-fc125f0932d2,40.4190737600264,-86.8675121440035,40,6221.91
c5e3979b-c192-42fb-860c-c4c246c5eec0,40.4209180641035,-86.8943228477032,4,153.8
5394dfa6-526f-417d-96b5-51e5d4ce396d,40.4239518349288,-86.9082323136704,10,415.1
aacfedab-6f68-4a78-8641-b932f17dbff6,40.4282278040181,-86.9191214514328,4,1031.12
7261420d-8225-42cc-8837-046368279776,40.4189329099019,-86.899902635807,53,9762.97
d1a4f0a7-715f-4996-8eb3-283cae447608,40.4244956149304,-86.9411369969873,39,4363.41
b8c15b96-4ecb-4c22-87aa-527ace63b880,40.3818756866559,-86.8557028257102,63,9534.78
c5e3979b-c192-42fb-860c-c4c246c5eec0,40.4028311329922,-86.8566593914413,21,5307.56
8893a0f4-c34d-4fc9-a9fb-8e833fee37ca,40.4361781737911,-86.8621156729529,25,4109.95
624d1f32-a356-47fb-b477-afd271f462cd,40.4796344190154,-86.9311293472793,1,133.31
42719558-c2a4-467d-8614-840defe90744,40.4324761349543,-86.9151780644444,47,5832.88
27d96cf3-940c-495a-ba0e-94d497c2f149,40.4018700362367,-86.8699973446129,57,7801.27
2722571e-4f1d-44f8-adbb-bbb7443b4f43,40.4079318289716,-86.8676088373428,16,2730.83
6c20d044-6cfd-4f7b-af03-b2fd1fb8325b,40.4605303913859,-86.915516664167,37,8200.61
5394dfa6-526f-417d-96b5-51e5d4ce396d,40.4273488231359,-86.9219929019847,55,3499.9
42719558-c2a4-467d-8614-840defe90744,40.4700998205311,-86.9456146231406,6,266.61
e8ff9056-010e-480e-be87-5fbfd502f830,40.4242021098257,-86.9293586569642,54,5399.77
cb61ff86-9f1a-46c0-9881-c76c0287240f,40.3651971089954,-86.8624334073438,5,325.37
ae80f7da-68bb-4e11-82d9-4e434fd30733,40.437993,-86.869625,33,4465.18
811f6866-bf6b-4d63-b690-9320b35cc663,40.4063560310814,-86.8344339331647,43,9527.82
c5ec81b9-e850-475e-af29-7b3b1d08551d,40.4720771455968,-86.8884076019157,8,331.76
12648a3c-ba8d-48be-8a85-8681ac0d9bff,40.4462807780984,-86.936904115645,48,7242.85
55c5e2f3-e55e-4b4b-b0e1-0f46278e7d95,40.4690947959712,-86.9448418079711,54,8191.02
42719558-c2a4-467d-8614-840defe90744,40.4671898433698,-86.9407495411286,24,1305.53
d1a4f0a7-715f-4996-8eb3-283cae447608,40.4416792654764,-86.9619050551238,22,1560.49
7218f1c2-a821-475e-840c-a049d1a625b1,40.444060561855,-86.9432318551603,68,4502.76
bb92f4e4-7c69-4f9a-a86b-ab4a6ebf37f7,40.418249496843,-86.891552804858,56,11359.08
a0020965-2b60-4e70-a047-a1b071f6ff20,40.430362,-86.913149,34,1738.38
aacfedab-6f68-4a78-8641-b932f17dbff6,40.4729284627991,-86.8912592167413,41,9379.01
55c5e2f3-e55e-4b4b-b0e1-0f46278e7d95,40.4270640270152,-86.9094673937242,2,480.98
62c1143c-029a-4b43-9f4f-6d6f9c55bc76,40.4161849866024,-86.8147022613706,80,9419.27
0b4c0e9d-9ceb-4424-84ef-0c222182a7ed,40.4184337266386,-86.9101968355874,17,2222.78
db416ff3-0f30-49ce-a448-0bba8f984215,40.4260970906077,-86.8926110501654,27,4189.56
bc162fca-a6bc-4e4e-99d8-3f4648da05ea,40.3671936980764,-86.8702576489075,12,1190.02
7218f1c2-a821-475e-840c-a049d1a625b1,40.4310467548361,-86.9325609369898,86,6222.5
55c5e2f3-e55e-4b4b-b0e1-0f46278e7d95,40.4678593499163,-86.9433353405641,47,7955.83
bc162fca-a6bc-4e4e-99d8-3f4648da05ea,40.3836324674312,-86.8950113425059,40,4936.85
7110f3dc-2167-4bfb-8a75-b40c6791c80c,40.4032115282862,-86.8322620226112,37,3747.85
62c1143c-029a-4b43-9f4f-6d6f9c55bc76,40.4248305479565,-86.8605987265404,21,3596.59
5394dfa6-526f-417d-96b5-51e5d4ce396d,40.4314283131692,-86.9192244480364,67,4158.59
716a1134-702e-43b2-8984-fd6f12a926a3,40.4603998637438,-86.9189771663533,8,1664.57
77ef10ae-585a-4bc9-adff-fc125f0932d2,40.4166033703129,-86.8137232813547,3,177.61
7110f3dc-2167-4bfb-8a75-b40c6791c80c,40.4005973279832,-86.8047861340514,1,49.79
7110f3dc-2167-4bfb-8a75-b40c6791c80c,40.4033090414589,-86.8322707314652,36,3736.99
75965b70-7ad7-4945-be19-cfb16a1b3fa6,40.3934377263544,-86.8720943145599,45,6015.86
c5e3979b-c192-42fb-860c-c4c246c5eec0,40.4174536498338,-86.8642709099534,15,3095.56
f8091890-6a74-4783-b6f3-0328c8090a51,40.4362886321742,-86.9456711259474,34,5080.92
f0bfdbab-3f2e-40c7-823b-27ed6dd81e54,40.3949737963297,-86.8373172186243,27,2374.61
3081f37d-fdeb-4b5a-8813-07fa7cc93ba2,40.432584,-86.919271,22,1032.5
5a3bff2c-b3f2-4911-8ef6-442c2d85d857,40.4030014735274,-86.8386192024297,53,10285.71
132fa334-e471-472b-921c-7d18439221cb,40.409628,-86.886396,13,3454.56
2713ba46-9e58-4dcd-8a32-2cb9dcf2490b,40.4418188596856,-86.8696352463743,0,0
42719558-c2a4-467d-8614-840defe90744,40.4715001864136,-86.9456731942697,4,110.51
26ecb9dd-aec2-4972-9d24-ee2ae9653374,40.4225222896876,-86.8470958071949,57,6953.14
c5ec81b9-e850-475e-af29-7b3b1d08551d,40.4735677125225,-86.8967016795992,23,1402.1
aacfedab-6f68-4a78-8641-b932f17dbff6,40.4641871430985,-86.8996692836088,33,7618.78
55c5e2f3-e55e-4b4b-b0e1-0f46278e7d95,40.4239673014239,-86.9080845832727,5,864.52
716a1134-702e-43b2-8984-fd6f12a926a3,40.4482910304243,-86.9158470282464,14,3275.8
7110f3dc-2167-4bfb-8a75-b40c6791c80c,40.4028961965308,-86.8513027015932,43,5374.83
7218f1c2-a821-475e-840c-a049d1a625b1,40.4494111949932,-86.9244315134646,41,1928.33
cb61ff86-9f1a-46c0-9881-c76c0287240f,40.4050779584097,-86.8975610671974,98,11196.21
f0bfdbab-3f2e-40c7-823b-27ed6dd81e54,40.4321347434601,-86.8773586676931,71,10853.55
8893a0f4-c34d-4fc9-a9fb-8e833fee37ca,40.42001154702,-86.8924421221722,2,243.19
56fdf086-7941-45a1-afb3-b928148109a2,40.4652614779357,-86.9305186851986,71,6102.8
f0bfdbab-3f2e-40c7-823b-27ed6dd81e54,40.402934873279,-86.8367071054403,33,3502.44
12648a3c-ba8d-48be-8a85-8681ac0d9bff,40.4207112145848,-86.8948077794795,0,0
9d713986-ad91-4d78-895f-ae03d84ed071,40.4678511424827,-86.934744000346,76,6744.19
2722571e-4f1d-44f8-adbb-bbb7443b4f43,40.4182569931899,-86.8798450755981,23,4277.29
27d96cf3-940c-495a-ba0e-94d497c2f149,40.4117988065312,-86.8770397048769,65,9167.59
cb61ff86-9f1a-46c0-9881-c76c0287240f,40.367140758077,-86.8759230551808,18,1668.53
7261420d-8225-42cc-8837-046368279776,40.4172954212007,-86.8961891172045,56,10126.91
0e410d81-233b-4f4e-b644-b926ae73d696,40.4344726582523,-86.9254625097787,37,3308.41
9e21239f-d54e-46e6-abcb-648b572ea90f,40.4182550122835,-86.8929220084798,21,4946.43
9d713986-ad91-4d78-895f-ae03d84ed071,40.4661846119414,-86.9282558610243,58,5835.12
e8ff9056-010e-480e-be87-5fbfd502f830,40.4439646270254,-86.9619474984376,23,1304.23
fa1bfc2a-4aa5-4966-81d1-33a2a1ea14c6,40.460496,-86.916281,38,8237.45
2722571e-4f1d-44f8-adbb-bbb7443b4f43,40.3937737878426,-86.8490868418864,7,428.17
42719558-c2a4-467d-8614-840defe90744,40.4675005219529,-86.9424130509803,23,1160.73
f71ad2a5-ff13-4379-adc1-e257c3e59f53,40.3815348673782,-86.8801401186073,78,8411.8
a9ab1807-2920-4cd6-b08d-3a8d7d8d9820,40.4030153395543,-86.8278920249875,35,8566.84
7218f1c2-a821-475e-840c-a049d1a625b1,40.4585328632801,-86.9318355991904,14,717.21
f71ad2a5-ff13-4379-adc1-e257c3e59f53,40.367103,-86.8713411314095,91,10753.19
5a3bff2c-b3f2-4911-8ef6-442c2d85d857,40.4200272512452,-86.89305093247,2,189.65
f8091890-6a74-4783-b6f3-0328c8090a51,40.4210061259645,-86.9217778744094,20,1761.93
cb61ff86-9f1a-46c0-9881-c76c0287240f,40.3782116102106,-86.8760349974653,30,2903.38
0e410d81-233b-4f4e-b644-b926ae73d696,40.4333529918998,-86.9238320252351,59,4021.82
12648a3c-ba8d-48be-8a85-8681ac0d9bff,40.4592995571898,-86.9425920749482,59,10034.3
ae80f7da-68bb-4e11-82d9-4e434fd30733,40.419998,-86.894208,1,94.1
5a3bff2c-b3f2-4911-8ef6-442c2d85d857,40.4251542940828,-86.8472146598825,31,6438.1
ed975a1b-9d65-44e7-b9a1-fd5ab53a748b,40.4454535358374,-86.9619650469784,2,242.18
bb92f4e4-7c69-4f9a-a86b-ab4a6ebf37f7,40.4029670597891,-86.8502992004334,34,5271.05
ed975a1b-9d65-44e7-b9a1-fd5ab53a748b,40.4644084253555,-86.9365308842976,17,4973.54
62c1143c-029a-4b43-9f4f-6d6f9c55bc76,40.4239781453597,-86.8510046214464,28,4559.46
12f97034-fc21-44ef-b9d2-1b478749ee65,40.4500551961904,-86.9418281556195,11,535.01
2a068c67-dc1e-4ead-a035-c4161cb0a07e,40.3997742093024,-86.8563008018387,18,1419.67
26ecb9dd-aec2-4972-9d24-ee2ae9653374,40.4208328214775,-86.8397054058932,51,6186.66
77ef10ae-585a-4bc9-adff-fc125f0932d2,40.4200690691061,-86.8881568576724,49,7987.65
f0bfdbab-3f2e-40c7-823b-27ed6dd81e54,40.4207112145848,-86.8948077794795,88,13595.29
26ecb9dd-aec2-4972-9d24-ee2ae9653374,40.3933418672983,-86.8472984820095,10,639.57
bc162fca-a6bc-4e4e-99d8-3f4648da05ea,40.367241,-86.8686066191558,10,1049.84
7afb54ae-31a1-4536-b273-c1a67b17e963,40.4172962620423,-86.881858922984,11,1610.27
7426c1e2-6b00-4c5f-8636-b34180893ecb,40.4081598842922,-86.8767878979474,44,8598.5
bc162fca-a6bc-4e4e-99d8-3f4648da05ea,40.3743318416015,-86.8759291254668,24,2471.5
de154292-7fe9-40e4-9e11-8776303bf1c6,40.4238719927272,-86.8509222456928,28,4087.51
b8c15b96-4ecb-4c22-87aa-527ace63b880,40.4172873745732,-86.886183135878,6,1078.33
5394dfa6-526f-417d-96b5-51e5d4ce396d,40.4239823397918,-86.9080219400383,8,390.57
cb61ff86-9f1a-46c0-9881-c76c0287240f,40.3848299613494,-86.9100387042784,67,7041.04
db416ff3-0f30-49ce-a448-0bba8f984215,40.434413,-86.86357,6,1100.67
12f97034-fc21-44ef-b9d2-1b478749ee65,40.4476982298623,-86.9444496497337,52,1711.44
bb92f4e4-7c69-4f9a-a86b-ab4a6ebf37f7,40.4051099209686,-86.827809440694,15,2774.38
a793c083-222b-4293-9d4e-f7454bbd6855,40.4184127870482,-86.9070074352217,24,3006.36
7218f1c2-a821-475e-840c-a049d1a625b1,40.4173739931452,-86.8964282457784,142,10193.2
a9ab1807-2920-4cd6-b08d-3a8d7d8d9820,40.394993,-86.809646,44,12959.28
79dad13b-4042-4d5e-a786-240646d7578c,40.3926405544663,-86.9054709020538,59,8771.8
f71ad2a5-ff13-4379-adc1-e257c3e59f53,40.3846355011842,-86.9042022171141,49,6293.59
3c435a70-bd1f-4d17-86ca-139de51f22c9,40.4236254348532,-86.8940634664335,44,8442.94
2a068c67-dc1e-4ead-a035-c4161cb0a07e,40.393337,-86.84857,8,366.68
b4417114-9ce7-42e9-936b-536f4ec21247,40.4177916298981,-86.823625971295,7,1127.54
26ecb9dd-aec2-4972-9d24-ee2ae9653374,40.426462798487,-86.8471109760553,61,7391.2
106b7a4b-c510-4c36-84f3-e9ba6c6a9e1a,40.4173304540367,-86.8786440936959,10,1715.4
62c1143c-029a-4b43-9f4f-6d6f9c55bc76,40.4165727616814,-86.8250566032921,69,8236.28
716a1134-702e-43b2-8984-fd6f12a926a3,40.4266040281417,-86.905528569551,34,7228.15
7110f3dc-2167-4bfb-8a75-b40c6791c80c,40.4069662336687,-86.8322760958836,26,3307.74
a793c083-222b-4293-9d4e-f7454bbd6855,40.4199105738154,-86.8954408365865,51,4784.09
a9ab1807-2920-4cd6-b08d-3a8d7d8d9820,40.4027699174148,-86.857681981187,20,5225.18
55c5e2f3-e55e-4b4b-b0e1-0f46278e7d95,40.4509014190029,-86.9254150763783,33,5449.71
7110f3dc-2167-4bfb-8a75-b40c6791c80c,40.3988646208563,-86.8055894556993,5,255.39
007b678c-d15d-4e6a-8928-cab840ddf344,40.4242772116826,-86.9289536433788,62,9147.13
12f97034-fc21-44ef-b9d2-1b478749ee65,40.4313449742215,-86.9142551203119,103,5732.27
7218f1c2-a821-475e-840c-a049d1a625b1,40.4460969833193,-86.9435153569886,62,4177.07
7218f1c2-a821-475e-840c-a049d1a625b1,40.420926369817,-86.9015461564488,128,9576.19
f0bfdbab-3f2e-40c7-823b-27ed6dd81e54,40.4218860222033,-86.8904746705576,84,13136.33
7218f1c2-a821-475e-840c-a049d1a625b1,40.4362860015365,-86.9362208807744,81,5561.3
0e410d81-233b-4f4e-b644-b926ae73d696,40.4336397119753,-86.9269912608848,33,3148.22
f0bfdbab-3f2e-40c7-823b-27ed6dd81e54,40.4055255167203,-86.8345180952944,38,4038.88
3081f37d-fdeb-4b5a-8813-07fa7cc93ba2,40.4344123867286,-86.9256263804809,4,118.59
56fdf086-7941-45a1-afb3-b928148109a2,40.4603006220043,-86.9245414092864,44,4940.43
70814020-a9b7-44ef-a20e-fb5aff6b77a5,40.4423566426251,-86.9421648646691,38,2546.02
7e415f9d-0dfe-4239-b4f5-b467213b6c43,40.401044,-86.804833,0,0
55c5e2f3-e55e-4b4b-b0e1-0f46278e7d95,40.4690828785937,-86.9439723909062,53,8117.51
d1a4f0a7-715f-4996-8eb3-283cae447608,40.423931,-86.911286,49,6928.5
26ecb9dd-aec2-4972-9d24-ee2ae9653374,40.4288061218742,-86.8448221292986,74,7762.29
3081f37d-fdeb-4b5a-8813-07fa7cc93ba2,40.4334303534347,-86.9247422835937,15,525.7
bc162fca-a6bc-4e4e-99d8-3f4648da05ea,40.3835670711796,-86.8947052579965,39,4909.94
c5e3979b-c192-42fb-860c-c4c246c5eec0,40.40629,-86.85038,25,6444.37
7261420d-8225-42cc-8837-046368279776,40.4196986806213,-86.9007140040823,50,9649.07
716a1134-702e-43b2-8984-fd6f12a926a3,40.426621,-86.908275,33,6995.83
a0020965-2b60-4e70-a047-a1b071f6ff20,40.4341483093786,-86.9262727124599,3,177.5
56fdf086-7941-45a1-afb3-b928148109a2,40.4661052783134,-86.9284045764128,64,5870.94
aacfedab-6f68-4a78-8641-b932f17dbff6,40.431335445126,-86.9141398021066,8,1803.68
de154292-7fe9-40e4-9e11-8776303bf1c6,40.4177943121072,-86.8338532348784,12,1995.27
f8091890-6a74-4783-b6f3-0328c8090a51,40.4500263851457,-86.9470016367847,39,6617.95
7218f1c2-a821-475e-840c-a049d1a625b1,40.4214798578647,-86.9029580807039,125,9441.71
b8c15b96-4ecb-4c22-87aa-527ace63b880,40.3918664676774,-86.8711458121682,45,6226.99
56fdf086-7941-45a1-afb3-b928148109a2,40.4612233019604,-86.9244488730698,53,5053.92
0b4c0e9d-9ceb-4424-84ef-0c222182a7ed,40.4167594524439,-86.9303810719018,2,69.76
106b7a4b-c510-4c36-84f3-e9ba6c6a9e1a,40.4172645757952,-86.8894339733978,5,802.4
a0020965-2b60-4e70-a047-a1b071f6ff20,40.4344240089908,-86.9257041469636,2,120.48
12f97034-fc21-44ef-b9d2-1b478749ee65,40.4454183843981,-86.9441094663208,70,2204.26
5001d1c6-c1ea-4d03-b8eb-45705b3c0f70,40.4203152327643,-86.9222430212155,37,2818.17
6c20d044-6cfd-4f7b-af03-b2fd1fb8325b,40.4276407019878,-86.9067838434448,13,2552.92
5001d1c6-c1ea-4d03-b8eb-45705b3c0f70,40.4207908893266,-86.9228674237184,34,2737.5
6c20d044-6cfd-4f7b-af03-b2fd1fb8325b,40.4418362940452,-86.9107830173244,30,5998.22
db416ff3-0f30-49ce-a448-0bba8f984215,40.4348249992624,-86.862778178619,5,1019.55
c5ec81b9-e850-475e-af29-7b3b1d08551d,40.427241,-86.901458,60,7130.75
7218f1c2-a821-475e-840c-a049d1a625b1,40.431216886889,-86.9326920501694,84,6199.31
f8091890-6a74-4783-b6f3-0328c8090a51,40.420495,-86.915845,12,1222.25
132fa334-e471-472b-921c-7d18439221cb,40.4207112145848,-86.8948077794795,27,5594.52
77ef10ae-585a-4bc9-adff-fc125f0932d2,40.4249135995746,-86.854746158683,33,4568.35
56fdf086-7941-45a1-afb3-b928148109a2,40.4659026054897,-86.9277183134367,61,5790.37
cb61ff86-9f1a-46c0-9881-c76c0287240f,40.3925099821843,-86.9034081390159,79,8960.74
f71ad2a5-ff13-4379-adc1-e257c3e59f53,40.3999401867354,-86.8936892982536,13,2532.93
f8091890-6a74-4783-b6f3-0328c8090a51,40.4324891222107,-86.9437523974958,32,4628.59
aacfedab-6f68-4a78-8641-b932f17dbff6,40.4743688091259,-86.8955695268851,39,8966.2
7218f1c2-a821-475e-840c-a049d1a625b1,40.4242350267583,-86.9305804620963,101,7017.13
2713ba46-9e58-4dcd-8a32-2cb9dcf2490b,40.4406494164854,-86.8774444983866,4,921.88
26ecb9dd-aec2-4972-9d24-ee2ae9653374,40.4219182087134,-86.8878300123114,100,12945.08
7426c1e2-6b00-4c5f-8636-b34180893ecb,40.3818809777052,-86.8610558567722,18,3769.06
811f6866-bf6b-4d63-b690-9320b35cc663,40.4273468316544,-86.8469037919891,29,6208.27
cb61ff86-9f1a-46c0-9881-c76c0287240f,40.4075174276541,-86.8976133702763,101,11467.36
42719558-c2a4-467d-8614-840defe90744,40.4697144966872,-86.9459253157256,8,317.81
e585597e-0bea-47a2-b2ad-5525a03f22ee,40.4315056427484,-86.9203287019515,5,1523.96
7110f3dc-2167-4bfb-8a75-b40c6791c80c,40.403165543268,-86.8277404801691,16,2563.9
d1a4f0a7-715f-4996-8eb3-283cae447608,40.4454481836202,-86.9619831910062,18,1141.42
ff80a8f5-2afb-449a-8e43-76f253357b41,40.4603929249984,-86.9330254735322,8,498
e335420d-ceb4-49cd-a60e-a8a967b18129,40.4178393713914,-86.9261714189054,17,2795.95
12648a3c-ba8d-48be-8a85-8681ac0d9bff,40.4460005686912,-86.936740469291,39,6987.86
26ecb9dd-aec2-4972-9d24-ee2ae9653374,40.3935895940346,-86.8368648119495,21,2184.87
b8c15b96-4ecb-4c22-87aa-527ace63b880,40.3999217148615,-86.8672413566169,27,4064.55
75965b70-7ad7-4945-be19-cfb16a1b3fa6,40.4093129626712,-86.876896592459,61,8885.78
b8c15b96-4ecb-4c22-87aa-527ace63b880,40.3955397506635,-86.8668110783451,31,4555.77
f8091890-6a74-4783-b6f3-0328c8090a51,40.423931,-86.911286,0,0
e8ff9056-010e-480e-be87-5fbfd502f830,40.4241846947607,-86.9405675738594,51,4451.5
79dad13b-4042-4d5e-a786-240646d7578c,40.407638127067,-86.8974819420267,84,11477.04
e335420d-ceb4-49cd-a60e-a8a967b18129,40.4240813101271,-86.9118721362696,4,910.22
6a4db531-9f9e-496b-a86e-3d422ec5feed,40.4029301449187,-86.8861628147816,10,2714.51
2722571e-4f1d-44f8-adbb-bbb7443b4f43,40.405109,-86.863676,14,2273.51
7218f1c2-a821-475e-840c-a049d1a625b1,40.4424847779046,-86.9422477147779,72,4697.4
bc162fca-a6bc-4e4e-99d8-3f4648da05ea,40.3879721693976,-86.9017426313008,49,5972.71
f71ad2a5-ff13-4379-adc1-e257c3e59f53,40.3957626459457,-86.8959919748302,17,3037.73
20e15c6a-5b6f-40ca-9df9-888a18a65225,40.42001154702,-86.8924421221722,2,243.5
624d1f32-a356-47fb-b477-afd271f462cd,40.4347083231633,-86.9153253385619,52,7620.99
bc162fca-a6bc-4e4e-99d8-3f4648da05ea,40.3849332513471,-86.9110614541999,59,7122.42
5a3bff2c-b3f2-4911-8ef6-442c2d85d857,40.4320703704399,-86.8668792764472,19,3733.79
3c435a70-bd1f-4d17-86ca-139de51f22c9,40.4231292261558,-86.8942713376446,45,8500.81
007b678c-d15d-4e6a-8928-cab840ddf344,40.4240773115729,-86.9116714268878,55,7684.31
ff80a8f5-2afb-449a-8e43-76f253357b41,40.460373,-86.962164,43,4798.86
62c1143c-029a-4b43-9f4f-6d6f9c55bc76,40.4153091874796,-86.826818326461,55,7534.47
9e21239f-d54e-46e6-abcb-648b572ea90f,40.418249496843,-86.891552804858,20,4830.59
79dad13b-4042-4d5e-a786-240646d7578c,40.3782116102106,-86.8760349974653,14,2871.02
56fdf086-7941-45a1-afb3-b928148109a2,40.446097,-86.91917,26,2995.63
b8c15b96-4ecb-4c22-87aa-527ace63b880,40.3942385688161,-86.8484815245848,74,12413.17
f71ad2a5-ff13-4379-adc1-e257c3e59f53,40.405259007529,-86.8930482502608,10,1935.52
bb92f4e4-7c69-4f9a-a86b-ab4a6ebf37f7,40.4054074963152,-86.8280083863508,16,2811.48
6c20d044-6cfd-4f7b-af03-b2fd1fb8325b,40.4274636761822,-86.9057257119254,12,2461.28
26ecb9dd-aec2-4972-9d24-ee2ae9653374,40.4271588075478,-86.8470718609169,66,7476.09
b4417114-9ce7-42e9-936b-536f4ec21247,40.4249135995746,-86.854746158683,26,4559.51
f8091890-6a74-4783-b6f3-0328c8090a51,40.4344198303232,-86.9447521133071,33,4859.19
a0020965-2b60-4e70-a047-a1b071f6ff20,40.4333802103727,-86.9272575464089,6,299.89
9e21239f-d54e-46e6-abcb-648b572ea90f,40.402644,-86.885609,9,2655.8
bc162fca-a6bc-4e4e-99d8-3f4648da05ea,40.3709611035789,-86.8759913412032,21,2096.88
77ef10ae-585a-4bc9-adff-fc125f0932d2,40.420085,-86.884236,47,7655.96
55c5e2f3-e55e-4b4b-b0e1-0f46278e7d95,40.4368132660998,-86.915528127283,22,3652.25
12f97034-fc21-44ef-b9d2-1b478749ee65,40.4459002571828,-86.9443428962304,68,2145.04
5394dfa6-526f-417d-96b5-51e5d4ce396d,40.4312723269125,-86.9215555976215,62,3942.86
716a1134-702e-43b2-8984-fd6f12a926a3,40.4368312917251,-86.9061387721383,21,4818.86
cb61ff86-9f1a-46c0-9881-c76c0287240f,40.406955504832,-86.8976227580084,100,11404.91
62c1143c-029a-4b43-9f4f-6d6f9c55bc76,40.415370971628,-86.8242922300888,66,8086.34
12648a3c-ba8d-48be-8a85-8681ac0d9bff,40.456454,-86.948642,56,9427.71
56fdf086-7941-45a1-afb3-b928148109a2,40.4655909036799,-86.9276099436805,60,5754.54
76f6f48e-6195-424d-9f43-c18c77e27a27,40.3954456963598,-86.8812153696766,21,4614.21
d1a4f0a7-715f-4996-8eb3-283cae447608,40.4529672456933,-86.9608517034176,2,171.87
2713ba46-9e58-4dcd-8a32-2cb9dcf2490b,40.4219061387721,-86.8893776470052,20,3816.1
26ecb9dd-aec2-4972-9d24-ee2ae9653374,40.4321065802638,-86.8822697926921,90,11301.39
0b4c0e9d-9ceb-4424-84ef-0c222182a7ed,40.436737,-86.915429,28,4400.41
56fdf086-7941-45a1-afb3-b928148109a2,40.4474868558109,-86.9192247547034,28,3150.15
26ecb9dd-aec2-4972-9d24-ee2ae9653374,40.4270004431812,-86.8471715142334,65,7456.58
5a3bff2c-b3f2-4911-8ef6-442c2d85d857,40.4008856654695,-86.8386074506406,54,10520.82
9d713986-ad91-4d78-895f-ae03d84ed071,40.4662028551898,-86.9280333366098,56,5816
bc162fca-a6bc-4e4e-99d8-3f4648da05ea,40.383573,-86.89251,38,4724.13
77ef10ae-585a-4bc9-adff-fc125f0932d2,40.4219232734287,-86.8508909979649,24,3866.8
8893a0f4-c34d-4fc9-a9fb-8e833fee37ca,40.4251073554222,-86.8728243930831,16,2438.47
b4417114-9ce7-42e9-936b-536f4ec21247,40.4242548259655,-86.8606636478303,28,5138.54
6c20d044-6cfd-4f7b-af03-b2fd1fb8325b,40.4607431865181,-86.9267904416794,42,9154.75
bc162fca-a6bc-4e4e-99d8-3f4648da05ea,40.3874115876801,-86.9047346356353,52,6277.18
27d96cf3-940c-495a-ba0e-94d497c2f149,40.390889382449,-86.84287647457,15,1114.09
0e410d81-233b-4f4e-b644-b926ae73d696,40.4330453419921,-86.9226249717537,61,4129.52
f0bfdbab-3f2e-40c7-823b-27ed6dd81e54,40.427482534849,-86.8458808121418,58,7550.84
2a068c67-dc1e-4ead-a035-c4161cb0a07e,40.3999670565511,-86.8564894521682,19,1446.39
132fa334-e471-472b-921c-7d18439221cb,40.388000332594,-86.879344843587,0,0
007b678c-d15d-4e6a-8928-cab840ddf344,40.418450963067,-86.9065281348188,39,6643.76
7218f1c2-a821-475e-840c-a049d1a625b1,40.4311020929278,-86.93265509204,85,6212.44
106b7a4b-c510-4c36-84f3-e9ba6c6a9e1a,40.3942262091157,-86.8484883968062,37,5938.47
79dad13b-4042-4d5e-a786-240646d7578c,40.3650272110121,-86.8620861686519,2,272.4
f42d1f15-dd59-4025-b28f-99a130b2d962,40.425741697892,-86.8869985274672,17,3210.02
26ecb9dd-aec2-4972-9d24-ee2ae9653374,40.3932849409498,-86.8365284394038,20,2140.64
aacfedab-6f68-4a78-8641-b932f17dbff6,40.4264444366958,-86.9190764080928,3,832.92
fa1bfc2a-4aa5-4966-81d1-33a2a1ea14c6,40.4418362940452,-86.9107830173244,28,5984.47
b8c15b96-4ecb-4c22-87aa-527ace63b880,40.4114723450823,-86.8771829829921,16,2410.94
a793c083-222b-4293-9d4e-f7454bbd6855,40.4265084364648,-86.9223626257251,7,892.28
77ef10ae-585a-4bc9-adff-fc125f0932d2,40.4191133550191,-86.861701738962,38,5730.33
fa1bfc2a-4aa5-4966-81d1-33a2a1ea14c6,40.4200299334544,-86.893073731248,3,311.36
811f6866-bf6b-4d63-b690-9320b35cc663,40.4008856654695,-86.8386074506406,50,10532.94
7218f1c2-a821-475e-840c-a049d1a625b1,40.427387636772,-86.9306578154583,98,6666.44
d1a4f0a7-715f-4996-8eb3-283cae447608,40.4372198711504,-86.9620279592314,31,2064.07
27d96cf3-940c-495a-ba0e-94d497c2f149,40.3919087974256,-86.8715665753686,41,5788.12
79dad13b-4042-4d5e-a786-240646d7578c,40.3988812055427,-86.8940367003629,71,10084.26
d1a4f0a7-715f-4996-8eb3-283cae447608,40.4457441357968,-86.9620080136227,16,1107.21
79dad13b-4042-4d5e-a786-240646d7578c,40.384840690186,-86.9099689668398,47,7026.41
b8c15b96-4ecb-4c22-87aa-527ace63b880,40.4172766457365,-86.891884171479,4,596.01
106b7a4b-c510-4c36-84f3-e9ba6c6a9e1a,40.4172873745732,-86.886183135878,6,1077.43
7218f1c2-a821-475e-840c-a049d1a625b1,40.4460697893534,-86.9436220732617,63,4186.59
e335420d-ceb4-49cd-a60e-a8a967b18129,40.430362,-86.913149,0,0
f71ad2a5-ff13-4379-adc1-e257c3e59f53,40.3845818570007,-86.9021798313963,52,6465.26
624d1f32-a356-47fb-b477-afd271f462cd,40.445597,-86.921499,46,6286.53
12648a3c-ba8d-48be-8a85-8681ac0d9bff,40.4225909588392,-86.9055627091387,18,1444.19
56fdf086-7941-45a1-afb3-b928148109a2,40.436737,-86.915429,14,1640.43
70814020-a9b7-44ef-a20e-fb5aff6b77a5,40.4264444366958,-86.9190764080928,68,7610.33
76f6f48e-6195-424d-9f43-c18c77e27a27,40.417262,-86.893175,3,484.56
bb92f4e4-7c69-4f9a-a86b-ab4a6ebf37f7,40.4174742842379,-86.8711196240298,47,9598.3
f71ad2a5-ff13-4379-adc1-e257c3e59f53,40.383469154991,-86.8961369950847,59,7002.93
a793c083-222b-4293-9d4e-f7454bbd6855,40.4181220409691,-86.9061329036851,28,3089.69
de154292-7fe9-40e4-9e11-8776303bf1c6,40.4249135995746,-86.854746158683,35,4573.48
f71ad2a5-ff13-4379-adc1-e257c3e59f53,40.3834995855987,-86.8924259777323,65,7321.28
70814020-a9b7-44ef-a20e-fb5aff6b77a5,40.4313686178454,-86.9298188841491,51,4361.9
b2e6d44b-e65b-45c2-9323-7fe8ca8c9945,40.428627,-86.911277,10,2192.65
bc162fca-a6bc-4e4e-99d8-3f4648da05ea,40.3920424218203,-86.9137750216588,64,7950.04
b2e6d44b-e65b-45c2-9323-7fe8ca8c9945,40.4519294471699,-86.9030904414112,29,6211.45
e8ff9056-010e-480e-be87-5fbfd502f830,40.4530526237198,-86.9620177305764,8,274.03
c5e3979b-c192-42fb-860c-c4c246c5eec0,40.4174365620537,-86.8676410415924,14,2810.44
3081f37d-fdeb-4b5a-8813-07fa7cc93ba2,40.4313329273989,-86.9141614118166,28,1598.36
75965b70-7ad7-4945-be19-cfb16a1b3fa6,40.3929342605605,-86.8466270572701,11,722.16
f71ad2a5-ff13-4379-adc1-e257c3e59f53,40.3846381833934,-86.9037301482994,50,6333.55
a0020965-2b60-4e70-a047-a1b071f6ff20,40.4333319891507,-86.9236949162996,15,609.85
624d1f32-a356-47fb-b477-afd271f462cd,40.4263479523196,-86.9192270252577,58,8941.9
2713ba46-9e58-4dcd-8a32-2cb9dcf2490b,40.4291105526156,-86.8823033203067,12,2424.87
7426c1e2-6b00-4c5f-8636-b34180893ecb,40.3818467973406,-86.8693486807891,21,4471.06
12f97034-fc21-44ef-b9d2-1b478749ee65,40.4492049894143,-86.9405375306587,7,342.11
79dad13b-4042-4d5e-a786-240646d7578c,40.3830275167839,-86.8886333339592,26,4377
811f6866-bf6b-4d63-b690-9320b35cc663,40.4246188173681,-86.8906558755066,8,902.78
79dad13b-4042-4d5e-a786-240646d7578c,40.3936850637189,-86.9014719767893,64,9171.78
d1a4f0a7-715f-4996-8eb3-283cae447608,40.4461975068168,-86.9619004489512,14,1053.86
a9ab1807-2920-4cd6-b08d-3a8d7d8d9820,40.4173071020559,-86.8837213440157,10,1453.81
75965b70-7ad7-4945-be19-cfb16a1b3fa6,40.4046903791839,-86.8741681798797,57,8272.13
75965b70-7ad7-4945-be19-cfb16a1b3fa6,40.4018700362367,-86.8699973446129,56,7800.14
cb61ff86-9f1a-46c0-9881-c76c0287240f,40.3671581428785,-86.8706020371233,13,1214.77
b8c15b96-4ecb-4c22-87aa-527ace63b880,40.4132157810459,-86.8771749363646,14,2216.83
70814020-a9b7-44ef-a20e-fb5aff6b77a5,40.4482341231829,-86.9452678857133,95,11634.26
0e410d81-233b-4f4e-b644-b926ae73d696,40.4343826670662,-86.9257017208332,46,3548.56
26ecb9dd-aec2-4972-9d24-ee2ae9653374,40.4248015835763,-86.8869864575259,97,12540.46
de154292-7fe9-40e4-9e11-8776303bf1c6,40.4240728376715,-86.8508321574658,30,4111.49
6c20d044-6cfd-4f7b-af03-b2fd1fb8325b,40.437910880918,-86.9063546899768,28,5423.23
7426c1e2-6b00-4c5f-8636-b34180893ecb,40.393763751552,-86.8490924729142,5,401.4
12648a3c-ba8d-48be-8a85-8681ac0d9bff,40.420623032536,-86.9010317939536,14,996.5
79dad13b-4042-4d5e-a786-240646d7578c,40.3956549830237,-86.8960138961764,68,9685.59
f42d1f15-dd59-4025-b28f-99a130b2d962,40.4219061387721,-86.8893776470052,21,3846.84
9d713986-ad91-4d78-895f-ae03d84ed071,40.4650396882545,-86.9267157940419,48,5636.63
8893a0f4-c34d-4fc9-a9fb-8e833fee37ca,40.4246902718955,-86.880657784978,12,1737.23
75965b70-7ad7-4945-be19-cfb16a1b3fa6,40.39185,-86.84846,3,121.87
b8c15b96-4ecb-4c22-87aa-527ace63b880,40.3819472642393,-86.8491501319136,64,10089.49
3081f37d-fdeb-4b5a-8813-07fa7cc93ba2,40.4313617530987,-86.917248462887,24,1332.98
b8c15b96-4ecb-4c22-87aa-527ace63b880,40.3854503026687,-86.8414272413283,67,10947.21
2713ba46-9e58-4dcd-8a32-2cb9dcf2490b,40.4397723340852,-86.8794507908494,5,1117.55
6c20d044-6cfd-4f7b-af03-b2fd1fb8325b,40.4332290848034,-86.9150705286902,19,3583.88
b4417114-9ce7-42e9-936b-536f4ec21247,40.4178291220175,-86.829524334294,8,1626.56
5a3bff2c-b3f2-4911-8ef6-442c2d85d857,40.4055442490252,-86.8345357971844,44,9591.92
6a4db531-9f9e-496b-a86e-3d422ec5feed,40.3880419068362,-86.8762589619314,2,261.22
6a4db531-9f9e-496b-a86e-3d422ec5feed,40.409628,-86.886396,13,3459.06
7261420d-8225-42cc-8837-046368279776,40.4195645701626,-86.900679135363,51,9664.26
cb61ff86-9f1a-46c0-9881-c76c0287240f,40.3671198963093,-86.873330998357,17,1449.07
0e410d81-233b-4f4e-b644-b926ae73d696,40.4331311492508,-86.9227377034001,21,2737.93
811f6866-bf6b-4d63-b690-9320b35cc663,40.432046,-86.870901,17,3410.49
f71ad2a5-ff13-4379-adc1-e257c3e59f53,40.3930361803196,-86.9093386476838,28,4285.65
75965b70-7ad7-4945-be19-cfb16a1b3fa6,40.418249496843,-86.891552804858,74,10966.05
27d96cf3-940c-495a-ba0e-94d497c2f149,40.4064487633603,-86.8767809890334,60,8568.31
3c435a70-bd1f-4d17-86ca-139de51f22c9,40.435305,-86.905928,25,4999.87
e8ff9056-010e-480e-be87-5fbfd502f830,40.4244589021843,-86.9411632105565,47,4366.39
624d1f32-a356-47fb-b477-afd271f462cd,40.4774930230033,-86.9389514267291,11,988.92
7218f1c2-a821-475e-840c-a049d1a625b1,40.4592908003211,-86.932430694589,13,619.1
62c1143c-029a-4b43-9f4f-6d6f9c55bc76,40.4171168486267,-86.8250435147098,70,8296.75
de154292-7fe9-40e4-9e11-8776303bf1c6,40.4248080633468,-86.8504738707944,33,4202.61
b8c15b96-4ecb-4c22-87aa-527ace63b880,40.3817980845518,-86.8608521081851,61,9098.83
ff80a8f5-2afb-449a-8e43-76f253357b41,40.4684977647601,-86.9553992350762,31,3145.49
a0020965-2b60-4e70-a047-a1b071f6ff20,40.431309503232,-86.9157237177612,28,1460.4
bb92f4e4-7c69-4f9a-a86b-ab4a6ebf37f7,40.40707,-86.830272,20,3128.65
7110f3dc-2167-4bfb-8a75-b40c6791c80c,40.4174742842379,-86.8711196240298,54,8636.91
7218f1c2-a821-475e-840c-a049d1a625b1,40.4505145698158,-86.9251561259374,32,1787.53
55c5e2f3-e55e-4b4b-b0e1-0f46278e7d95,40.4240849174418,-86.9125352833946,8,1241.34
7218f1c2-a821-475e-840c-a049d1a625b1,40.4461383555791,-86.9268890050599,53,2768.95
5001d1c6-c1ea-4d03-b8eb-45705b3c0f70,40.4191194255511,-86.9245668127976,26,2449.21
2722571e-4f1d-44f8-adbb-bbb7443b4f43,40.4182816806676,-86.8866477638866,26,4852.83
fa1bfc2a-4aa5-4966-81d1-33a2a1ea14c6,40.4307788867223,-86.9082550351772,21,4406.12
77ef10ae-585a-4bc9-adff-fc125f0932d2,40.4154004404188,-86.8134630807318,1,28.53
6c20d044-6cfd-4f7b-af03-b2fd1fb8325b,40.4237783207761,-86.8930442269471,4,729.99
3c435a70-bd1f-4d17-86ca-139de51f22c9,40.4574623557387,-86.9332884964216,1,72.15
d1a4f0a7-715f-4996-8eb3-283cae447608,40.427223753515,-86.9444825793444,37,3948.39
12f97034-fc21-44ef-b9d2-1b478749ee65,40.4489647719003,-86.9413321307861,29,805.19
aacfedab-6f68-4a78-8641-b932f17dbff6,40.4240813101271,-86.9118721362696,0,0
6a4db531-9f9e-496b-a86e-3d422ec5feed,40.4027082266038,-86.8765486405223,5,1891.15
7218f1c2-a821-475e-840c-a049d1a625b1,40.454984135055,-86.9296961471978,19,1152.23
26ecb9dd-aec2-4972-9d24-ee2ae9653374,40.4321763177023,-86.887226515247,92,11720.73
f71ad2a5-ff13-4379-adc1-e257c3e59f53,40.367103,-86.874180249821,90,10512.82
55c5e2f3-e55e-4b4b-b0e1-0f46278e7d95,40.4706658850551,-86.9455885145196,60,8420.91
f42d1f15-dd59-4025-b28f-99a130b2d962,40.4303054768029,-86.882322095771,12,2323.17
b4417114-9ce7-42e9-936b-536f4ec21247,40.4153883704775,-86.8134872206144,1,26.46
3c435a70-bd1f-4d17-86ca-139de51f22c9,40.4253395229477,-86.9004174425009,40,7682.31
f71ad2a5-ff13-4379-adc1-e257c3e59f53,40.3953925010796,-86.8968288240927,19,3119.97
716a1134-702e-43b2-8984-fd6f12a926a3,40.4603784060704,-86.9158108184225,9,1932.28
b2e6d44b-e65b-45c2-9323-7fe8ca8c9945,40.430362,-86.913149,9,1943.17
624d1f32-a356-47fb-b477-afd271f462cd,40.4616733581651,-86.9246160182664,34,3975.98
bc162fca-a6bc-4e4e-99d8-3f4648da05ea,40.4098348563811,-86.8946039315822,95,11829.83
ed975a1b-9d65-44e7-b9a1-fd5ab53a748b,40.4574747648632,-86.9341416475481,24,5918.99
5394dfa6-526f-417d-96b5-51e5d4ce396d,40.4312912139508,-86.9155165683126,71,4473.44
cb61ff86-9f1a-46c0-9881-c76c0287240f,40.3679320435483,-86.8758123741038,20,1757.75
79dad13b-4042-4d5e-a786-240646d7578c,40.4131715245945,-86.894162708173,90,12205.79
70814020-a9b7-44ef-a20e-fb5aff6b77a5,40.448114184616,-86.945532364817,35,1845.52
f0bfdbab-3f2e-40c7-823b-27ed6dd81e54,40.4321843643298,-86.8685073774163,68,10104.81
811f6866-bf6b-4d63-b690-9320b35cc663,40.4246849074772,-86.8868644170084,9,1223.59
75965b70-7ad7-4945-be19-cfb16a1b3fa6,40.397376,-86.871622,53,7211.88
79dad13b-4042-4d5e-a786-240646d7578c,40.3847347429237,-86.9047239067986,43,6581.35
7e415f9d-0dfe-4239-b4f5-b467213b6c43,40.4201916888048,-86.8956372351856,50,10925.05
9e21239f-d54e-46e6-abcb-648b572ea90f,40.412688261347,-86.886525166174,14,3799.02
26ecb9dd-aec2-4972-9d24-ee2ae9653374,40.3931395378552,-86.836695110485,19,2119.19
6c20d044-6cfd-4f7b-af03-b2fd1fb8325b,40.425364847503,-86.899834239473,9,1908.63
2722571e-4f1d-44f8-adbb-bbb7443b4f43,40.3921027715267,-86.8481601386166,3,157.82
7afb54ae-31a1-4536-b273-c1a67b17e963,40.4030153395543,-86.8278920249875,35,8561.11
26ecb9dd-aec2-4972-9d24-ee2ae9653374,40.414271,-86.838761,47,5389.11
2a068c67-dc1e-4ead-a035-c4161cb0a07e,40.409462,-86.86967,26,2981.91
5a3bff2c-b3f2-4911-8ef6-442c2d85d857,40.3942535410942,-86.8484821203682,66,12864.08
de154292-7fe9-40e4-9e11-8776303bf1c6,40.4169648509049,-86.8139562989393,6,238.7
b4417114-9ce7-42e9-936b-536f4ec21247,40.4240505650074,-86.8507028729142,21,4095.3
624d1f32-a356-47fb-b477-afd271f462cd,40.4678015401127,-86.9349685787179,20,2405.41
7218f1c2-a821-475e-840c-a049d1a625b1,40.4460715023322,-86.9366153738866,56,3591.75
9d713986-ad91-4d78-895f-ae03d84ed071,40.4678589696935,-86.9317457420827,75,6490.73
a9ab1807-2920-4cd6-b08d-3a8d7d8d9820,40.4172873745732,-86.886183135878,9,1245.53
12648a3c-ba8d-48be-8a85-8681ac0d9bff,40.4183244442474,-86.8978605528738,6,598.84
bc162fca-a6bc-4e4e-99d8-3f4648da05ea,40.3876301877278,-86.9122099526054,62,7442.18
9d713986-ad91-4d78-895f-ae03d84ed071,40.4648024842656,-86.9245277129466,45,5436.3
9d713986-ad91-4d78-895f-ae03d84ed071,40.4340002199411,-86.9151375839196,8,1336.14
75965b70-7ad7-4945-be19-cfb16a1b3fa6,40.3918880402065,-86.8719866574125,41,5822.62
62c1143c-029a-4b43-9f4f-6d6f9c55bc76,40.4175075558319,-86.8499479656778,36,5317.63
26ecb9dd-aec2-4972-9d24-ee2ae9653374,40.402934873279,-86.8367071054403,32,3508.43
007b678c-d15d-4e6a-8928-cab840ddf344,40.424234,-86.918942,60,8300.11
77ef10ae-585a-4bc9-adff-fc125f0932d2,40.416770022929,-86.8141301612393,5,216.73
a793c083-222b-4293-9d4e-f7454bbd6855,40.44603,-86.88027,71,8564.54
5a3bff2c-b3f2-4911-8ef6-442c2d85d857,40.40627958812,-86.8381166063617,42,9189.58
bb92f4e4-7c69-4f9a-a86b-ab4a6ebf37f7,40.40629,-86.85038,35,5640.36
26ecb9dd-aec2-4972-9d24-ee2ae9653374,40.421445439706,-86.8463504953857,55,6816.58
2713ba46-9e58-4dcd-8a32-2cb9dcf2490b,40.4435234036162,-86.8696567040477,1,189.42
811f6866-bf6b-4d63-b690-9320b35cc663,40.4251542940828,-86.8472146598825,31,6458.55
76f6f48e-6195-424d-9f43-c18c77e27a27,40.402577068326,-86.8768649531078,16,3454.02
9d713986-ad91-4d78-895f-ae03d84ed071,40.4683780678582,-86.9387050143954,79,7146.49
811f6866-bf6b-4d63-b690-9320b35cc663,40.394242,-86.848522,60,12873.22
d1a4f0a7-715f-4996-8eb3-283cae447608,40.4528551288998,-86.9623029935604,9,311.49
79dad13b-4042-4d5e-a786-240646d7578c,40.384746812865,-86.9066443685677,44,6743.91
42719558-c2a4-467d-8614-840defe90744,40.4578840577881,-86.9313795184748,30,2634.16
ff80a8f5-2afb-449a-8e43-76f253357b41,40.4679402724118,-86.9433764195827,15,1774.26
f0bfdbab-3f2e-40c7-823b-27ed6dd81e54,40.3914981439804,-86.8489876794887,2,62.91
7110f3dc-2167-4bfb-8a75-b40c6791c80c,40.4067406344251,-86.857643013177,47,6321.46
bc162fca-a6bc-4e4e-99d8-3f4648da05ea,40.3848165503035,-86.8951162335346,42,5072.52
f71ad2a5-ff13-4379-adc1-e257c3e59f53,40.4207112145848,-86.8948077794795,0,0
a793c083-222b-4293-9d4e-f7454bbd6855,40.4227671279172,-86.9103860503665,19,2254.3
ff80a8f5-2afb-449a-8e43-76f253357b41,40.4599739573844,-86.933890263603,7,411.32
106b7a4b-c510-4c36-84f3-e9ba6c6a9e1a,40.3987454542687,-86.8533177257437,22,4789.99
8893a0f4-c34d-4fc9-a9fb-8e833fee37ca,40.4319121200986,-86.8663039425793,21,3495.26
bb92f4e4-7c69-4f9a-a86b-ab4a6ebf37f7,40.4175958286283,-86.8578992401301,43,8479.61
75965b70-7ad7-4945-be19-cfb16a1b3fa6,40.388794,-86.870999,37,5404.7
624d1f32-a356-47fb-b477-afd271f462cd,40.46512840986,-86.9270275060152,31,3422.59
27d96cf3-940c-495a-ba0e-94d497c2f149,40.3934665498085,-86.8724353259258,47,6046.03
cb61ff86-9f1a-46c0-9881-c76c0287240f,40.4054776075767,-86.8975758193478,99,11240.64
7261420d-8225-42cc-8837-046368279776,40.446453,-86.922233,16,2282.74
56fdf086-7941-45a1-afb3-b928148109a2,40.4604923999603,-86.9244408264423,46,4963.85
c5ec81b9-e850-475e-af29-7b3b1d08551d,40.4713080038034,-86.8887047405018,10,421.13
5001d1c6-c1ea-4d03-b8eb-45705b3c0f70,40.4207209743292,-86.922500836322,19,2044.71
79dad13b-4042-4d5e-a786-240646d7578c,40.3942657268958,-86.900329944732,66,9288.18
9d713986-ad91-4d78-895f-ae03d84ed071,40.4280846076062,-86.9104423767592,3,544.21
f0bfdbab-3f2e-40c7-823b-27ed6dd81e54,40.3937366576139,-86.8490951894938,8,432.8
a793c083-222b-4293-9d4e-f7454bbd6855,40.4218241681135,-86.9043568625006,36,3540.21
75965b70-7ad7-4945-be19-cfb16a1b3fa6,40.3831292220866,-86.8434725212102,20,2276.63
3c435a70-bd1f-4d17-86ca-139de51f22c9,40.4308808106709,-86.9057552162263,27,5491.72
bc162fca-a6bc-4e4e-99d8-3f4648da05ea,40.3847162886609,-86.9046612155211,53,6576.75
f42d1f15-dd59-4025-b28f-99a130b2d962,40.4218900455171,-86.8869100145644,20,3638.08
55c5e2f3-e55e-4b4b-b0e1-0f46278e7d95,40.441777986341,-86.9189206057204,26,4277.74
7218f1c2-a821-475e-840c-a049d1a625b1,40.418197905112,-86.8983068305673,140,10009.61
12648a3c-ba8d-48be-8a85-8681ac0d9bff,40.4392613732375,-86.9383547865364,34,5439.4
12648a3c-ba8d-48be-8a85-8681ac0d9bff,40.4201789027326,-86.8942567481763,1,75.31
62c1143c-029a-4b43-9f4f-6d6f9c55bc76,40.4243120804019,-86.850668004195,26,4511.76
811f6866-bf6b-4d63-b690-9320b35cc663,40.4231493243834,-86.8471485164753,32,6681.41
2090d1c1-77f9-4733-97f2-b4e97249c6ab,40.4490420489932,-86.8778012322069,3,886.42
e585597e-0bea-47a2-b2ad-5525a03f22ee,40.4240813101271,-86.9118721362696,0,0
70814020-a9b7-44ef-a20e-fb5aff6b77a5,40.4486021666886,-86.9409364128671,19,843.61
9d713986-ad91-4d78-895f-ae03d84ed071,40.460355,-86.924485,36,4936.07
f0bfdbab-3f2e-40c7-823b-27ed6dd81e54,40.3929785932582,-86.8481908910138,6,318.83
7426c1e2-6b00-4c5f-8636-b34180893ecb,40.3927697175246,-86.8720347772452,32,5833.84
12648a3c-ba8d-48be-8a85-8681ac0d9bff,40.4584026451172,-86.9446140949745,57,9831.28
12648a3c-ba8d-48be-8a85-8681ac0d9bff,40.4578615289879,-86.9341455759103,68,10866.89
f71ad2a5-ff13-4379-adc1-e257c3e59f53,40.3837597598886,-86.9000595450437,56,6667.36
e585597e-0bea-47a2-b2ad-5525a03f22ee,40.4337883899687,-86.9268292164848,25,2346.25
3c435a70-bd1f-4d17-86ca-139de51f22c9,40.46057,-86.92061,8,1532.46
20e15c6a-5b6f-40ca-9df9-888a18a65225,40.4200124990948,-86.89084079211,3,378.97
7110f3dc-2167-4bfb-8a75-b40c6791c80c,40.3991663693885,-86.8085224514319,9,512.79
b8c15b96-4ecb-4c22-87aa-527ace63b880,40.3919940942884,-86.8723201744985,41,6125.23
5001d1c6-c1ea-4d03-b8eb-45705b3c0f70,40.4315223494751,-86.919277889,7,573.44
70814020-a9b7-44ef-a20e-fb5aff6b77a5,40.4481488842638,-86.9408408468673,20,894.62
77ef10ae-585a-4bc9-adff-fc125f0932d2,40.4242405473652,-86.8506417476912,29,4132.12
7218f1c2-a821-475e-840c-a049d1a625b1,40.4557949688673,-86.9303167221097,17,1047.91
0e410d81-233b-4f4e-b644-b926ae73d696,40.4332438369539,-86.9261467114774,29,3036.71
b8c15b96-4ecb-4c22-87aa-527ace63b880,40.4015884042733,-86.8697277825909,26,3784.25
bc162fca-a6bc-4e4e-99d8-3f4648da05ea,40.3830525645049,-86.8888753181728,36,4408.42
7afb54ae-31a1-4536-b273-c1a67b17e963,40.4043408204055,-86.8278866292128,34,8413.82
007b678c-d15d-4e6a-8928-cab840ddf344,40.4185469199341,-86.91007954784,42,6944.59
33ace3e0-53ff-4dc0-a898-bd50817a1644,40.4307,-86.8707,13,1935.66
c5ec81b9-e850-475e-af29-7b3b1d08551d,40.4723968509407,-86.8884383531209,7,296.14
bc162fca-a6bc-4e4e-99d8-3f4648da05ea,40.3879371071331,-86.8973592346572,47,5601.1
811f6866-bf6b-4d63-b690-9320b35cc663,40.39168,-86.84966,67,13315.89
5a3bff2c-b3f2-4911-8ef6-442c2d85d857,40.3925316531316,-86.8494245131389,71,13183.4
811f6866-bf6b-4d63-b690-9320b35cc663,40.4030341150185,-86.8386074506406,49,10294.2
33ace3e0-53ff-4dc0-a898-bd50817a1644,40.4264658943692,-86.8774230407132,18,2726.47
55c5e2f3-e55e-4b4b-b0e1-0f46278e7d95,40.42497,-86.908061,4,753.08
a793c083-222b-4293-9d4e-f7454bbd6855,40.4254082285482,-86.9221629969004,11,1017.27
9d713986-ad91-4d78-895f-ae03d84ed071,40.4607768113036,-86.9243538189669,39,4986.18
26ecb9dd-aec2-4972-9d24-ee2ae9653374,40.4322030487155,-86.8449254702539,77,8140.65
cb61ff86-9f1a-46c0-9881-c76c0287240f,40.3829671670775,-86.8885153167555,43,4384.52
42719558-c2a4-467d-8614-840defe90744,40.4668662096006,-86.9464762076198,16,742.9
de154292-7fe9-40e4-9e11-8776303bf1c6,40.4200787230275,-86.885749563016,58,7857.88
77ef10ae-585a-4bc9-adff-fc125f0932d2,40.424067332013,-86.8508532602195,28,4105.84
a793c083-222b-4293-9d4e-f7454bbd6855,40.4182238022397,-86.9059495957648,29,3108.88
70814020-a9b7-44ef-a20e-fb5aff6b77a5,40.4482497316108,-86.9446525669824,32,1767.9
55c5e2f3-e55e-4b4b-b0e1-0f46278e7d95,40.4245414092864,-86.9190750669882,11,1819.12
79dad13b-4042-4d5e-a786-240646d7578c,40.3849037221017,-86.9110646492877,50,7120.22
2a068c67-dc1e-4ead-a035-c4161cb0a07e,40.4181941755501,-86.8796394838976,32,4267.74
ae80f7da-68bb-4e11-82d9-4e434fd30733,40.4264270023362,-86.8822107840902,15,2105.73
b8c15b96-4ecb-4c22-87aa-527ace63b880,40.39441,-86.876543,34,5488.97
a9ab1807-2920-4cd6-b08d-3a8d7d8d9820,40.3998100995904,-86.8079739396556,48,13643.33
27d96cf3-940c-495a-ba0e-94d497c2f149,40.4081598842922,-86.8767878979474,61,8758.45
5001d1c6-c1ea-4d03-b8eb-45705b3c0f70,40.4195505295617,-86.9246762037315,23,2383.26
5394dfa6-526f-417d-96b5-51e5d4ce396d,40.4242699993876,-86.9283352883399,43,2513.74
12648a3c-ba8d-48be-8a85-8681ac0d9bff,40.427222,-86.930559,27,3928.04
a793c083-222b-4293-9d4e-f7454bbd6855,40.42041,-86.905211,33,3366.88
27d96cf3-940c-495a-ba0e-94d497c2f149,40.3829249412734,-86.8435612068967,21,2300.54
7e415f9d-0dfe-4239-b4f5-b467213b6c43,40.4175207201523,-86.8673166719923,35,8282.01
27d96cf3-940c-495a-ba0e-94d497c2f149,40.3954027973626,-86.8764257204467,52,6595.84
56fdf086-7941-45a1-afb3-b928148109a2,40.4780860688932,-86.9345753356244,89,8579.01
cb61ff86-9f1a-46c0-9881-c76c0287240f,40.4051530602666,-86.8929423029984,92,10803.91
de154292-7fe9-40e4-9e11-8776303bf1c6,40.4178291220175,-86.829524334294,11,1629.03
b2e6d44b-e65b-45c2-9323-7fe8ca8c9945,40.426666,-86.909025,11,2482.08
9d713986-ad91-4d78-895f-ae03d84ed071,40.465321750301,-86.9291098694511,64,5963.33
12f97034-fc21-44ef-b9d2-1b478749ee65,40.4313283365371,-86.9152636945551,102,5646.94
c5e3979b-c192-42fb-860c-c4c246c5eec0,40.4029248919664,-86.8412929930732,28,7590.31
79dad13b-4042-4d5e-a786-240646d7578c,40.385416024054,-86.9113918788071,52,7183.75
56fdf086-7941-45a1-afb3-b928148109a2,40.4265181974481,-86.9103069251959,2,368.39
5a3bff2c-b3f2-4911-8ef6-442c2d85d857,40.4039455324197,-86.8344405672684,48,9826.41
e8ff9056-010e-480e-be87-5fbfd502f830,40.4241426895344,-86.9410358277277,49,4408.61
a793c083-222b-4293-9d4e-f7454bbd6855,40.4240934887021,-86.9172436713025,16,1538.39
f42d1f15-dd59-4025-b28f-99a130b2d962,40.4212919128711,-86.8942592677032,25,4320.33
7218f1c2-a821-475e-840c-a049d1a625b1,40.4602821726058,-86.9332292830213,12,489.89
0b4c0e9d-9ceb-4424-84ef-0c222182a7ed,40.4326757830254,-86.915028344868,26,3947.84
716a1134-702e-43b2-8984-fd6f12a926a3,40.4314023922354,-86.9142683461303,29,6239.93
7218f1c2-a821-475e-840c-a049d1a625b1,40.450556,-86.925226,31,1780.04
75965b70-7ad7-4945-be19-cfb16a1b3fa6,40.4064487633603,-86.8767809890334,59,8567.18
b4417114-9ce7-42e9-936b-536f4ec21247,40.4200690691061,-86.8881568576724,43,8053.18
a9ab1807-2920-4cd6-b08d-3a8d7d8d9820,40.4209356245713,-86.8943150110876,4,154.9
0e410d81-233b-4f4e-b644-b926ae73d696,40.4334115917227,-86.9245056655608,58,3964.47
ed975a1b-9d65-44e7-b9a1-fd5ab53a748b,40.467406,-86.94749,13,3923.21
9e21239f-d54e-46e6-abcb-648b572ea90f,40.4182838152816,-86.8867115310855,17,4421.01
2a068c67-dc1e-4ead-a035-c4161cb0a07e,40.3932198865583,-86.8484939885958,7,352.16
007b678c-d15d-4e6a-8928-cab840ddf344,40.4182605277237,-86.8905096020985,18,4824.12
12f97034-fc21-44ef-b9d2-1b478749ee65,40.448048290494,-86.9444165792714,56,1758.79
c5e3979b-c192-42fb-860c-c4c246c5eec0,40.401044,-86.804833,48,12374.59
cb61ff86-9f1a-46c0-9881-c76c0287240f,40.4076555614266,-86.8974806009221,102,11486.38
2a068c67-dc1e-4ead-a035-c4161cb0a07e,40.405109,-86.863676,23,2281.02
7218f1c2-a821-475e-840c-a049d1a625b1,40.4198180389296,-86.900679135363,133,9726.38
75965b70-7ad7-4945-be19-cfb16a1b3fa6,40.3954027973626,-86.8764257204467,51,6594.71
106b7a4b-c510-4c36-84f3-e9ba6c6a9e1a,40.3932896490866,-86.848649641791,40,6090.83
5394dfa6-526f-417d-96b5-51e5d4ce396d,40.4285587875231,-86.9111220314213,80,4998.08
7261420d-8225-42cc-8837-046368279776,40.4392412566686,-86.9384674393217,27,5110.72
0e410d81-233b-4f4e-b644-b926ae73d696,40.433306949146,-86.9253112843992,56,3894.02
70814020-a9b7-44ef-a20e-fb5aff6b77a5,40.4455723869588,-86.9441487577221,37,2151.26
a793c083-222b-4293-9d4e-f7454bbd6855,40.4258893111768,-86.9223432612118,9,961.49
33ace3e0-53ff-4dc0-a898-bd50817a1644,40.4264739409968,-86.8915019566716,27,4070.27
26ecb9dd-aec2-4972-9d24-ee2ae9653374,40.418453,-86.838863,49,5853.9
bc162fca-a6bc-4e4e-99d8-3f4648da05ea,40.3641107652557,-86.8606189527361,3,129.49
ae80f7da-68bb-4e11-82d9-4e434fd30733,40.427681,-86.882416,13,1952.67
27d96cf3-940c-495a-ba0e-94d497c2f149,40.3831292220866,-86.8434725212102,20,2276.63
7afb54ae-31a1-4536-b273-c1a67b17e963,40.3996022283794,-86.8079967384336,39,10705.23
f0bfdbab-3f2e-40c7-823b-27ed6dd81e54,40.3962100179581,-86.8383402053748,29,2598.77
de154292-7fe9-40e4-9e11-8776303bf1c6,40.4215761127896,-86.8501822352569,23,3795.25
0e410d81-233b-4f4e-b644-b926ae73d696,40.4165685425144,-86.9298910754854,0,0
75965b70-7ad7-4945-be19-cfb16a1b3fa6,40.3880349160025,-86.8699343738947,34,5229.69
26ecb9dd-aec2-4972-9d24-ee2ae9653374,40.39185,-86.84846,3,122.27
e585597e-0bea-47a2-b2ad-5525a03f22ee,40.4328661241118,-86.9214783175028,7,1777.72
cb61ff86-9f1a-46c0-9881-c76c0287240f,40.378587537884,-86.8761166652199,31,2945.72
33ace3e0-53ff-4dc0-a898-bd50817a1644,40.4327570159886,-86.8655529240103,8,1343.87
7261420d-8225-42cc-8837-046368279776,40.4239070668165,-86.908352935812,41,8827.44
cb61ff86-9f1a-46c0-9881-c76c0287240f,40.365249,-86.860616,0,0
e585597e-0bea-47a2-b2ad-5525a03f22ee,40.4355649624565,-86.9247815458198,32,2623.54
ff80a8f5-2afb-449a-8e43-76f253357b41,40.4576474319861,-86.9327649574359,4,127.78
132fa334-e471-472b-921c-7d18439221cb,40.402644,-86.885609,9,2655.8
5394dfa6-526f-417d-96b5-51e5d4ce396d,40.4238954008957,-86.9081000788159,9,402.28
f71ad2a5-ff13-4379-adc1-e257c3e59f53,40.3661416689242,-86.8628264583842,95,11576.14
007b678c-d15d-4e6a-8928-cab840ddf344,40.4195851215054,-86.9102260505232,45,7078.55
6c20d044-6cfd-4f7b-af03-b2fd1fb8325b,40.4308137554415,-86.9104289657133,22,4233.24
62c1143c-029a-4b43-9f4f-6d6f9c55bc76,40.42001154702,-86.8924421221722,2,244.35
cb61ff86-9f1a-46c0-9881-c76c0287240f,40.3879721693976,-86.9017426313008,59,5981.47
79dad13b-4042-4d5e-a786-240646d7578c,40.3835907807106,-86.8947849807015,31,4908.44
70814020-a9b7-44ef-a20e-fb5aff6b77a5,40.4469873880879,-86.9405905703839,22,1031.72
5001d1c6-c1ea-4d03-b8eb-45705b3c0f70,40.4206938319847,-86.9225502012364,35,2766.42
ed975a1b-9d65-44e7-b9a1-fd5ab53a748b,40.464537432812,-86.9619693961562,9,2399.38
811f6866-bf6b-4d63-b690-9320b35cc663,40.4031548144314,-86.8343360325298,47,9932.34
2a068c67-dc1e-4ead-a035-c4161cb0a07e,40.397305742006,-86.8527253567808,15,1010.15
42719558-c2a4-467d-8614-840defe90744,40.4686300166816,-86.9472516336506,10,484.74
a0020965-2b60-4e70-a047-a1b071f6ff20,40.430848023256,-86.9136723742672,33,1668.55
a793c083-222b-4293-9d4e-f7454bbd6855,40.42558,-86.886886,61,6151.07
20e15c6a-5b6f-40ca-9df9-888a18a65225,40.4332344492217,-86.8652431288506,24,4016.68
0e410d81-233b-4f4e-b644-b926ae73d696,40.4242094618846,-86.9216979352197,7,1632.67
b2e6d44b-e65b-45c2-9323-7fe8ca8c9945,40.4737201358978,-86.8935990206961,43,9165.53
bb92f4e4-7c69-4f9a-a86b-ab4a6ebf37f7,40.4030072929268,-86.8410469198851,32,4488.12
79dad13b-4042-4d5e-a786-240646d7578c,40.3707078723254,-86.8759191286687,11,2037.07
42719558-c2a4-467d-8614-840defe90744,40.4668662096006,-86.9462647277932,17,760.78
a793c083-222b-4293-9d4e-f7454bbd6855,40.4219026905496,-86.9040545444815,38,3567.73
b4417114-9ce7-42e9-936b-536f4ec21247,40.4191133550191,-86.861701738962,32,5794.91
132fa334-e471-472b-921c-7d18439221cb,40.3880459301499,-86.8762656674544,2,260.66
811f6866-bf6b-4d63-b690-9320b35cc663,40.3889747961235,-86.8387603751526,56,11859.25
b8c15b96-4ecb-4c22-87aa-527ace63b880,40.3923380906635,-86.8721450708462,39,6083.73
cb61ff86-9f1a-46c0-9881-c76c0287240f,40.3676796848382,-86.8759139282202,19,1728.42
7e415f9d-0dfe-4239-b4f5-b467213b6c43,40.4173913530442,-86.8783715175776,38,9217.36
b4417114-9ce7-42e9-936b-536f4ec21247,40.4189798485625,-86.8734453245071,36,6788.54
b4417114-9ce7-42e9-936b-536f4ec21247,40.4176441083934,-86.8164698372167,6,521.91
7e415f9d-0dfe-4239-b4f5-b467213b6c43,40.3992565691021,-86.809120662285,9,566.35
aacfedab-6f68-4a78-8641-b932f17dbff6,40.4729395166855,-86.8927767237928,40,9250.73
c5ec81b9-e850-475e-af29-7b3b1d08551d,40.4707421879681,-86.8983877329117,27,1834.14
f71ad2a5-ff13-4379-adc1-e257c3e59f53,40.3661510566563,-86.860613635815,97,11763.51
fa1bfc2a-4aa5-4966-81d1-33a2a1ea14c6,40.4203422390764,-86.8954882762076,1,70.68
12648a3c-ba8d-48be-8a85-8681ac0d9bff,40.4531448093284,-86.9483981190344,54,8925.64
7426c1e2-6b00-4c5f-8636-b34180893ecb,40.3880349160025,-86.8699343738947,25,5166.43
79dad13b-4042-4d5e-a786-240646d7578c,40.3652578810011,-86.8623637773015,3,307.18
27d96cf3-940c-495a-ba0e-94d497c2f149,40.395135238301,-86.876390727853,51,6565.96
26ecb9dd-aec2-4972-9d24-ee2ae9653374,40.4064157004464,-86.8348438399349,42,4198.19
5a3bff2c-b3f2-4911-8ef6-442c2d85d857,40.3889666851337,-86.8387420685706,60,11848.74
2a068c67-dc1e-4ead-a035-c4161cb0a07e,40.3945328842671,-86.8487579553623,12,553.69
79dad13b-4042-4d5e-a786-240646d7578c,40.367241,-86.8686066191558,7,1042.83
79dad13b-4042-4d5e-a786-240646d7578c,40.4075294975954,-86.8976026414396,83,11461.23
c5ec81b9-e850-475e-af29-7b3b1d08551d,40.4708035075731,-86.8894633932748,12,507.31
12f97034-fc21-44ef-b9d2-1b478749ee65,40.446763765482,-86.944753917205,48,1566.04
f0bfdbab-3f2e-40c7-823b-27ed6dd81e54,40.432191,-86.870874,69,10304.98
f71ad2a5-ff13-4379-adc1-e257c3e59f53,40.3744283541696,-86.8760671839754,85,9536.11
624d1f32-a356-47fb-b477-afd271f462cd,40.4707961065052,-86.9389462136594,14,1733.65
3c435a70-bd1f-4d17-86ca-139de51f22c9,40.4574747648632,-86.9341416475481,0,0
6c20d044-6cfd-4f7b-af03-b2fd1fb8325b,40.4607035164366,-86.9298450525496,43,9413.04
d1a4f0a7-715f-4996-8eb3-283cae447608,40.4241599476039,-86.9410519043175,41,4405.52
c5ec81b9-e850-475e-af29-7b3b1d08551d,40.4459280041413,-86.8994292258876,48,4820.34
ff80a8f5-2afb-449a-8e43-76f253357b41,40.468561,-86.95818,37,3560.1
27d96cf3-940c-495a-ba0e-94d497c2f149,40.4109721130712,-86.8771601842141,64,9075.16
b2e6d44b-e65b-45c2-9323-7fe8ca8c9945,40.4357959589836,-86.8992870688014,20,4312.62
a793c083-222b-4293-9d4e-f7454bbd6855,40.4256681936214,-86.9222319152607,10,987.8
bc162fca-a6bc-4e4e-99d8-3f4648da05ea,40.4051647702062,-86.8963880108964,87,11085.99
e8ff9056-010e-480e-be87-5fbfd502f830,40.452566904004,-86.9621989219526,13,342.81
7110f3dc-2167-4bfb-8a75-b40c6791c80c,40.4173913530442,-86.8783715175776,56,9250.49
7110f3dc-2167-4bfb-8a75-b40c6791c80c,40.402981506246,-86.844450588425,42,4794.94
20e15c6a-5b6f-40ca-9df9-888a18a65225,40.4361781737911,-86.8621156729529,27,4454.32
76f6f48e-6195-424d-9f43-c18c77e27a27,40.3956168551808,-86.8767580434832,19,4232.91
77ef10ae-585a-4bc9-adff-fc125f0932d2,40.4189798485625,-86.8734453245071,42,6723.96
d1a4f0a7-715f-4996-8eb3-283cae447608,40.4240934887021,-86.9172436713025,48,6424.21
f42d1f15-dd59-4025-b28f-99a130b2d962,40.421887,-86.892951,23,4149.15
5001d1c6-c1ea-4d03-b8eb-45705b3c0f70,40.4209019218862,-86.9246708072928,22,2233.09
aacfedab-6f68-4a78-8641-b932f17dbff6,40.4585142706939,-86.9018418730403,30,6962.14
a9ab1807-2920-4cd6-b08d-3a8d7d8d9820,40.3935089018926,-86.8100436307591,37,11149.51
5a3bff2c-b3f2-4911-8ef6-442c2d85d857,40.4296818631698,-86.8869985274672,12,1762.08
3c435a70-bd1f-4d17-86ca-139de51f22c9,40.4248887553745,-86.8933768208848,42,8283.37
f71ad2a5-ff13-4379-adc1-e257c3e59f53,40.3849426141347,-86.911437476363,37,5624.95
5394dfa6-526f-417d-96b5-51e5d4ce396d,40.42428048489,-86.9289295299464,44,2564.02
bb92f4e4-7c69-4f9a-a86b-ab4a6ebf37f7,40.4182681114532,-86.8884775300565,54,11098.91
811f6866-bf6b-4d63-b690-9320b35cc663,40.3894004457832,-86.838635613837,55,11810.79
007b678c-d15d-4e6a-8928-cab840ddf344,40.4184769343422,-86.9077373688064,41,6746.29
a0020965-2b60-4e70-a047-a1b071f6ff20,40.432983093397,-86.9221819164834,18,743.81
62c1143c-029a-4b43-9f4f-6d6f9c55bc76,40.4241390779101,-86.8509107441253,27,4539.89
27d96cf3-940c-495a-ba0e-94d497c2f149,40.4182909224353,-86.8837724577338,71,10308.96
a793c083-222b-4293-9d4e-f7454bbd6855,40.4183459155612,-86.906633181551,25,3038.88
106b7a4b-c510-4c36-84f3-e9ba6c6a9e1a,40.4173071020559,-86.8837213440157,7,1285.71
55c5e2f3-e55e-4b4b-b0e1-0f46278e7d95,40.432242,-86.914828,17,3134.94
27d96cf3-940c-495a-ba0e-94d497c2f149,40.3852359476855,-86.841803764228,19,2003.22
2a068c67-dc1e-4ead-a035-c4161cb0a07e,40.3995257073349,-86.8558419226578,17,1372.02
a9ab1807-2920-4cd6-b08d-3a8d7d8d9820,40.4202862055788,-86.8955977507531,0,0
7426c1e2-6b00-4c5f-8636-b34180893ecb,40.4161098847455,-86.8771668897371,47,9483.61
a793c083-222b-4293-9d4e-f7454bbd6855,40.423931,-86.911286,17,2042.68
624d1f32-a356-47fb-b477-afd271f462cd,40.4313944537279,-86.9147218414975,54,7994.49
cb61ff86-9f1a-46c0-9881-c76c0287240f,40.3683263912635,-86.8759458725824,21,1803
cb61ff86-9f1a-46c0-9881-c76c0287240f,40.3933966318175,-86.9019794518144,82,9126.9
de154292-7fe9-40e4-9e11-8776303bf1c6,40.4197046310804,-86.8804419493448,52,7402.28
8893a0f4-c34d-4fc9-a9fb-8e833fee37ca,40.4200098168856,-86.8942284222978,1,92.07
6a4db531-9f9e-496b-a86e-3d422ec5feed,40.4026571111443,-86.881287902017,8,2292.23
7261420d-8225-42cc-8837-046368279776,40.4460902777964,-86.9401183390688,19,3815.78
7afb54ae-31a1-4536-b273-c1a67b17e963,40.3990121423609,-86.8082609360374,38,10635.95
5a3bff2c-b3f2-4911-8ef6-442c2d85d857,40.4318218677192,-86.844964990153,25,5599.51
132fa334-e471-472b-921c-7d18439221cb,40.388028,-86.877485,1,157.44
56fdf086-7941-45a1-afb3-b928148109a2,40.480833268376,-86.9311869796293,92,9168.84
f0bfdbab-3f2e-40c7-823b-27ed6dd81e54,40.3930805413632,-86.8367278404406,20,2113.7
7218f1c2-a821-475e-840c-a049d1a625b1,40.4463897251261,-86.9221422726557,47,2323.09
56fdf086-7941-45a1-afb3-b928148109a2,40.4655251187155,-86.928665115091,66,5939.56
fa1bfc2a-4aa5-4966-81d1-33a2a1ea14c6,40.4237783207761,-86.8930442269471,4,727.89
bc162fca-a6bc-4e4e-99d8-3f4648da05ea,40.3925074146198,-86.9033233173087,68,8957.23
e335420d-ceb4-49cd-a60e-a8a967b18129,40.4204374736873,-86.9223844936702,12,2198.67
106b7a4b-c510-4c36-84f3-e9ba6c6a9e1a,40.3997333452403,-86.8520459161776,23,4943.72
75965b70-7ad7-4945-be19-cfb16a1b3fa6,40.4182681114532,-86.8884775300565,72,10705.88
007b678c-d15d-4e6a-8928-cab840ddf344,40.4182083195297,-86.8973136581441,21,5399.79
cb61ff86-9f1a-46c0-9881-c76c0287240f,40.3816582490002,-86.8777382002913,34,3435.35
e585597e-0bea-47a2-b2ad-5525a03f22ee,40.4332438369539,-86.9261467114774,20,2207.37
624d1f32-a356-47fb-b477-afd271f462cd,40.4649189171918,-86.9248165859329,33,3614.94
7110f3dc-2167-4bfb-8a75-b40c6791c80c,40.4176335918993,-86.8593192756732,51,7638.43
f0bfdbab-3f2e-40c7-823b-27ed6dd81e54,40.4209069488718,-86.8389768039008,47,6103.37
3c435a70-bd1f-4d17-86ca-139de51f22c9,40.4398518906017,-86.9086075490492,21,4422.84
b8c15b96-4ecb-4c22-87aa-527ace63b880,40.3922603634275,-86.8500511866369,80,12787.76
12f97034-fc21-44ef-b9d2-1b478749ee65,40.4472570387874,-86.9393954836962,0,0
70814020-a9b7-44ef-a20e-fb5aff6b77a5,40.4423848058215,-86.9420723284526,85,10824.48
3081f37d-fdeb-4b5a-8813-07fa7cc93ba2,40.4353386423194,-86.9249517872901,0,0
5394dfa6-526f-417d-96b5-51e5d4ce396d,40.4256867108295,-86.9079952612094,3,198.36
f0bfdbab-3f2e-40c7-823b-27ed6dd81e54,40.3940062563115,-86.8370213371791,23,2234.89
5a3bff2c-b3f2-4911-8ef6-442c2d85d857,40.403042161646,-86.8365676305632,52,10112.05
70814020-a9b7-44ef-a20e-fb5aff6b77a5,40.4241344735996,-86.9158629809812,65,7087.17
a9ab1807-2920-4cd6-b08d-3a8d7d8d9820,40.3903307982308,-86.8138491560826,39,11631
5a3bff2c-b3f2-4911-8ef6-442c2d85d857,40.4320462305574,-86.8806081641083,14,2572.54
7261420d-8225-42cc-8837-046368279776,40.4181067894761,-86.8954166409622,58,10281.66
29c28934-efe6-48d7-bf29-bf7cd63335d7,40.4674580971872,-86.9425604905224,17,1120
70814020-a9b7-44ef-a20e-fb5aff6b77a5,40.4492633312501,-86.9424827064564,11,668.04
bc162fca-a6bc-4e4e-99d8-3f4648da05ea,40.3853331927808,-86.9114698340401,61,7179.36
106b7a4b-c510-4c36-84f3-e9ba6c6a9e1a,40.4172766457365,-86.891884171479,4,595.11
7e415f9d-0dfe-4239-b4f5-b467213b6c43,40.3992522000821,-86.8097066467826,10,615.94
e8ff9056-010e-480e-be87-5fbfd502f830,40.4457134682002,-86.9620174834064,18,1107.77
12648a3c-ba8d-48be-8a85-8681ac0d9bff,40.4466115793672,-86.936840191288,41,7056.49
b8c15b96-4ecb-4c22-87aa-527ace63b880,40.3940375430293,-86.8487538988586,75,12445.27
d1a4f0a7-715f-4996-8eb3-283cae447608,40.4451480322095,-86.9619363038416,19,1175.01
27d96cf3-940c-495a-ba0e-94d497c2f149,40.388916893835,-86.838810831382,17,1522.1
12648a3c-ba8d-48be-8a85-8681ac0d9bff,40.4240460294498,-86.9130089515146,22,2120.51
56fdf086-7941-45a1-afb3-b928148109a2,40.4455809736814,-86.9212397421655,21,2743.96
5a3bff2c-b3f2-4911-8ef6-442c2d85d857,40.4233344151577,-86.8906288975852,7,749.82
5a3bff2c-b3f2-4911-8ef6-442c2d85d857,40.4320328195114,-86.8777046726766,15,2818.13
5394dfa6-526f-417d-96b5-51e5d4ce396d,40.4313377050993,-86.9156711705168,70,4459.38
42719558-c2a4-467d-8614-840defe90744,40.4719906560094,-86.9459853655524,2,43.89
62c1143c-029a-4b43-9f4f-6d6f9c55bc76,40.4175832053635,-86.8248759808574,72,8351.65
a9ab1807-2920-4cd6-b08d-3a8d7d8d9820,40.406510258109,-86.8578268204824,19,4809.37
26ecb9dd-aec2-4972-9d24-ee2ae9653374,40.4266701762354,-86.8471715142334,64,7419.88
e8ff9056-010e-480e-be87-5fbfd502f830,40.4452168939511,-86.9619287772098,22,1165.07
bb92f4e4-7c69-4f9a-a86b-ab4a6ebf37f7,40.403083,-86.813864,12,1385.23
33ace3e0-53ff-4dc0-a898-bd50817a1644,40.4302,-86.8707,14,1991.22
de154292-7fe9-40e4-9e11-8776303bf1c6,40.4200283109691,-86.8817766096006,53,7520.78
db416ff3-0f30-49ce-a448-0bba8f984215,40.425741697892,-86.8894165390382,23,3811.45
fa1bfc2a-4aa5-4966-81d1-33a2a1ea14c6,40.4382252846469,-86.9066130700177,26,5450.27
27d96cf3-940c-495a-ba0e-94d497c2f149,40.3920814186563,-86.8481947339104,4,156.01
56fdf086-7941-45a1-afb3-b928148109a2,40.4776958398531,-86.938827669089,84,8203.66
bb92f4e4-7c69-4f9a-a86b-ab4a6ebf37f7,40.4064084219171,-86.8288894314021,18,2947.66
cb61ff86-9f1a-46c0-9881-c76c0287240f,40.3743318416015,-86.8759291254668,27,2471.3
42719558-c2a4-467d-8614-840defe90744,40.4688663792009,-86.9471289231339,9,456.5
70814020-a9b7-44ef-a20e-fb5aff6b77a5,40.4491915000711,-86.9399641760785,5,289.41
d1a4f0a7-715f-4996-8eb3-283cae447608,40.439939238733,-86.9620151465779,25,1760.07
56fdf086-7941-45a1-afb3-b928148109a2,40.450319,-86.919401,34,3471.94
bc162fca-a6bc-4e4e-99d8-3f4648da05ea,40.3848460546044,-86.9108111805207,58,7099.13
62c1143c-029a-4b43-9f4f-6d6f9c55bc76,40.419003759029,-86.8653732926316,15,2556.55
5394dfa6-526f-417d-96b5-51e5d4ce396d,40.4280791250318,-86.9216707309812,58,3586.18
75965b70-7ad7-4945-be19-cfb16a1b3fa6,40.4182605277237,-86.8905096020985,73,10877.79
79dad13b-4042-4d5e-a786-240646d7578c,40.384824596931,-86.9104329890271,48,7065.73
56fdf086-7941-45a1-afb3-b928148109a2,40.431117,-86.913622,8,974.48
62c1143c-029a-4b43-9f4f-6d6f9c55bc76,40.4156579682186,-86.8280774480721,51,7415.93
77ef10ae-585a-4bc9-adff-fc125f0932d2,40.4200741899058,-86.8925855691782,51,8362.33
007b678c-d15d-4e6a-8928-cab840ddf344,40.4190173994909,-86.8997859597079,25,5628.98
b4417114-9ce7-42e9-936b-536f4ec21247,40.4200902831608,-86.8902252251044,44,8228.17
12f97034-fc21-44ef-b9d2-1b478749ee65,40.4492867702071,-86.9416852034443,20,743.95
bc162fca-a6bc-4e4e-99d8-3f4648da05ea,40.3848208490788,-86.9101760592514,57,7045.3
7261420d-8225-42cc-8837-046368279776,40.4195028793515,-86.9004605353153,52,9683.98
f42d1f15-dd59-4025-b28f-99a130b2d962,40.4257725432976,-86.8844544520649,16,2994.79
6c20d044-6cfd-4f7b-af03-b2fd1fb8325b,40.4574747648632,-86.9341416475481,47,10128.78
7218f1c2-a821-475e-840c-a049d1a625b1,40.4242621268673,-86.9252407724958,108,7473.06
6a4db531-9f9e-496b-a86e-3d422ec5feed,40.4182681114532,-86.8884775300565,18,4570.25
e335420d-ceb4-49cd-a60e-a8a967b18129,40.4234215869559,-86.9217934859868,9,1847.82
7218f1c2-a821-475e-840c-a049d1a625b1,40.4337016620688,-86.9344377717561,83,5886.2
3081f37d-fdeb-4b5a-8813-07fa7cc93ba2,40.4346281101538,-86.9253937234054,3,87.58
b4417114-9ce7-42e9-936b-536f4ec21247,40.4207112145848,-86.8948077794795,47,8754.6
e585597e-0bea-47a2-b2ad-5525a03f22ee,40.4332161956856,-86.9258183354817,18,2178.86
12648a3c-ba8d-48be-8a85-8681ac0d9bff,40.4218411052336,-86.9039386907584,17,1283.51
7218f1c2-a821-475e-840c-a049d1a625b1,40.4500247897794,-86.9248738863536,39,1850.54
cb61ff86-9f1a-46c0-9881-c76c0287240f,40.4051195326519,-86.8964600203311,97,11102.93
716a1134-702e-43b2-8984-fd6f12a926a3,40.4327529926749,-86.9058008137823,23,5273.18
7110f3dc-2167-4bfb-8a75-b40c6791c80c,40.401044,-86.804833,0,0
70814020-a9b7-44ef-a20e-fb5aff6b77a5,40.4460470803698,-86.9443601126831,25,1461.84
811f6866-bf6b-4d63-b690-9320b35cc663,40.4218283547061,-86.890795194554,5,591.56
de154292-7fe9-40e4-9e11-8776303bf1c6,40.4191133550191,-86.861701738962,41,5798.89
56fdf086-7941-45a1-afb3-b928148109a2,40.442652,-86.919269,19,2378.11
cb61ff86-9f1a-46c0-9881-c76c0287240f,40.3879607516332,-86.8952437819423,54,5430.54
33ace3e0-53ff-4dc0-a898-bd50817a1644,40.4350288471597,-86.8625984706043,5,983.18
624d1f32-a356-47fb-b477-afd271f462cd,40.446024,-86.919318,43,6019
27d96cf3-940c-495a-ba0e-94d497c2f149,40.388794,-86.870999,38,5405.83
f71ad2a5-ff13-4379-adc1-e257c3e59f53,40.3815911937708,-86.883228682472,76,8150.06
a793c083-222b-4293-9d4e-f7454bbd6855,40.4273751632795,-86.9263746992573,3,427.27
811f6866-bf6b-4d63-b690-9320b35cc663,40.432084,-86.859863,21,4344.14
2722571e-4f1d-44f8-adbb-bbb7443b4f43,40.4182681114532,-86.8884775300565,27,5007.63
77ef10ae-585a-4bc9-adff-fc125f0932d2,40.4205395531976,-86.8606029069783,37,5546.6
76f6f48e-6195-424d-9f43-c18c77e27a27,40.3879654638747,-86.881746761903,28,6180.74
7426c1e2-6b00-4c5f-8636-b34180893ecb,40.381895,-86.863708,19,3993.56
9d713986-ad91-4d78-895f-ae03d84ed071,40.4293452459183,-86.9117512948365,4,722.76
cb61ff86-9f1a-46c0-9881-c76c0287240f,40.3847347429237,-86.9092635458269,66,6974.58
2713ba46-9e58-4dcd-8a32-2cb9dcf2490b,40.4207112145848,-86.8948077794795,25,4368.92
9d713986-ad91-4d78-895f-ae03d84ed071,40.4520446259937,-86.9244544599831,32,4012.2
7261420d-8225-42cc-8837-046368279776,40.4386337362906,-86.9378183447014,28,5197.73
77ef10ae-585a-4bc9-adff-fc125f0932d2,40.4244284001302,-86.8504911251332,30,4156.58
5001d1c6-c1ea-4d03-b8eb-45705b3c0f70,40.4192125050599,-86.9248370727519,25,2424.12
42719558-c2a4-467d-8614-840defe90744,40.4659933250357,-86.9381359782162,27,1564.52
c5e3979b-c192-42fb-860c-c4c246c5eec0,40.413971,-86.8582,18,3975.8
a793c083-222b-4293-9d4e-f7454bbd6855,40.4215019543988,-86.9046093869634,34,3498.46
f71ad2a5-ff13-4379-adc1-e257c3e59f53,40.396167,-86.895664,16,2984.92
7218f1c2-a821-475e-840c-a049d1a625b1,40.44606180974,-86.9444469294846,64,4256.35
9d713986-ad91-4d78-895f-ae03d84ed071,40.4653009451469,-86.9296956352607,66,6012.97
f0bfdbab-3f2e-40c7-823b-27ed6dd81e54,40.4223178835168,-86.8470143701972,53,6909.15
2a068c67-dc1e-4ead-a035-c4161cb0a07e,40.418281995386,-86.8811654809826,33,4397.21
5a3bff2c-b3f2-4911-8ef6-442c2d85d857,40.432063,-86.847826,23,5345.37
624d1f32-a356-47fb-b477-afd271f462cd,40.480833268376,-86.9311869796293,0,0
0e410d81-233b-4f4e-b644-b926ae73d696,40.4341964058567,-86.9260839086096,47,3586.94
12f97034-fc21-44ef-b9d2-1b478749ee65,40.4454723702793,-86.9440766729527,69,2197.65
27d96cf3-940c-495a-ba0e-94d497c2f149,40.3954410596502,-86.8716744516866,53,6997.95
7218f1c2-a821-475e-840c-a049d1a625b1,40.4206412031862,-86.9011881049312,131,9624.46
7e415f9d-0dfe-4239-b4f5-b467213b6c43,40.4176335918993,-86.8593192756732,33,7605.3
12f97034-fc21-44ef-b9d2-1b478749ee65,40.448851197985,-86.9411570880518,31,828.39
f42d1f15-dd59-4025-b28f-99a130b2d962,40.4362787566351,-86.8815375495873,7,1590.06
5a3bff2c-b3f2-4911-8ef6-442c2d85d857,40.4046614828072,-86.8353573649953,46,9714.67
716a1134-702e-43b2-8984-fd6f12a926a3,40.430362,-86.913149,30,6389.36
62c1143c-029a-4b43-9f4f-6d6f9c55bc76,40.4175048558666,-86.8366676848875,39,6441.72
f8091890-6a74-4783-b6f3-0328c8090a51,40.4271111679423,-86.9392106042527,29,3915.46
70814020-a9b7-44ef-a20e-fb5aff6b77a5,40.4482505531069,-86.9451761276569,94,11626.29
a793c083-222b-4293-9d4e-f7454bbd6855,40.4197726300708,-86.9007383818421,44,3954.03
de154292-7fe9-40e4-9e11-8776303bf1c6,40.4249137673082,-86.850503978925,34,4214.63
8893a0f4-c34d-4fc9-a9fb-8e833fee37ca,40.422628,-86.890628,5,670.13
e585597e-0bea-47a2-b2ad-5525a03f22ee,40.4334312133632,-86.9239810067301,14,2018.22
fa1bfc2a-4aa5-4966-81d1-33a2a1ea14c6,40.4604341537285,-86.915579111735,37,8177.71
75965b70-7ad7-4945-be19-cfb16a1b3fa6,40.3820355233045,-86.8489263930326,24,2803.85
29c28934-efe6-48d7-bf29-bf7cd63335d7,40.4702762710932,-86.9456251918631,2,216.2
f8091890-6a74-4783-b6f3-0328c8090a51,40.4185721457507,-86.910994986989,6,721.1
7218f1c2-a821-475e-840c-a049d1a625b1,40.4181067894761,-86.8954166409622,146,10363.93
12f97034-fc21-44ef-b9d2-1b478749ee65,40.4489875126996,-86.9412913806783,30,809.46
106b7a4b-c510-4c36-84f3-e9ba6c6a9e1a,40.4029173553357,-86.8607649126072,19,3922.03
70814020-a9b7-44ef-a20e-fb5aff6b77a5,40.4300388565022,-86.9191588248829,70,8010.14
3c435a70-bd1f-4d17-86ca-139de51f22c9,40.4444805699777,-86.913628675553,18,3747.11
0e410d81-233b-4f4e-b644-b926ae73d696,40.4331875105612,-86.9259388402664,54,3838.43
b4417114-9ce7-42e9-936b-536f4ec21247,40.4171023021401,-86.8138922341998,4,247.87
2722571e-4f1d-44f8-adbb-bbb7443b4f43,40.4014528851855,-86.8586080008153,12,1682.78
a0020965-2b60-4e70-a047-a1b071f6ff20,40.4313350328863,-86.9153547843084,29,1491.73
aacfedab-6f68-4a78-8641-b932f17dbff6,40.4704199401041,-86.8992236352586,35,8312.44
7218f1c2-a821-475e-840c-a049d1a625b1,40.4239676944676,-86.9111643706196,117,8668.08
b2e6d44b-e65b-45c2-9323-7fe8ca8c9945,40.4514815182377,-86.9021838547101,28,6120.05
3081f37d-fdeb-4b5a-8813-07fa7cc93ba2,40.4329184025223,-86.9192684971241,21,995.34
7218f1c2-a821-475e-840c-a049d1a625b1,40.4503471335922,-86.9251351278422,34,1806.64
20e15c6a-5b6f-40ca-9df9-888a18a65225,40.4285942273494,-86.8729048593584,20,3175.34
5394dfa6-526f-417d-96b5-51e5d4ce396d,40.4273751632795,-86.9263746992573,50,3128.31
716a1134-702e-43b2-8984-fd6f12a926a3,40.4213039828124,-86.8942673143308,39,8696.15
7426c1e2-6b00-4c5f-8636-b34180893ecb,40.3852359476855,-86.841803764228,12,1954.15
5394dfa6-526f-417d-96b5-51e5d4ce396d,40.4240813101271,-86.9118721362696,14,724
ae80f7da-68bb-4e11-82d9-4e434fd30733,40.4418188596856,-86.8696352463743,35,4890.31
f71ad2a5-ff13-4379-adc1-e257c3e59f53,40.4163794467675,-86.8955400225842,4,500.9
26ecb9dd-aec2-4972-9d24-ee2ae9653374,40.4064850562898,-86.8386097871877,44,4523.83
cb61ff86-9f1a-46c0-9881-c76c0287240f,40.3650128245099,-86.8622280507292,4,298.51
7110f3dc-2167-4bfb-8a75-b40c6791c80c,40.4131522800472,-86.8578435031428,48,7034.12
c5ec81b9-e850-475e-af29-7b3b1d08551d,40.4499472945897,-86.9011485219686,42,4337.25
12f97034-fc21-44ef-b9d2-1b478749ee65,40.44817121445,-86.9445294046461,59,1781.85
79dad13b-4042-4d5e-a786-240646d7578c,40.3679320435483,-86.8758123741038,10,1728.49
2722571e-4f1d-44f8-adbb-bbb7443b4f43,40.3945328842671,-86.8487579553623,9,548.71
a9ab1807-2920-4cd6-b08d-3a8d7d8d9820,40.4208225815245,-86.8953505594845,1,63.16
75965b70-7ad7-4945-be19-cfb16a1b3fa6,40.3917025262356,-86.8446633861562,14,937.92
9e21239f-d54e-46e6-abcb-648b572ea90f,40.4026571111443,-86.881287902017,8,2290.15
70814020-a9b7-44ef-a20e-fb5aff6b77a5,40.4477100064997,-86.9444560967905,88,11511.14
b8c15b96-4ecb-4c22-87aa-527ace63b880,40.3928806121874,-86.8464126793392,73,12182.03
76f6f48e-6195-424d-9f43-c18c77e27a27,40.3954152998576,-86.8860798708248,23,5025.9
d1a4f0a7-715f-4996-8eb3-283cae447608,40.4530633915262,-86.962002907644,6,273.65
8893a0f4-c34d-4fc9-a9fb-8e833fee37ca,40.4207112145848,-86.8948077794795,0,0
ae80f7da-68bb-4e11-82d9-4e434fd30733,40.427658,-86.884342,12,1789.73
76f6f48e-6195-424d-9f43-c18c77e27a27,40.4025493089077,-86.8862475000299,12,2660.03
5a3bff2c-b3f2-4911-8ef6-442c2d85d857,40.4289710777385,-86.8449548986527,26,5916.29
0e410d81-233b-4f4e-b644-b926ae73d696,40.4329756160364,-86.9216929031427,63,4208.82
0e410d81-233b-4f4e-b644-b926ae73d696,40.4242069348801,-86.9253441633716,6,1324.23
f0bfdbab-3f2e-40c7-823b-27ed6dd81e54,40.3933552491121,-86.8472776107816,11,645.73
007b678c-d15d-4e6a-8928-cab840ddf344,40.4218453660664,-86.9103207279081,47,7330.33
26ecb9dd-aec2-4972-9d24-ee2ae9653374,40.4047079870453,-86.8353615421455,37,3941.9
12648a3c-ba8d-48be-8a85-8681ac0d9bff,40.419906078535,-86.9004167810759,12,900.33
12f97034-fc21-44ef-b9d2-1b478749ee65,40.4482194530694,-86.9445484213631,60,1787.44
0e410d81-233b-4f4e-b644-b926ae73d696,40.433179284982,-86.9262791268263,53,3809.63
5394dfa6-526f-417d-96b5-51e5d4ce396d,40.4243213755773,-86.914897854334,31,1351.1
f71ad2a5-ff13-4379-adc1-e257c3e59f53,40.3815402317965,-86.8826184798848,77,8202.02
56fdf086-7941-45a1-afb3-b928148109a2,40.44786,-86.919464,30,3197.44
6c20d044-6cfd-4f7b-af03-b2fd1fb8325b,40.4252267137305,-86.8936812516261,8,1387.92
de154292-7fe9-40e4-9e11-8776303bf1c6,40.4190853173001,-86.8607047209448,40,5714.49
7218f1c2-a821-475e-840c-a049d1a625b1,40.4506175552127,-86.92522633737,30,1773.2
62c1143c-029a-4b43-9f4f-6d6f9c55bc76,40.4153151665933,-86.8273366343173,53,7490.27
12f97034-fc21-44ef-b9d2-1b478749ee65,40.4491190979509,-86.9390806829885,3,218.11
77ef10ae-585a-4bc9-adff-fc125f0932d2,40.4165916065832,-86.8135275669799,2,161
624d1f32-a356-47fb-b477-afd271f462cd,40.466036241337,-86.9318408470197,23,2864.94
29c28934-efe6-48d7-bf29-bf7cd63335d7,40.4374654027365,-86.9161260903476,35,5229.65
cb61ff86-9f1a-46c0-9881-c76c0287240f,40.3709861669604,-86.8759915073857,24,2099.46
b8c15b96-4ecb-4c22-87aa-527ace63b880,40.3881439743779,-86.875094861155,50,6983.62
7afb54ae-31a1-4536-b273-c1a67b17e963,40.4173846572331,-86.871389480299,13,2496.09
26ecb9dd-aec2-4972-9d24-ee2ae9653374,40.421887,-86.892951,103,13378.32
5394dfa6-526f-417d-96b5-51e5d4ce396d,40.431340610795,-86.9160509956851,69,4427.25
62c1143c-029a-4b43-9f4f-6d6f9c55bc76,40.4137705445829,-86.826012069795,58,7762.73
c5ec81b9-e850-475e-af29-7b3b1d08551d,40.4707541211224,-86.8905294350359,14,597.63
12648a3c-ba8d-48be-8a85-8681ac0d9bff,40.4460119312891,-86.9469200907245,52,8112.65
a793c083-222b-4293-9d4e-f7454bbd6855,40.4336287339704,-86.8870655826965,65,7045.61
7110f3dc-2167-4bfb-8a75-b40c6791c80c,40.4051168504427,-86.8278437452223,18,2781.02
55c5e2f3-e55e-4b4b-b0e1-0f46278e7d95,40.4671919612426,-86.9401344236812,43,7670.41
cb61ff86-9f1a-46c0-9881-c76c0287240f,40.3932976957141,-86.9135000952184,76,8102.13
26ecb9dd-aec2-4972-9d24-ee2ae9653374,40.432191,-86.870874,86,10337.41
56fdf086-7941-45a1-afb3-b928148109a2,40.4721524162497,-86.9389994311358,82,7587.5
56fdf086-7941-45a1-afb3-b928148109a2,40.4708001298189,-86.93884697192,81,7436.68
75965b70-7ad7-4945-be19-cfb16a1b3fa6,40.381895,-86.863708,28,4055.19
b8c15b96-4ecb-4c22-87aa-527ace63b880,40.4063477181124,-86.8767934321623,20,2984.93
27d96cf3-940c-495a-ba0e-94d497c2f149,40.4165636905592,-86.8776609856829,68,9711.7
e8ff9056-010e-480e-be87-5fbfd502f830,40.4370931838919,-86.9621517482543,33,2077.7
12f97034-fc21-44ef-b9d2-1b478749ee65,40.4460704892652,-86.9435440917821,46,1412.07
a9ab1807-2920-4cd6-b08d-3a8d7d8d9820,40.4028974115381,-86.8447126310246,23,6322.93
c5e3979b-c192-42fb-860c-c4c246c5eec0,40.4029844941488,-86.8279121415563,40,9552.31
6c20d044-6cfd-4f7b-af03-b2fd1fb8325b,40.460557,-86.918859,39,8483.4
cb61ff86-9f1a-46c0-9881-c76c0287240f,40.3822362650774,-86.8871929876323,41,4245.91
0e410d81-233b-4f4e-b644-b926ae73d696,40.4313482349232,-86.9215291144598,16,2442.41
7110f3dc-2167-4bfb-8a75-b40c6791c80c,40.3996491670399,-86.8052984360038,3,164.64
27d96cf3-940c-495a-ba0e-94d497c2f149,40.3881271015488,-86.87104645166,37,5331.62
bb92f4e4-7c69-4f9a-a86b-ab4a6ebf37f7,40.4029616953708,-86.8502992004334,37,6247.01
f71ad2a5-ff13-4379-adc1-e257c3e59f53,40.3818433214332,-86.8844209244502,74,8045.16
e8ff9056-010e-480e-be87-5fbfd502f830,40.4454158084384,-86.9619819260174,21,1142.51
55c5e2f3-e55e-4b4b-b0e1-0f46278e7d95,40.4616350413433,-86.9339934204356,39,6848.14
bb92f4e4-7c69-4f9a-a86b-ab4a6ebf37f7,40.401044,-86.804833,0,0
5394dfa6-526f-417d-96b5-51e5d4ce396d,40.4287504212965,-86.9113442530178,78,4968.09
27d96cf3-940c-495a-ba0e-94d497c2f149,40.3918775192223,-86.8448791879129,13,911.24
9d713986-ad91-4d78-895f-ae03d84ed071,40.4612474130689,-86.924497332459,42,5040.5
79dad13b-4042-4d5e-a786-240646d7578c,40.405122214861,-86.8964452681807,79,11094.19
9d713986-ad91-4d78-895f-ae03d84ed071,40.4457370918308,-86.92143536996,17,2768.98
811f6866-bf6b-4d63-b690-9320b35cc663,40.403042161646,-86.8365676305632,48,10121.59
7110f3dc-2167-4bfb-8a75-b40c6791c80c,40.406039,-86.832779,30,3426.17
f0bfdbab-3f2e-40c7-823b-27ed6dd81e54,40.3924188311451,-86.8368721719392,18,2038.61
007b678c-d15d-4e6a-8928-cab840ddf344,40.4241062854254,-86.9149948587302,58,7965.89
26ecb9dd-aec2-4972-9d24-ee2ae9653374,40.3923294291523,-86.8382981832478,15,1911.66
8893a0f4-c34d-4fc9-a9fb-8e833fee37ca,40.4332344492217,-86.8652431288506,22,3667.43
c5e3979b-c192-42fb-860c-c4c246c5eec0,40.3992119669444,-86.8097911363716,42,11497.29
f71ad2a5-ff13-4379-adc1-e257c3e59f53,40.3944397431237,-86.9002058722909,21,3424.8
bb92f4e4-7c69-4f9a-a86b-ab4a6ebf37f7,40.4195928452445,-86.895637990521,60,11851.9
bc162fca-a6bc-4e4e-99d8-3f4648da05ea,40.3676554731102,-86.8759239991794,16,1725.84
b8c15b96-4ecb-4c22-87aa-527ace63b880,40.3954177665736,-86.8765115527878,33,5376.96
ff80a8f5-2afb-449a-8e43-76f253357b41,40.4672006051064,-86.9400486016302,11,1475.12
ff80a8f5-2afb-449a-8e43-76f253357b41,40.4677381037136,-86.9431428886722,13,1744.22
7110f3dc-2167-4bfb-8a75-b40c6791c80c,40.4028979255134,-86.8561252701099,44,5782.91
56fdf086-7941-45a1-afb3-b928148109a2,40.4327798147666,-86.9150597998536,10,1198.73
007b678c-d15d-4e6a-8928-cab840ddf344,40.4229882585944,-86.9103258516906,50,7458.4
132fa334-e471-472b-921c-7d18439221cb,40.4182681114532,-86.8884775300565,18,4566.19
7e415f9d-0dfe-4239-b4f5-b467213b6c43,40.4028973223506,-86.8573614571906,29,5853.89
cb61ff86-9f1a-46c0-9881-c76c0287240f,40.3926405544663,-86.9054709020538,78,8785.56
9d713986-ad91-4d78-895f-ae03d84ed071,40.4651572940326,-86.9269355915388,49,5659.35
7110f3dc-2167-4bfb-8a75-b40c6791c80c,40.3992736577555,-86.8092184847128,11,572.94
f0bfdbab-3f2e-40c7-823b-27ed6dd81e54,40.393337,-86.84857,7,369.97
fa1bfc2a-4aa5-4966-81d1-33a2a1ea14c6,40.4275007756877,-86.9062013640875,11,2488.15
fa1bfc2a-4aa5-4966-81d1-33a2a1ea14c6,40.4607431865181,-86.9267904416794,42,9126.86
20e15c6a-5b6f-40ca-9df9-888a18a65225,40.4246926868111,-86.8770853977124,15,2383.5
62c1143c-029a-4b43-9f4f-6d6f9c55bc76,40.4207112145848,-86.8948077794795,0,0
b8c15b96-4ecb-4c22-87aa-527ace63b880,40.4058317775272,-86.8760297601538,23,3072.39
9d713986-ad91-4d78-895f-ae03d84ed071,40.4792395487015,-86.9345695808104,89,8678.21
70814020-a9b7-44ef-a20e-fb5aff6b77a5,40.4473696915728,-86.9409095907754,21,981.4
a793c083-222b-4293-9d4e-f7454bbd6855,40.4567708347303,-86.87566217039,73,9839.56
70814020-a9b7-44ef-a20e-fb5aff6b77a5,40.4302384215735,-86.9191072534983,71,8032.74
716a1134-702e-43b2-8984-fd6f12a926a3,40.4574747648632,-86.9341416475481,0,0
d1a4f0a7-715f-4996-8eb3-283cae447608,40.4466445780223,-86.9619363038417,13,1004.09
e585597e-0bea-47a2-b2ad-5525a03f22ee,40.4332961610178,-86.9266774676045,22,2253.65
77ef10ae-585a-4bc9-adff-fc125f0932d2,40.4200787230275,-86.885749563016,48,7784
0e410d81-233b-4f4e-b644-b926ae73d696,40.4344240089908,-86.9257041469636,45,3543.96
de154292-7fe9-40e4-9e11-8776303bf1c6,40.4153950760004,-86.8134845384052,1,26.7
bc162fca-a6bc-4e4e-99d8-3f4648da05ea,40.3745010506078,-86.8759705337882,25,2490.63
007b678c-d15d-4e6a-8928-cab840ddf344,40.424308,-86.922719,61,8619.72
6c20d044-6cfd-4f7b-af03-b2fd1fb8325b,40.426785077261,-86.892014258624,6,1083.82
bc162fca-a6bc-4e4e-99d8-3f4648da05ea,40.367268,-86.865301,8,768.99
a9ab1807-2920-4cd6-b08d-3a8d7d8d9820,40.3991998970032,-86.8097093289917,46,13426.81
5001d1c6-c1ea-4d03-b8eb-45705b3c0f70,40.4200879465595,-86.9220530372083,38,2848.11
7218f1c2-a821-475e-840c-a049d1a625b1,40.4226084943267,-86.9056189906273,123,9184
f71ad2a5-ff13-4379-adc1-e257c3e59f53,40.3832246591583,-86.88958954153,68,7564.6
db416ff3-0f30-49ce-a448-0bba8f984215,40.4337507744879,-86.8645712354524,7,1212.86
75965b70-7ad7-4945-be19-cfb16a1b3fa6,40.382042559712,-86.8445599893864,23,2434.26
26ecb9dd-aec2-4972-9d24-ee2ae9653374,40.4089944250571,-86.8386829758086,45,4802.74
7261420d-8225-42cc-8837-046368279776,40.4242155208716,-86.930620636381,36,6943.32
6c20d044-6cfd-4f7b-af03-b2fd1fb8325b,40.432242,-86.914828,18,3472.29
aacfedab-6f68-4a78-8641-b932f17dbff6,40.428378,-86.900634,15,3410.52
12648a3c-ba8d-48be-8a85-8681ac0d9bff,40.4460969833193,-86.9435153569886,51,7824.58
e8ff9056-010e-480e-be87-5fbfd502f830,40.4459079825388,-86.9619234666535,16,1084.12
5394dfa6-526f-417d-96b5-51e5d4ce396d,40.4247229003324,-86.9137442148118,17,951.26
5394dfa6-526f-417d-96b5-51e5d4ce396d,40.424096732905,-86.9079999008959,7,377.72
77ef10ae-585a-4bc9-adff-fc125f0932d2,40.4175660285537,-86.8139292964862,8,310.46
db416ff3-0f30-49ce-a448-0bba8f984215,40.4257966831801,-86.8824427951838,20,3221.51
7426c1e2-6b00-4c5f-8636-b34180893ecb,40.3910339111706,-86.8710715693874,28,5576.56
c5e3979b-c192-42fb-860c-c4c246c5eec0,40.4028494676193,-86.8515972479677,22,5735.92
5001d1c6-c1ea-4d03-b8eb-45705b3c0f70,40.4197897768697,-86.92366091181,29,2572.49
26ecb9dd-aec2-4972-9d24-ee2ae9653374,40.3948358877559,-86.8368284473502,25,2329.36
811f6866-bf6b-4d63-b690-9320b35cc663,40.4268784786102,-86.8472244584458,30,6266.96
56fdf086-7941-45a1-afb3-b928148109a2,40.4457598016825,-86.921437817322,22,2769.95
29c28934-efe6-48d7-bf29-bf7cd63335d7,40.4555110906683,-86.9302405014917,26,2877.55
5001d1c6-c1ea-4d03-b8eb-45705b3c0f70,40.4208483344147,-86.9227750858464,20,2071.89
f0bfdbab-3f2e-40c7-823b-27ed6dd81e54,40.4218176262812,-86.8942808170294,86,13458.57
b8c15b96-4ecb-4c22-87aa-527ace63b880,40.4060137041348,-86.8764002117402,22,3035.09
7218f1c2-a821-475e-840c-a049d1a625b1,40.4460540185944,-86.9367244347032,57,3601.18
12648a3c-ba8d-48be-8a85-8681ac0d9bff,40.4182197433408,-86.8942666522984,2,293.01
f0bfdbab-3f2e-40c7-823b-27ed6dd81e54,40.422861,-86.886934,81,12721.04
27d96cf3-940c-495a-ba0e-94d497c2f149,40.3855580329016,-86.8698891213679,34,4955.56
a9ab1807-2920-4cd6-b08d-3a8d7d8d9820,40.4174365620537,-86.8676410415924,14,2814.37
56fdf086-7941-45a1-afb3-b928148109a2,40.4521225662305,-86.9216633988418,36,3760.7
007b678c-d15d-4e6a-8928-cab840ddf344,40.4222120299485,-86.9103309754731,49,7372.14
5394dfa6-526f-417d-96b5-51e5d4ce396d,40.4242848634565,-86.9259067534979,42,2308.3
a9ab1807-2920-4cd6-b08d-3a8d7d8d9820,40.4037274660902,-86.8322009940267,28,7470.82
c5ec81b9-e850-475e-af29-7b3b1d08551d,40.4359139761874,-86.897409522379,57,6107.93
f8091890-6a74-4783-b6f3-0328c8090a51,40.4204664491056,-86.9211470483336,17,1671.95
a9ab1807-2920-4cd6-b08d-3a8d7d8d9820,40.4173987048969,-86.858374585535,17,3598.56
d1a4f0a7-715f-4996-8eb3-283cae447608,40.4529671635295,-86.9622651697397,8,298.64
f71ad2a5-ff13-4379-adc1-e257c3e59f53,40.3835438420501,-86.8987801312673,58,6779.05
007b678c-d15d-4e6a-8928-cab840ddf344,40.4422600830948,-86.8840521206887,5,1807.15
db416ff3-0f30-49ce-a448-0bba8f984215,40.43070512597,-86.8689767640219,10,1729.24
2a068c67-dc1e-4ead-a035-c4161cb0a07e,40.3969992185989,-86.8524190238804,14,967.35
9d713986-ad91-4d78-895f-ae03d84ed071,40.4777412899566,-86.938677040364,83,8188.06
77ef10ae-585a-4bc9-adff-fc125f0932d2,40.4177943121072,-86.8338532348784,13,1996.75
ed975a1b-9d65-44e7-b9a1-fd5ab53a748b,40.4675123519059,-86.9430388499295,14,4299.68
29c28934-efe6-48d7-bf29-bf7cd63335d7,40.467481969465,-86.9455377671246,15,868.07
56fdf086-7941-45a1-afb3-b928148109a2,40.4385045309011,-86.9169502963037,16,1875.93
12648a3c-ba8d-48be-8a85-8681ac0d9bff,40.4418053401721,-86.9414925050564,35,5827.12
5001d1c6-c1ea-4d03-b8eb-45705b3c0f70,40.4165685425144,-86.9298910754854,48,4000.05
70814020-a9b7-44ef-a20e-fb5aff6b77a5,40.4482390521605,-86.9451772071635,33,1812.28
7afb54ae-31a1-4536-b273-c1a67b17e963,40.413971,-86.8582,18,3978.62
27d96cf3-940c-495a-ba0e-94d497c2f149,40.3914991272897,-86.8492604451236,1,39.34
f0bfdbab-3f2e-40c7-823b-27ed6dd81e54,40.4248015835763,-86.8869864575259,80,12505.36
f8091890-6a74-4783-b6f3-0328c8090a51,40.4203113153067,-86.9130589284573,9,984.18
3081f37d-fdeb-4b5a-8813-07fa7cc93ba2,40.4333498582664,-86.9252033676162,14,485.69
12648a3c-ba8d-48be-8a85-8681ac0d9bff,40.424308,-86.922719,24,2942.44
f71ad2a5-ff13-4379-adc1-e257c3e59f53,40.3919016058386,-86.9138729222937,32,4823.37
b4417114-9ce7-42e9-936b-536f4ec21247,40.4216352356455,-86.8501181513142,17,3790.83
8893a0f4-c34d-4fc9-a9fb-8e833fee37ca,40.4246849074772,-86.87743376955,13,2009.95
7110f3dc-2167-4bfb-8a75-b40c6791c80c,40.407023901166,-86.8317986626505,25,3266.84
a9ab1807-2920-4cd6-b08d-3a8d7d8d9820,40.4023649038294,-86.8053493979781,51,14140.87
76f6f48e-6195-424d-9f43-c18c77e27a27,40.4207112145848,-86.8948077794795,0,0
29c28934-efe6-48d7-bf29-bf7cd63335d7,40.4688336816186,-86.9472293121438,6,431.79
f8091890-6a74-4783-b6f3-0328c8090a51,40.4204848401389,-86.9179764164444,14,1403.28
79dad13b-4042-4d5e-a786-240646d7578c,40.4051557424757,-86.8929315741617,74,10795.26
7110f3dc-2167-4bfb-8a75-b40c6791c80c,40.4181054483715,-86.8794883417778,59,9379.43
de154292-7fe9-40e4-9e11-8776303bf1c6,40.4200895819904,-86.8820916483941,54,7548.29
9d713986-ad91-4d78-895f-ae03d84ed071,40.4441595103036,-86.9201995537641,15,2564.21
77ef10ae-585a-4bc9-adff-fc125f0932d2,40.4181190470731,-86.8498818256948,19,3403.09
7426c1e2-6b00-4c5f-8636-b34180893ecb,40.4018700362367,-86.8699973446129,41,7646.67
55c5e2f3-e55e-4b4b-b0e1-0f46278e7d95,40.4692179420816,-86.9452804327966,56,8231.65
3081f37d-fdeb-4b5a-8813-07fa7cc93ba2,40.4332403846829,-86.9266839126425,10,355.94
f0bfdbab-3f2e-40c7-823b-27ed6dd81e54,40.388906919295,-86.8387187623214,14,1524.8
a793c083-222b-4293-9d4e-f7454bbd6855,40.4273201779914,-86.9222427560236,4,776.84
f8091890-6a74-4783-b6f3-0328c8090a51,40.4303166362335,-86.9419402089601,31,4342.63
db416ff3-0f30-49ce-a448-0bba8f984215,40.4257631555654,-86.8868308893937,22,3592.72
0b4c0e9d-9ceb-4424-84ef-0c222182a7ed,40.4178211327451,-86.9279918966879,4,387.09
624d1f32-a356-47fb-b477-afd271f462cd,40.4418590928232,-86.9190214228047,49,6752.99
3c435a70-bd1f-4d17-86ca-139de51f22c9,40.4251194253635,-86.8941358860812,41,8214.23
2722571e-4f1d-44f8-adbb-bbb7443b4f43,40.4026805850601,-86.8603329963172,13,1882.57
77ef10ae-585a-4bc9-adff-fc125f0932d2,40.4248080633468,-86.8504738707944,31,4198.79
ae80f7da-68bb-4e11-82d9-4e434fd30733,40.435801323402,-86.8744846805623,29,3811.95
f0bfdbab-3f2e-40c7-823b-27ed6dd81e54,40.4029831454824,-86.8342451164502,34,3710.84
ff80a8f5-2afb-449a-8e43-76f253357b41,40.4676829666901,-86.9474430785406,23,2399.58
7218f1c2-a821-475e-840c-a049d1a625b1,40.4576059482424,-86.9328047939783,4,126.19
12648a3c-ba8d-48be-8a85-8681ac0d9bff,40.445983032647,-86.9442935780612,38,6349.13
62c1143c-029a-4b43-9f4f-6d6f9c55bc76,40.4190366745336,-86.8617988619256,16,2858.96
7261420d-8225-42cc-8837-046368279776,40.450556,-86.925226,11,1757.52
7426c1e2-6b00-4c5f-8636-b34180893ecb,40.4182909224353,-86.8837724577338,51,10145.81
56fdf086-7941-45a1-afb3-b928148109a2,40.4307386535846,-86.9132788129615,7,923.39
62c1143c-029a-4b43-9f4f-6d6f9c55bc76,40.415729717175,-86.8282685413728,50,7397.9
ae80f7da-68bb-4e11-82d9-4e434fd30733,40.4200071346764,-86.8867678574781,5,723.54
b8c15b96-4ecb-4c22-87aa-527ace63b880,40.381722,-86.8651,60,8739.17
f0bfdbab-3f2e-40c7-823b-27ed6dd81e54,40.432186,-86.865217,67,9826.5
26ecb9dd-aec2-4972-9d24-ee2ae9653374,40.393337,-86.84857,7,361.87
f0bfdbab-3f2e-40c7-823b-27ed6dd81e54,40.4314065236692,-86.8448382225536,61,8018.43
c5ec81b9-e850-475e-af29-7b3b1d08551d,40.4642662682692,-86.8998878836565,31,2632.82
7218f1c2-a821-475e-840c-a049d1a625b1,40.4195005476367,-86.9005682957282,136,9766.93
5a3bff2c-b3f2-4911-8ef6-442c2d85d857,40.3915715930244,-86.8441541836054,63,12390.78
75965b70-7ad7-4945-be19-cfb16a1b3fa6,40.4117988065312,-86.8770397048769,64,9166.46
cb61ff86-9f1a-46c0-9881-c76c0287240f,40.3879882626526,-86.89703267199,56,5582.41
6c20d044-6cfd-4f7b-af03-b2fd1fb8325b,40.460496,-86.916281,38,8265.34
a793c083-222b-4293-9d4e-f7454bbd6855,40.4368929825361,-86.8858934572872,67,7421.78
f71ad2a5-ff13-4379-adc1-e257c3e59f53,40.3855085602706,-86.9115984089135,35,5559.48
b8c15b96-4ecb-4c22-87aa-527ace63b880,40.393376,-86.875047,36,5721.14
0b4c0e9d-9ceb-4424-84ef-0c222182a7ed,40.4200290182592,-86.9217726282717,9,1143.48
b4417114-9ce7-42e9-936b-536f4ec21247,40.4190469037918,-86.8700670820515,35,6502.65
7261420d-8225-42cc-8837-046368279776,40.4242069348801,-86.9253441633716,38,7389.67
a9ab1807-2920-4cd6-b08d-3a8d7d8d9820,40.401044,-86.804833,52,14294.02
70814020-a9b7-44ef-a20e-fb5aff6b77a5,40.4305652770731,-86.9322568515555,45,4115.87
b8c15b96-4ecb-4c22-87aa-527ace63b880,40.4200098168856,-86.8942726787491,1,90.13
3081f37d-fdeb-4b5a-8813-07fa7cc93ba2,40.4313166744297,-86.9153702857678,25,1491.92
7426c1e2-6b00-4c5f-8636-b34180893ecb,40.3881451718894,-86.8709763509617,26,5255.47
c5e3979b-c192-42fb-860c-c4c246c5eec0,40.4044783656672,-86.8325906937266,33,8540.91
7afb54ae-31a1-4536-b273-c1a67b17e963,40.406510258109,-86.8578268204824,19,4808.26
7e415f9d-0dfe-4239-b4f5-b467213b6c43,40.4174742842379,-86.8711196240298,36,8603.78
76f6f48e-6195-424d-9f43-c18c77e27a27,40.4172779868411,-86.8868147961387,6,1022.66
56fdf086-7941-45a1-afb3-b928148109a2,40.467824,-86.938576,77,7092.32
f0bfdbab-3f2e-40c7-823b-27ed6dd81e54,40.4313931126233,-86.887203716469,76,11772.68
106b7a4b-c510-4c36-84f3-e9ba6c6a9e1a,40.3920622904896,-86.850093269794,44,6331.24
7110f3dc-2167-4bfb-8a75-b40c6791c80c,40.406302386898,-86.857529095264,46,6271.82
ae80f7da-68bb-4e11-82d9-4e434fd30733,40.431944,-86.878946,21,2998.21
ff80a8f5-2afb-449a-8e43-76f253357b41,40.4693622480323,-86.9581042307088,36,3470.84
26ecb9dd-aec2-4972-9d24-ee2ae9653374,40.3896469723838,-86.8383770174241,14,1613.51
3081f37d-fdeb-4b5a-8813-07fa7cc93ba2,40.4330182171569,-86.9224749346389,19,723.87
7e415f9d-0dfe-4239-b4f5-b467213b6c43,40.418249496843,-86.891552804858,45,10364.73
de154292-7fe9-40e4-9e11-8776303bf1c6,40.418951,-86.875856,47,6997.99
7afb54ae-31a1-4536-b273-c1a67b17e963,40.3992066025261,-86.8097763842211,37,10505.9
7afb54ae-31a1-4536-b273-c1a67b17e963,40.4174854976074,-86.8609208681023,16,3381.82
26ecb9dd-aec2-4972-9d24-ee2ae9653374,40.4321646441519,-86.8563836584547,81,9111.77
a793c083-222b-4293-9d4e-f7454bbd6855,40.4200662127222,-86.9007674857496,43,3921.31
9d713986-ad91-4d78-895f-ae03d84ed071,40.467824,-86.938576,77,7068.15
7110f3dc-2167-4bfb-8a75-b40c6791c80c,40.4046112540132,-86.8326945205149,32,3585.16
716a1134-702e-43b2-8984-fd6f12a926a3,40.4309478659003,-86.9102774208949,26,5864.13
7110f3dc-2167-4bfb-8a75-b40c6791c80c,40.4043886306517,-86.8326569695864,33,3610.1
5a3bff2c-b3f2-4911-8ef6-442c2d85d857,40.4275185494764,-86.8458335008655,28,6101.98
aacfedab-6f68-4a78-8641-b932f17dbff6,40.4319899041646,-86.8990912675316,17,3832.58
26ecb9dd-aec2-4972-9d24-ee2ae9653374,40.4219061387721,-86.8893776470052,101,13076.01
c5e3979b-c192-42fb-860c-c4c246c5eec0,40.4202862055788,-86.8955977507531,0,0
26ecb9dd-aec2-4972-9d24-ee2ae9653374,40.427265423628,-86.8469091821282,67,7494.25
e585597e-0bea-47a2-b2ad-5525a03f22ee,40.4332773645685,-86.9231989635944,13,1949.9
de154292-7fe9-40e4-9e11-8776303bf1c6,40.4176441083934,-86.8164698372167,9,524.38
77ef10ae-585a-4bc9-adff-fc125f0932d2,40.4176441083934,-86.8164698372167,9,525.56
a0020965-2b60-4e70-a047-a1b071f6ff20,40.4334329327007,-86.9247372105561,13,520.91
106b7a4b-c510-4c36-84f3-e9ba6c6a9e1a,40.4172820101548,-86.8942337867161,2,396.29
2a068c67-dc1e-4ead-a035-c4161cb0a07e,40.3915032604688,-86.8489757304724,2,64.17
aacfedab-6f68-4a78-8641-b932f17dbff6,40.4707975410439,-86.896565109249,36,8541.06
e8ff9056-010e-480e-be87-5fbfd502f830,40.4331660502812,-86.9531337988458,36,2956.47
26ecb9dd-aec2-4972-9d24-ee2ae9653374,40.4063654188136,-86.8385001622736,43,4507.62
5001d1c6-c1ea-4d03-b8eb-45705b3c0f70,40.4180578334438,-86.9305344661013,46,3784.83
79dad13b-4042-4d5e-a786-240646d7578c,40.406955504832,-86.8976227580084,82,11397.43
ff80a8f5-2afb-449a-8e43-76f253357b41,40.468597,-86.943293,16,1847.58
2a068c67-dc1e-4ead-a035-c4161cb0a07e,40.4182816806676,-86.8866477638866,35,4861.01
27d96cf3-940c-495a-ba0e-94d497c2f149,40.4182605277237,-86.8905096020985,74,10878.92
ae80f7da-68bb-4e11-82d9-4e434fd30733,40.42001154702,-86.8924421221722,2,243.5
70814020-a9b7-44ef-a20e-fb5aff6b77a5,40.4306028215702,-86.9316925932459,48,4178.1
0e410d81-233b-4f4e-b644-b926ae73d696,40.4313196650875,-86.9141574286013,68,5026.75
5394dfa6-526f-417d-96b5-51e5d4ce396d,40.4259792857183,-86.9143989682924,25,1144.41
f8091890-6a74-4783-b6f3-0328c8090a51,40.4534705185188,-86.9552970713497,44,7808.99
70814020-a9b7-44ef-a20e-fb5aff6b77a5,40.4472570387874,-86.9393954836962,0,0
cb61ff86-9f1a-46c0-9881-c76c0287240f,40.4207112145848,-86.8948077794795,112,13069.42
fa1bfc2a-4aa5-4966-81d1-33a2a1ea14c6,40.455428,-86.915589,35,7621.42
811f6866-bf6b-4d63-b690-9320b35cc663,40.4320730526491,-86.8568853650621,22,4596
f0bfdbab-3f2e-40c7-823b-27ed6dd81e54,40.4321065802638,-86.8822697926921,73,11268.96
70814020-a9b7-44ef-a20e-fb5aff6b77a5,40.4240052756261,-86.9103743186266,60,6621.26
bc162fca-a6bc-4e4e-99d8-3f4648da05ea,40.3671570491288,-86.8759239991794,15,1670.46
62c1143c-029a-4b43-9f4f-6d6f9c55bc76,40.4188739013001,-86.8735754116521,12,1862.49
70814020-a9b7-44ef-a20e-fb5aff6b77a5,40.4482209792408,-86.9452668062068,34,1820.12
27d96cf3-940c-495a-ba0e-94d497c2f149,40.3934573280735,-86.8735638078983,48,6141.54
7afb54ae-31a1-4536-b273-c1a67b17e963,40.4172645757952,-86.8894339733978,8,969.39
106b7a4b-c510-4c36-84f3-e9ba6c6a9e1a,40.3981522636098,-86.85403790902,20,4699.47
a793c083-222b-4293-9d4e-f7454bbd6855,40.4244336072443,-86.9217332790451,14,1133.25
79dad13b-4042-4d5e-a786-240646d7578c,40.3655623117424,-86.8625837184539,4,345.79
9d713986-ad91-4d78-895f-ae03d84ed071,40.4660319303024,-86.9277572619388,54,5784.88
3c435a70-bd1f-4d17-86ca-139de51f22c9,40.4414835835387,-86.9103994614124,20,4186.53
7218f1c2-a821-475e-840c-a049d1a625b1,40.4573183149975,-86.9339595827246,1,23.22
55c5e2f3-e55e-4b4b-b0e1-0f46278e7d95,40.4302384215735,-86.9191072534983,14,2452.2
7110f3dc-2167-4bfb-8a75-b40c6791c80c,40.4195929901698,-86.8956428525834,72,10897.06
6a4db531-9f9e-496b-a86e-3d422ec5feed,40.418249496843,-86.891552804858,20,4830.42
cb61ff86-9f1a-46c0-9881-c76c0287240f,40.3835907807106,-86.8947742518648,47,4926.74
77ef10ae-585a-4bc9-adff-fc125f0932d2,40.418951,-86.875856,43,6927.92
7426c1e2-6b00-4c5f-8636-b34180893ecb,40.3917025262356,-86.8446633861562,8,903.22
55c5e2f3-e55e-4b4b-b0e1-0f46278e7d95,40.4313676316361,-86.9191233467533,15,2577.69
56fdf086-7941-45a1-afb3-b928148109a2,40.4504083498305,-86.9193036078349,35,3484.84
27d96cf3-940c-495a-ba0e-94d497c2f149,40.3910339111706,-86.8710715693874,39,5654.8
e8ff9056-010e-480e-be87-5fbfd502f830,40.4242069348801,-86.9253441633716,55,5739.36
77ef10ae-585a-4bc9-adff-fc125f0932d2,40.417776252643,-86.8366630553667,14,2234.47
7218f1c2-a821-475e-840c-a049d1a625b1,40.430436303032,-86.9321046843409,92,6301.82
ae80f7da-68bb-4e11-82d9-4e434fd30733,40.420261944548,-86.8867504231185,6,751.89
bc162fca-a6bc-4e4e-99d8-3f4648da05ea,40.3879257346034,-86.901487642796,48,5950.52
aacfedab-6f68-4a78-8641-b932f17dbff6,40.430559,-86.899728,16,3664.7
bc162fca-a6bc-4e4e-99d8-3f4648da05ea,40.3956433512369,-86.8960145713212,76,9686.1
3c435a70-bd1f-4d17-86ca-139de51f22c9,40.4313858078624,-86.9142260552471,32,6244.01
33ace3e0-53ff-4dc0-a898-bd50817a1644,40.425625,-86.88058,21,3084.1
6a4db531-9f9e-496b-a86e-3d422ec5feed,40.3978082742218,-86.8763976191943,4,1346.52
56fdf086-7941-45a1-afb3-b928148109a2,40.4268749312684,-86.9103404528106,3,408.13
bc162fca-a6bc-4e4e-99d8-3f4648da05ea,40.3740056641597,-86.8759431544632,23,2435.24
7110f3dc-2167-4bfb-8a75-b40c6791c80c,40.4175610544281,-86.8579732319442,50,7524.27
2722571e-4f1d-44f8-adbb-bbb7443b4f43,40.397305742006,-86.8527253567808,10,1004.41
42719558-c2a4-467d-8614-840defe90744,40.4368362105561,-86.9156059309876,44,5345.85
56fdf086-7941-45a1-afb3-b928148109a2,40.4744240046665,-86.9389387413809,83,7839.97
de154292-7fe9-40e4-9e11-8776303bf1c6,40.4190737600264,-86.8675121440035,43,6290.47
9e21239f-d54e-46e6-abcb-648b572ea90f,40.388028,-86.877485,1,157.44
c5e3979b-c192-42fb-860c-c4c246c5eec0,40.4173071020559,-86.8837213440157,10,1449.88
624d1f32-a356-47fb-b477-afd271f462cd,40.4656417045603,-86.9278115258769,30,3335.15
811f6866-bf6b-4d63-b690-9320b35cc663,40.4055620971657,-86.8345680436234,44,9616.77
42719558-c2a4-467d-8614-840defe90744,40.4514114896324,-86.9260982403971,33,3487.19
75965b70-7ad7-4945-be19-cfb16a1b3fa6,40.3881271015488,-86.87104645166,36,5330.49
7e415f9d-0dfe-4239-b4f5-b467213b6c43,40.413743,-86.857816,31,7059.69
cb61ff86-9f1a-46c0-9881-c76c0287240f,40.3755274248868,-86.8760591536436,28,2604.61
624d1f32-a356-47fb-b477-afd271f462cd,40.44281,-86.919553,48,6638.16
6a4db531-9f9e-496b-a86e-3d422ec5feed,40.40624,-86.886257,12,3082.4
f71ad2a5-ff13-4379-adc1-e257c3e59f53,40.366733,-86.862837,94,11510.43
42719558-c2a4-467d-8614-840defe90744,40.4431442874159,-86.9196295880968,40,4562.4
3081f37d-fdeb-4b5a-8813-07fa7cc93ba2,40.4337330144051,-86.927001172291,8,261.09
a9ab1807-2920-4cd6-b08d-3a8d7d8d9820,40.4028494676193,-86.8515972479677,22,5740.34
fa1bfc2a-4aa5-4966-81d1-33a2a1ea14c6,40.4332290848034,-86.9129582889651,18,3757.9
26ecb9dd-aec2-4972-9d24-ee2ae9653374,40.4298146325239,-86.8871487311809,94,11983.24
7261420d-8225-42cc-8837-046368279776,40.4207112145848,-86.8948077794795,60,10590.71
b8c15b96-4ecb-4c22-87aa-527ace63b880,40.416541,-86.877817,11,1827.79
a793c083-222b-4293-9d4e-f7454bbd6855,40.4181394857692,-86.9063085737755,27,3074.7
b2e6d44b-e65b-45c2-9323-7fe8ca8c9945,40.449890968197,-86.9008601844824,27,5910.85
f0bfdbab-3f2e-40c7-823b-27ed6dd81e54,40.4229864105458,-86.8470762381104,54,6983.62
716a1134-702e-43b2-8984-fd6f12a926a3,40.4252280548351,-86.9003224015428,36,7694.94
e8ff9056-010e-480e-be87-5fbfd502f830,40.4251124036168,-86.9417779711649,45,4276.86
7426c1e2-6b00-4c5f-8636-b34180893ecb,40.3954233464851,-86.8716120345361,37,6838.69
5394dfa6-526f-417d-96b5-51e5d4ce396d,40.4253966577408,-86.9136877050605,20,1027.48
624d1f32-a356-47fb-b477-afd271f462cd,40.4240934887021,-86.9172436713025,60,9349.8
5a3bff2c-b3f2-4911-8ef6-442c2d85d857,40.389442,-86.839644,61,11941.57
f8091890-6a74-4783-b6f3-0328c8090a51,40.453042,-86.958841,47,8115.99
12648a3c-ba8d-48be-8a85-8681ac0d9bff,40.4588552107417,-86.9346381122796,67,10748.88
de154292-7fe9-40e4-9e11-8776303bf1c6,40.416812896408,-86.8140891777489,5,218.41
3c435a70-bd1f-4d17-86ca-139de51f22c9,40.4308459419516,-86.9080364351294,28,5684.71
a793c083-222b-4293-9d4e-f7454bbd6855,40.418398249774,-86.9059305011898,30,3128.33
007b678c-d15d-4e6a-8928-cab840ddf344,40.4490420489932,-86.8778012322069,3,886.42
cb61ff86-9f1a-46c0-9881-c76c0287240f,40.367241,-86.8686066191558,12,1045.58
75965b70-7ad7-4945-be19-cfb16a1b3fa6,40.3873388340268,-86.8400801903706,18,1727.75
7e415f9d-0dfe-4239-b4f5-b467213b6c43,40.403019362868,-86.8097294455605,11,1034.55
e8ff9056-010e-480e-be87-5fbfd502f830,40.4529840056376,-86.9622322863744,10,294.38
ff80a8f5-2afb-449a-8e43-76f253357b41,40.457634,-86.962144,44,5103.22
79dad13b-4042-4d5e-a786-240646d7578c,40.4054776075767,-86.8975758193478,81,11233.16
bc162fca-a6bc-4e4e-99d8-3f4648da05ea,40.401953,-86.892955,83,10440.1
75965b70-7ad7-4945-be19-cfb16a1b3fa6,40.3937341576333,-86.8491420327663,8,432.5
bb92f4e4-7c69-4f9a-a86b-ab4a6ebf37f7,40.4202862055788,-86.8955977507531,62,11929.48
e8ff9056-010e-480e-be87-5fbfd502f830,40.4528940921824,-86.9622913669564,11,305.55
c5e3979b-c192-42fb-860c-c4c246c5eec0,40.4172645757952,-86.8894339733978,8,966.57
007b678c-d15d-4e6a-8928-cab840ddf344,40.4231430323152,-86.9102941286527,51,7475.81
d1a4f0a7-715f-4996-8eb3-283cae447608,40.4322956760106,-86.951155629823,34,3150.12
e8ff9056-010e-480e-be87-5fbfd502f830,40.4300233027754,-86.9480849467313,41,3512.78
77ef10ae-585a-4bc9-adff-fc125f0932d2,40.4167308105859,-86.814016852917,4,206.2
132fa334-e471-472b-921c-7d18439221cb,40.4164102921731,-86.886651181379,16,4208.53
ff80a8f5-2afb-449a-8e43-76f253357b41,40.4675604398095,-86.9548878829103,27,3029.37
29c28934-efe6-48d7-bf29-bf7cd63335d7,40.4391290904693,-86.9176744960562,34,5003.1
7afb54ae-31a1-4536-b273-c1a67b17e963,40.4069730579865,-86.8290878748619,31,8098.74
106b7a4b-c510-4c36-84f3-e9ba6c6a9e1a,40.4001,-86.8525,25,5000.32
7218f1c2-a821-475e-840c-a049d1a625b1,40.4173236670527,-86.8954504897109,144,10276.28
2722571e-4f1d-44f8-adbb-bbb7443b4f43,40.4207112145848,-86.8948077794795,34,6022.4
bc162fca-a6bc-4e4e-99d8-3f4648da05ea,40.4085918559424,-86.8959563729448,93,11650.45
bc162fca-a6bc-4e4e-99d8-3f4648da05ea,40.3642112761742,-86.8605273458871,2,115.89
f0bfdbab-3f2e-40c7-823b-27ed6dd81e54,40.4064016199904,-86.8343675479291,39,4137.06
5394dfa6-526f-417d-96b5-51e5d4ce396d,40.431424875916,-86.9195934856971,65,4126.6
7261420d-8225-42cc-8837-046368279776,40.4482858835271,-86.9235821940969,14,2047.62
79dad13b-4042-4d5e-a786-240646d7578c,40.383573,-86.89251,30,4715.87
5001d1c6-c1ea-4d03-b8eb-45705b3c0f70,40.4358493027353,-86.9195519729609,1,77.32
0e410d81-233b-4f4e-b644-b926ae73d696,40.4314217582655,-86.9216180889636,65,4395.25
c5ec81b9-e850-475e-af29-7b3b1d08551d,40.4562947426018,-86.9031507911176,36,3561.85
56fdf086-7941-45a1-afb3-b928148109a2,40.4239741220459,-86.9102747386858,1,85.68
a0020965-2b60-4e70-a047-a1b071f6ff20,40.4313747456627,-86.9172590771808,27,1330.33
26ecb9dd-aec2-4972-9d24-ee2ae9653374,40.4265204034813,-86.847045393029,62,7399.67
fa1bfc2a-4aa5-4966-81d1-33a2a1ea14c6,40.437283243971,-86.9061776641713,25,5339.3
27d96cf3-940c-495a-ba0e-94d497c2f149,40.381895,-86.863708,28,4055.19
7afb54ae-31a1-4536-b273-c1a67b17e963,40.4173071020559,-86.8837213440157,10,1452.7
132fa334-e471-472b-921c-7d18439221cb,40.4182605277237,-86.8905096020985,19,4738.1
aacfedab-6f68-4a78-8641-b932f17dbff6,40.428627,-86.911277,10,2190
de154292-7fe9-40e4-9e11-8776303bf1c6,40.4190469037918,-86.8700670820515,44,6506.63
7261420d-8225-42cc-8837-046368279776,40.4233035697522,-86.9069729391916,43,8962.54
29c28934-efe6-48d7-bf29-bf7cd63335d7,40.4670098475448,-86.9405028008119,19,1301.47
bb92f4e4-7c69-4f9a-a86b-ab4a6ebf37f7,40.4006289319463,-86.8047321346919,1,46.91
7e415f9d-0dfe-4239-b4f5-b467213b6c43,40.4195938300141,-86.8954798974103,48,10844.39
bc162fca-a6bc-4e4e-99d8-3f4648da05ea,40.3658230138677,-86.8627442031311,6,400.1
a0020965-2b60-4e70-a047-a1b071f6ff20,40.4329348718902,-86.920251537408,20,907.18
7110f3dc-2167-4bfb-8a75-b40c6791c80c,40.4182681114532,-86.8884775300565,66,10144.04
7261420d-8225-42cc-8837-046368279776,40.4419891799682,-86.9418322707315,25,4693.33
0e410d81-233b-4f4e-b644-b926ae73d696,40.4332420706667,-86.9257347154611,28,3001.86
42719558-c2a4-467d-8614-840defe90744,40.4675018210945,-86.9455545733137,21,895.13
7218f1c2-a821-475e-840c-a049d1a625b1,40.4420272541397,-86.941824801206,74,4759.65
811f6866-bf6b-4d63-b690-9320b35cc663,40.4200178635131,-86.8942954775271,1,88.4
811f6866-bf6b-4d63-b690-9320b35cc663,40.422628,-86.890628,6,681.54
132fa334-e471-472b-921c-7d18439221cb,40.420853371671,-86.8930187459599,23,5233.95
5001d1c6-c1ea-4d03-b8eb-45705b3c0f70,40.4200600125581,-86.9232605563518,30,2617.75
7218f1c2-a821-475e-840c-a049d1a625b1,40.4298759714251,-86.9317519116743,93,6370.86
62c1143c-029a-4b43-9f4f-6d6f9c55bc76,40.419996468817,-86.8819999186927,7,1127.76
33ace3e0-53ff-4dc0-a898-bd50817a1644,40.4369788132297,-86.866138986715,2,425.92
e585597e-0bea-47a2-b2ad-5525a03f22ee,40.4334436523813,-86.925061925678,16,2110.01
12f97034-fc21-44ef-b9d2-1b478749ee65,40.448253909205,-86.9451940841821,62,1843.27
d1a4f0a7-715f-4996-8eb3-283cae447608,40.453037199559,-86.9621325708707,7,284.99
9d713986-ad91-4d78-895f-ae03d84ed071,40.461857955364,-86.9244737528741,44,5109.07
db416ff3-0f30-49ce-a448-0bba8f984215,40.425625,-86.88058,19,3062.79
2090d1c1-77f9-4733-97f2-b4e97249c6ab,40.4354445895818,-86.8864996365606,8,2593.87
12f97034-fc21-44ef-b9d2-1b478749ee65,40.4484264153148,-86.9408764839251,33,882.18
29c28934-efe6-48d7-bf29-bf7cd63335d7,40.430362,-86.913149,39,6092.45
26ecb9dd-aec2-4972-9d24-ee2ae9653374,40.4280381807778,-86.8451751027057,71,7670.62
c5e3979b-c192-42fb-860c-c4c246c5eec0,40.4173987048969,-86.858374585535,17,3594.63
ed975a1b-9d65-44e7-b9a1-fd5ab53a748b,40.4476131718493,-86.962014780346,0,0
fa1bfc2a-4aa5-4966-81d1-33a2a1ea14c6,40.4607035164366,-86.9298450525496,43,9385.15
7afb54ae-31a1-4536-b273-c1a67b17e963,40.4037274660902,-86.8322009940267,28,7469.71
79dad13b-4042-4d5e-a786-240646d7578c,40.383865707151,-86.8951725599273,34,4957.28
77ef10ae-585a-4bc9-adff-fc125f0932d2,40.4207112145848,-86.8948077794795,53,8689.43
a9ab1807-2920-4cd6-b08d-3a8d7d8d9820,40.4172645757952,-86.8894339733978,8,970.5
f0bfdbab-3f2e-40c7-823b-27ed6dd81e54,40.398659,-86.838397,30,2870.94
7afb54ae-31a1-4536-b273-c1a67b17e963,40.4059590641236,-86.832612713135,29,7720.12
5001d1c6-c1ea-4d03-b8eb-45705b3c0f70,40.4202177952399,-86.9231700051614,31,2636.88
5394dfa6-526f-417d-96b5-51e5d4ce396d,40.4241058470735,-86.9156102537393,34,1436.41
77ef10ae-585a-4bc9-adff-fc125f0932d2,40.4193185599836,-86.8788919200608,45,7190.63
12f97034-fc21-44ef-b9d2-1b478749ee65,40.4314312890917,-86.9217320046321,98,5094.87
7110f3dc-2167-4bfb-8a75-b40c6791c80c,40.413743,-86.857816,49,7099.8
26ecb9dd-aec2-4972-9d24-ee2ae9653374,40.4029714908966,-86.8342702360239,33,3714.67
0e410d81-233b-4f4e-b644-b926ae73d696,40.4333508990481,-86.9234993294009,23,2806.88
29c28934-efe6-48d7-bf29-bf7cd63335d7,40.4506048788262,-86.9252863469099,28,3565.08
70814020-a9b7-44ef-a20e-fb5aff6b77a5,40.4475527411146,-86.9390705682484,2,42.96
716a1134-702e-43b2-8984-fd6f12a926a3,40.431434,-86.913331,28,6160.57
26ecb9dd-aec2-4972-9d24-ee2ae9653374,40.3962100179581,-86.8383402053748,28,2601.21
e8ff9056-010e-480e-be87-5fbfd502f830,40.4372261930186,-86.9620439207133,32,2060.33
7110f3dc-2167-4bfb-8a75-b40c6791c80c,40.4202862055788,-86.8955977507531,74,10974.34
a793c083-222b-4293-9d4e-f7454bbd6855,40.4211282928641,-86.9020663589212,39,3756.66
75965b70-7ad7-4945-be19-cfb16a1b3fa6,40.3914991272897,-86.8492604451236,1,39.34
26ecb9dd-aec2-4972-9d24-ee2ae9653374,40.4273469713456,-86.8462949971816,69,7547.39
e8ff9056-010e-480e-be87-5fbfd502f830,40.4475107636357,-86.9618509552955,15,905.91
70814020-a9b7-44ef-a20e-fb5aff6b77a5,40.4474487681313,-86.9451480604862,26,1631.25
0e410d81-233b-4f4e-b644-b926ae73d696,40.4330327848231,-86.9219815765039,19,2673.04
b8c15b96-4ecb-4c22-87aa-527ace63b880,40.3817025054516,-86.8689539652439,58,8412.94
12f97034-fc21-44ef-b9d2-1b478749ee65,40.446071867555,-86.9434825138413,44,1404.31
62c1143c-029a-4b43-9f4f-6d6f9c55bc76,40.4158018106527,-86.8313223361266,47,7139.03
6c20d044-6cfd-4f7b-af03-b2fd1fb8325b,40.4207112145848,-86.8948077794795,0,0
29c28934-efe6-48d7-bf29-bf7cd63335d7,40.4669074898647,-86.9455047229092,14,804.17
27d96cf3-940c-495a-ba0e-94d497c2f149,40.3922624826314,-86.8721553202763,44,5885.43
a793c083-222b-4293-9d4e-f7454bbd6855,40.43542,-86.88636,66,7253.41
b2e6d44b-e65b-45c2-9323-7fe8ca8c9945,40.4302384215735,-86.9191072534983,5,1258.38
79dad13b-4042-4d5e-a786-240646d7578c,40.3879896037572,-86.9047078135436,41,6219.63
b8c15b96-4ecb-4c22-87aa-527ace63b880,40.4119341354605,-86.8771174681688,15,2359.33
fa1bfc2a-4aa5-4966-81d1-33a2a1ea14c6,40.4590300610302,-86.935022794031,46,9914.7
7426c1e2-6b00-4c5f-8636-b34180893ecb,40.4182681114532,-86.8884775300565,53,10543.86
106b7a4b-c510-4c36-84f3-e9ba6c6a9e1a,40.398136647331,-86.8540193562766,32,5298.39
e8ff9056-010e-480e-be87-5fbfd502f830,40.4458000598834,-86.9619416276431,17,1096.21
132fa334-e471-472b-921c-7d18439221cb,40.4218598224564,-86.8930387855597,24,5345.8
b2e6d44b-e65b-45c2-9323-7fe8ca8c9945,40.4729284627991,-86.8912592167413,45,9400.21
d1a4f0a7-715f-4996-8eb3-283cae447608,40.4529950211703,-86.9618456699936,5,258.34
27d96cf3-940c-495a-ba0e-94d497c2f149,40.418249496843,-86.891552804858,75,10967.18
62c1143c-029a-4b43-9f4f-6d6f9c55bc76,40.4153883704775,-86.8146955558476,81,9507.79
27d96cf3-940c-495a-ba0e-94d497c2f149,40.393337,-86.84857,7,366.99
c5ec81b9-e850-475e-af29-7b3b1d08551d,40.4711163915605,-86.8967016795992,25,1674.5
12f97034-fc21-44ef-b9d2-1b478749ee65,40.447612777907,-86.9446751336635,51,1690.14
bc162fca-a6bc-4e4e-99d8-3f4648da05ea,40.3986424849568,-86.8941910222227,79,10056.67
75965b70-7ad7-4945-be19-cfb16a1b3fa6,40.3829249412734,-86.8435612068967,21,2300.54
62c1143c-029a-4b43-9f4f-6d6f9c55bc76,40.4155563237328,-86.8243210249697,67,8107.08
12f97034-fc21-44ef-b9d2-1b478749ee65,40.4480395917552,-86.9445121990456,57,1766.93
bc162fca-a6bc-4e4e-99d8-3f4648da05ea,40.4051839056721,-86.8933178122829,85,10826.19
b8c15b96-4ecb-4c22-87aa-527ace63b880,40.3889325700738,-86.8387350183539,69,11396.28
b8c15b96-4ecb-4c22-87aa-527ace63b880,40.3926091834492,-86.872070571628,38,6052.95
12648a3c-ba8d-48be-8a85-8681ac0d9bff,40.4468022758293,-86.9368095075966,42,7077.84
7261420d-8225-42cc-8837-046368279776,40.4311020929278,-86.93265509204,30,6141.73
12f97034-fc21-44ef-b9d2-1b478749ee65,40.4313532561185,-86.929943749358,93,4398.84
79dad13b-4042-4d5e-a786-240646d7578c,40.3816797066736,-86.8830999364316,19,3869.28
33ace3e0-53ff-4dc0-a898-bd50817a1644,40.4377901815051,-86.8621290839987,0,0
55c5e2f3-e55e-4b4b-b0e1-0f46278e7d95,40.4666079907129,-86.9387924405836,42,7539.71
a0020965-2b60-4e70-a047-a1b071f6ff20,40.4313435427689,-86.9141809051405,32,1598.68
75965b70-7ad7-4945-be19-cfb16a1b3fa6,40.4202847985979,-86.8954844080749,77,11517.25
b4417114-9ce7-42e9-936b-536f4ec21247,40.4177031169953,-86.8479978649615,13,3189.5
de154292-7fe9-40e4-9e11-8776303bf1c6,40.41539,-86.8138,0,0
79dad13b-4042-4d5e-a786-240646d7578c,40.3870696060103,-86.8951966998098,37,5313.83
7218f1c2-a821-475e-840c-a049d1a625b1,40.4242327618993,-86.9292476041687,104,7131.07
e8ff9056-010e-480e-be87-5fbfd502f830,40.432062860405,-86.9507426153066,39,3193.42
70814020-a9b7-44ef-a20e-fb5aff6b77a5,40.4467836288681,-86.9404925072486,23,1055.83
33ace3e0-53ff-4dc0-a898-bd50817a1644,40.4307037848654,-86.8689781051265,10,1717.42
2713ba46-9e58-4dcd-8a32-2cb9dcf2490b,40.4418698216599,-86.8744524940522,3,634.8
f71ad2a5-ff13-4379-adc1-e257c3e59f53,40.3936799105215,-86.9018566251908,23,3588.81
27d96cf3-940c-495a-ba0e-94d497c2f149,40.3929342605605,-86.8466270572701,11,722.16
cb61ff86-9f1a-46c0-9881-c76c0287240f,40.3740630314131,-86.8759321821415,26,2441.43
70814020-a9b7-44ef-a20e-fb5aff6b77a5,40.4500746995255,-86.9418416584636,9,527.42
007b678c-d15d-4e6a-8928-cab840ddf344,40.425514577469,-86.9289031368563,64,9284.79
fa1bfc2a-4aa5-4966-81d1-33a2a1ea14c6,40.4326001067519,-86.9056988898336,23,4816.4
26ecb9dd-aec2-4972-9d24-ee2ae9653374,40.4290307578338,-86.8448851067546,75,7787.81
007b678c-d15d-4e6a-8928-cab840ddf344,40.4184334497598,-86.9067984268771,40,6666.71
29c28934-efe6-48d7-bf29-bf7cd63335d7,40.4603649950245,-86.9332585891043,23,2280.27
7110f3dc-2167-4bfb-8a75-b40c6791c80c,40.4174197009031,-86.8757738078906,55,9030.7
55c5e2f3-e55e-4b4b-b0e1-0f46278e7d95,40.4678057207144,-86.9432465712541,46,7946.25
aacfedab-6f68-4a78-8641-b932f17dbff6,40.4482548206004,-86.8996089339023,24,5703.46
5a3bff2c-b3f2-4911-8ef6-442c2d85d857,40.4179066636917,-86.8390657766615,38,7846.82
56fdf086-7941-45a1-afb3-b928148109a2,40.4477888148891,-86.919468399474,29,3189.52
26ecb9dd-aec2-4972-9d24-ee2ae9653374,40.4313931126233,-86.887203716469,93,11807.78
12648a3c-ba8d-48be-8a85-8681ac0d9bff,40.4182160853009,-86.8973657406277,5,555.28
de154292-7fe9-40e4-9e11-8776303bf1c6,40.4221737676004,-86.8509158108193,26,3898.38
7218f1c2-a821-475e-840c-a049d1a625b1,40.4545627233626,-86.9292214444764,20,1213.91
75965b70-7ad7-4945-be19-cfb16a1b3fa6,40.3855580329016,-86.8698891213679,33,4954.43
b8c15b96-4ecb-4c22-87aa-527ace63b880,40.417262,-86.893175,3,486.79
f8091890-6a74-4783-b6f3-0328c8090a51,40.4204440976824,-86.9156890845598,11,1207.9
ae80f7da-68bb-4e11-82d9-4e434fd30733,40.4200124990948,-86.89084079211,3,378.97
76f6f48e-6195-424d-9f43-c18c77e27a27,40.4101120166287,-86.8865623028976,9,1819.23
5a3bff2c-b3f2-4911-8ef6-442c2d85d857,40.4047998865985,-86.835344170859,45,9699.25
b8c15b96-4ecb-4c22-87aa-527ace63b880,40.3913824437331,-86.8436927634403,71,11896.65
0b4c0e9d-9ceb-4424-84ef-0c222182a7ed,40.4175623914183,-86.9260434191513,5,554.42
33ace3e0-53ff-4dc0-a898-bd50817a1644,40.4212932539757,-86.8942525621803,32,4782.99
e585597e-0bea-47a2-b2ad-5525a03f22ee,40.4334727117737,-86.9247550982372,15,2083.86
42719558-c2a4-467d-8614-840defe90744,40.4363064059803,-86.9154207350212,45,5406.77
f71ad2a5-ff13-4379-adc1-e257c3e59f53,40.3842345109126,-86.9011364520274,54,6561.86
62c1143c-029a-4b43-9f4f-6d6f9c55bc76,40.4174389193916,-86.8437143769094,38,5845.52
77ef10ae-585a-4bc9-adff-fc125f0932d2,40.4242548259655,-86.8606636478303,35,5133.72
7218f1c2-a821-475e-840c-a049d1a625b1,40.4574379729506,-86.9333654865675,3,75.24
8893a0f4-c34d-4fc9-a9fb-8e833fee37ca,40.424682225268,-86.8842090299254,10,1436.8
106b7a4b-c510-4c36-84f3-e9ba6c6a9e1a,40.4172962620423,-86.881858922984,8,1443.28
e8ff9056-010e-480e-be87-5fbfd502f830,40.4341839512696,-86.9555584761833,35,2722.27
bc162fca-a6bc-4e4e-99d8-3f4648da05ea,40.3850738108703,-86.9112680156054,60,7145.86
f8091890-6a74-4783-b6f3-0328c8090a51,40.4260148000766,-86.9388951223016,27,3789.52
d1a4f0a7-715f-4996-8eb3-283cae447608,40.4519830815106,-86.9621029102301,11,410.15
5394dfa6-526f-417d-96b5-51e5d4ce396d,40.4242787211164,-86.9223586472781,39,2007.94
12f97034-fc21-44ef-b9d2-1b478749ee65,40.4469364668218,-86.9405200749878,39,1057.71
bc162fca-a6bc-4e4e-99d8-3f4648da05ea,40.3707078723254,-86.8759191286687,20,2068.08
62c1143c-029a-4b43-9f4f-6d6f9c55bc76,40.4248587501304,-86.8509579973087,23,4412.13
12648a3c-ba8d-48be-8a85-8681ac0d9bff,40.442945387539,-86.9424277211683,36,5976.46
3081f37d-fdeb-4b5a-8813-07fa7cc93ba2,40.4331915338749,-86.92314800162,18,663.77
cb61ff86-9f1a-46c0-9881-c76c0287240f,40.3964761135862,-86.8952369329474,87,9808.36
6a4db531-9f9e-496b-a86e-3d422ec5feed,40.4182550122835,-86.8929220084798,21,4946.26
132fa334-e471-472b-921c-7d18439221cb,40.3978082742218,-86.8763976191943,4,1345.51
7426c1e2-6b00-4c5f-8636-b34180893ecb,40.3819726891603,-86.8549920209801,16,3255.69
42719558-c2a4-467d-8614-840defe90744,40.449735343651,-86.9246870096678,38,3713.84
7261420d-8225-42cc-8837-046368279776,40.4200567555461,-86.8954796728778,59,10498.41
fa1bfc2a-4aa5-4966-81d1-33a2a1ea14c6,40.4426639284186,-86.9120788549748,29,6127.53
b4417114-9ce7-42e9-936b-536f4ec21247,40.4177943121072,-86.8338532348784,9,1992.8
62c1143c-029a-4b43-9f4f-6d6f9c55bc76,40.4199953410598,-86.8840160529634,6,957.2
f8091890-6a74-4783-b6f3-0328c8090a51,40.4186303405551,-86.9103331040664,4,661.25
7218f1c2-a821-475e-840c-a049d1a625b1,40.4233347730462,-86.906958525648,122,9044.88
716a1134-702e-43b2-8984-fd6f12a926a3,40.4313569027994,-86.9103739804252,27,5910.31
ae80f7da-68bb-4e11-82d9-4e434fd30733,40.42642,-86.88135,16,2178.55
2090d1c1-77f9-4733-97f2-b4e97249c6ab,40.45141,-86.87723,2,618.9
ff80a8f5-2afb-449a-8e43-76f253357b41,40.4675769385327,-86.9416710484503,12,1618.51
b8c15b96-4ecb-4c22-87aa-527ace63b880,40.392097827212,-86.8501101542632,81,12806.5
70814020-a9b7-44ef-a20e-fb5aff6b77a5,40.4240200603626,-86.9122149502974,63,6778.13
a793c083-222b-4293-9d4e-f7454bbd6855,40.4444474246769,-86.881977431892,70,8337
7afb54ae-31a1-4536-b273-c1a67b17e963,40.4028974115381,-86.8447126310246,23,6321.82
9d713986-ad91-4d78-895f-ae03d84ed071,40.4656002048705,-86.928565382597,62,5907.19
29c28934-efe6-48d7-bf29-bf7cd63335d7,40.4430022335573,-86.9196409133114,33,4541.7
f8091890-6a74-4783-b6f3-0328c8090a51,40.4557462014702,-86.9504004363358,42,7323.84
7110f3dc-2167-4bfb-8a75-b40c6791c80c,40.418249903495,-86.895464995958,70,10735.19
5a3bff2c-b3f2-4911-8ef6-442c2d85d857,40.3901618073958,-86.8383908672393,58,11712.61
5394dfa6-526f-417d-96b5-51e5d4ce396d,40.4257859543434,-86.9148264476554,28,1187.46
5394dfa6-526f-417d-96b5-51e5d4ce396d,40.428627,-86.911277,79,4982.94
70814020-a9b7-44ef-a20e-fb5aff6b77a5,40.427937328956,-86.9103988912177,59,6184.33
cb61ff86-9f1a-46c0-9881-c76c0287240f,40.3942746353231,-86.9003541775254,84,9295.67
2a068c67-dc1e-4ead-a035-c4161cb0a07e,40.4212905717665,-86.894240492239,42,5952.59
e8ff9056-010e-480e-be87-5fbfd502f830,40.4529326631894,-86.9612521273542,2,204.41
007b678c-d15d-4e6a-8928-cab840ddf344,40.4194660575031,-86.9102744167953,44,7064.7
de154292-7fe9-40e4-9e11-8776303bf1c6,40.417737481742,-86.8398018704686,14,2498.57
f0bfdbab-3f2e-40c7-823b-27ed6dd81e54,40.39148256387,-86.8492156194398,1,43.54
cb61ff86-9f1a-46c0-9881-c76c0287240f,40.4131715245945,-86.894162708173,109,12213.68
62c1143c-029a-4b43-9f4f-6d6f9c55bc76,40.4145338912467,-86.8251403702178,61,7912.55
e585597e-0bea-47a2-b2ad-5525a03f22ee,40.429170902322,-86.916608775652,3,956.18
ae80f7da-68bb-4e11-82d9-4e434fd30733,40.426460481484,-86.8788679677622,18,2388.82
b2e6d44b-e65b-45c2-9323-7fe8ca8c9945,40.4544171961795,-86.9029670597891,30,6488.09
bc162fca-a6bc-4e4e-99d8-3f4648da05ea,40.3672413746858,-86.8710313362498,13,1255.74
56fdf086-7941-45a1-afb3-b928148109a2,40.4654701169285,-86.9317245654072,73,6243.12
12648a3c-ba8d-48be-8a85-8681ac0d9bff,40.4460902777964,-86.9401183390688,50,7537.31
79dad13b-4042-4d5e-a786-240646d7578c,40.3816314269085,-86.8825822700609,18,3825.13
2713ba46-9e58-4dcd-8a32-2cb9dcf2490b,40.4257524267288,-86.886995845258,16,3178.69
3c435a70-bd1f-4d17-86ca-139de51f22c9,40.4598148675056,-86.9340055120325,3,378.81
132fa334-e471-472b-921c-7d18439221cb,40.4182838152816,-86.8867115310855,17,4416.78
55c5e2f3-e55e-4b4b-b0e1-0f46278e7d95,40.4242014848611,-86.918730387014,9,1765.55
e585597e-0bea-47a2-b2ad-5525a03f22ee,40.4333121540729,-86.9254518035706,17,2146.08
7261420d-8225-42cc-8837-046368279776,40.4574942442045,-86.9332442122534,2,82.98
716a1134-702e-43b2-8984-fd6f12a926a3,40.4266603545344,-86.909142846414,32,6922.29
7e415f9d-0dfe-4239-b4f5-b467213b6c43,40.406302386898,-86.857529095264,30,6232.53
5001d1c6-c1ea-4d03-b8eb-45705b3c0f70,40.4180578334438,-86.9283564351614,45,3600.57
55c5e2f3-e55e-4b4b-b0e1-0f46278e7d95,40.4505359869304,-86.92477590717,31,5381.3
106b7a4b-c510-4c36-84f3-e9ba6c6a9e1a,40.4207112145848,-86.8948077794795,0,0
5001d1c6-c1ea-4d03-b8eb-45705b3c0f70,40.4186054017932,-86.9223922943635,41,3019.34
7261420d-8225-42cc-8837-046368279776,40.4501773454065,-86.925095954305,12,1801.01
9d713986-ad91-4d78-895f-ae03d84ed071,40.4519549548179,-86.9225605848121,30,3851.73
cb61ff86-9f1a-46c0-9881-c76c0287240f,40.3641122572299,-86.8605851978127,3,127.16
cb61ff86-9f1a-46c0-9881-c76c0287240f,40.3988812055427,-86.8940367003629,89,10094.5
9d713986-ad91-4d78-895f-ae03d84ed071,40.4744240046665,-86.9389387413809,82,7818.78
bc162fca-a6bc-4e4e-99d8-3f4648da05ea,40.3926405544663,-86.9054709020538,67,8774.88
9d713986-ad91-4d78-895f-ae03d84ed071,40.4458890624837,-86.9214326769312,18,2785.87
f0bfdbab-3f2e-40c7-823b-27ed6dd81e54,40.39185,-86.84846,3,122.27
55c5e2f3-e55e-4b4b-b0e1-0f46278e7d95,40.4690074018204,-86.9437008612522,52,8093.07
26ecb9dd-aec2-4972-9d24-ee2ae9653374,40.3943512207164,-86.8370648172472,23,2271.54
624d1f32-a356-47fb-b477-afd271f462cd,40.4460565795969,-86.921804369829,45,6229.3
62c1143c-029a-4b43-9f4f-6d6f9c55bc76,40.4218659056345,-86.8509818226684,30,4794.19
79dad13b-4042-4d5e-a786-240646d7578c,40.3836739291951,-86.8950545427236,32,4933.06
007b678c-d15d-4e6a-8928-cab840ddf344,40.4564690861982,-86.8758566305552,1,44.87
79dad13b-4042-4d5e-a786-240646d7578c,40.3818406392241,-86.8760873005442,15,3274.3
bb92f4e4-7c69-4f9a-a86b-ab4a6ebf37f7,40.4182816806676,-86.8866477638866,53,10944.11
5394dfa6-526f-417d-96b5-51e5d4ce396d,40.431280459838,-86.9153011986793,72,4491.7
c5ec81b9-e850-475e-af29-7b3b1d08551d,40.4487483470886,-86.9001359880052,43,4495.62
7e415f9d-0dfe-4239-b4f5-b467213b6c43,40.4182909224353,-86.8837724577338,41,9706.51
7261420d-8225-42cc-8837-046368279776,40.4553827914824,-86.9300278681533,8,1084.18
9d713986-ad91-4d78-895f-ae03d84ed071,40.4602185441502,-86.9245256308942,35,4920.52
fa1bfc2a-4aa5-4966-81d1-33a2a1ea14c6,40.4606077349548,-86.9329246540621,44,9645.73
12648a3c-ba8d-48be-8a85-8681ac0d9bff,40.4313763297413,-86.9327467170706,32,4442.66
c5ec81b9-e850-475e-af29-7b3b1d08551d,40.4729284627991,-86.8912592167413,0,0
5a3bff2c-b3f2-4911-8ef6-442c2d85d857,40.432046,-86.870901,17,3393.6
5a3bff2c-b3f2-4911-8ef6-442c2d85d857,40.4222852147159,-86.8470753632628,33,6757.18
b8c15b96-4ecb-4c22-87aa-527ace63b880,40.4173106749239,-86.8788554922178,9,1698.28
62c1143c-029a-4b43-9f4f-6d6f9c55bc76,40.4147092803794,-86.824972836365,62,7936.65
a793c083-222b-4293-9d4e-f7454bbd6855,40.4184962650615,-86.910274092862,22,2729.71
e8ff9056-010e-480e-be87-5fbfd502f830,40.4376167289338,-86.9619546841277,31,2016.28
a793c083-222b-4293-9d4e-f7454bbd6855,40.4209655800463,-86.9016874679479,40,3793.46
26ecb9dd-aec2-4972-9d24-ee2ae9653374,40.402968777825,-86.8385491312869,31,3352.52
9d713986-ad91-4d78-895f-ae03d84ed071,40.4455809736814,-86.9212397421655,16,2745.01
132fa334-e471-472b-921c-7d18439221cb,40.4044161600154,-86.8861926400256,11,2875.16
56fdf086-7941-45a1-afb3-b928148109a2,40.4808329332371,-86.9345540961357,91,8884.25
3c435a70-bd1f-4d17-86ca-139de51f22c9,40.4309478659003,-86.9102774208949,29,5874.6
26ecb9dd-aec2-4972-9d24-ee2ae9653374,40.3917025262356,-86.8446633861562,12,927.78
cb61ff86-9f1a-46c0-9881-c76c0287240f,40.3896900862392,-86.912993743034,74,7688.72
7261420d-8225-42cc-8837-046368279776,40.420805,-86.901506,47,9503.22
bc162fca-a6bc-4e4e-99d8-3f4648da05ea,40.3835620079888,-86.8911773999769,37,4611.33
aacfedab-6f68-4a78-8641-b932f17dbff6,40.4245414092864,-86.9190750669882,2,621.46
62c1143c-029a-4b43-9f4f-6d6f9c55bc76,40.4199900896031,-86.8860162069548,5,787.99
db416ff3-0f30-49ce-a448-0bba8f984215,40.43102,-86.870703,12,1912
132fa334-e471-472b-921c-7d18439221cb,40.4212623211109,-86.894384633721,26,5523.59
c5ec81b9-e850-475e-af29-7b3b1d08551d,40.4437487091868,-86.8996625780858,50,5065
f8091890-6a74-4783-b6f3-0328c8090a51,40.4185123731748,-86.9106386683577,5,690.23
7110f3dc-2167-4bfb-8a75-b40c6791c80c,40.4175207201523,-86.8673166719923,53,8315.14
f42d1f15-dd59-4025-b28f-99a130b2d962,40.4333645363667,-86.8815053630772,8,1913.9
20e15c6a-5b6f-40ca-9df9-888a18a65225,40.4263210550738,-86.8728029354097,19,2922.6
7afb54ae-31a1-4536-b273-c1a67b17e963,40.4028494676193,-86.8515972479677,22,5739.23
7426c1e2-6b00-4c5f-8636-b34180893ecb,40.418249496843,-86.891552804858,55,10804.03
55c5e2f3-e55e-4b4b-b0e1-0f46278e7d95,40.4687293287658,-86.9433980012534,50,8052.74
b8c15b96-4ecb-4c22-87aa-527ace63b880,40.3854736915513,-86.8763380871021,53,7378.39
0e410d81-233b-4f4e-b644-b926ae73d696,40.4344224306284,-86.9256274829198,44,3537.47
106b7a4b-c510-4c36-84f3-e9ba6c6a9e1a,40.417262,-86.893175,3,485.89
811f6866-bf6b-4d63-b690-9320b35cc663,40.4039232673599,-86.8344714840932,46,9846.18
7afb54ae-31a1-4536-b273-c1a67b17e963,40.402366244934,-86.8053413513506,42,11225.56
bc162fca-a6bc-4e4e-99d8-3f4648da05ea,40.3671790384998,-86.871614109669,14,1305.56
7218f1c2-a821-475e-840c-a049d1a625b1,40.420978146195,-86.9016468139954,127,9565.91
f71ad2a5-ff13-4379-adc1-e257c3e59f53,40.3844718864245,-86.91099222964,42,5710.22
2722571e-4f1d-44f8-adbb-bbb7443b4f43,40.393337,-86.84857,6,362.83
20e15c6a-5b6f-40ca-9df9-888a18a65225,40.424705024046,-86.8823086847251,11,1597.88
7218f1c2-a821-475e-840c-a049d1a625b1,40.4239718935654,-86.911528422149,115,8636.01
bc162fca-a6bc-4e4e-99d8-3f4648da05ea,40.3959536126445,-86.8956459816098,77,9732.59
106b7a4b-c510-4c36-84f3-e9ba6c6a9e1a,40.4154022439051,-86.8765216121936,12,1995.01
fa1bfc2a-4aa5-4966-81d1-33a2a1ea14c6,40.459531387183,-86.9350130285807,45,9858.99
75965b70-7ad7-4945-be19-cfb16a1b3fa6,40.3852359476855,-86.841803764228,19,2003.22
c5ec81b9-e850-475e-af29-7b3b1d08551d,40.4479463665454,-86.8996397793078,45,4594.36
a9ab1807-2920-4cd6-b08d-3a8d7d8d9820,40.392812,-86.80999,43,12715.18
de154292-7fe9-40e4-9e11-8776303bf1c6,40.4189114133215,-86.87590791482,48,7004.21
7110f3dc-2167-4bfb-8a75-b40c6791c80c,40.4067999366999,-86.8325537045332,27,3337.63
106b7a4b-c510-4c36-84f3-e9ba6c6a9e1a,40.404968,-86.863717,18,3583.91
79dad13b-4042-4d5e-a786-240646d7578c,40.4201238442384,-86.89425456958,92,12978.38
a793c083-222b-4293-9d4e-f7454bbd6855,40.4273882048549,-86.9289637281316,2,208.27
77ef10ae-585a-4bc9-adff-fc125f0932d2,40.4191004270538,-86.8653054273372,39,6035.2
ff80a8f5-2afb-449a-8e43-76f253357b41,40.4476131718493,-86.962014780346,46,6216.81
f8091890-6a74-4783-b6f3-0328c8090a51,40.4204112759756,-86.9197580096012,16,1554.28
77ef10ae-585a-4bc9-adff-fc125f0932d2,40.4225864445268,-86.8509077407194,26,3940.83
f71ad2a5-ff13-4379-adc1-e257c3e59f53,40.3846153846154,-86.9085608070231,47,5924.66
5001d1c6-c1ea-4d03-b8eb-45705b3c0f70,40.4175670844382,-86.9253506167617,43,3339.04
75965b70-7ad7-4945-be19-cfb16a1b3fa6,40.3935197193371,-86.8764221318749,49,6385.29
5394dfa6-526f-417d-96b5-51e5d4ce396d,40.4241474044907,-86.9159167971659,35,1462.75
716a1134-702e-43b2-8984-fd6f12a926a3,40.4414835835387,-86.9103994614124,18,4179.2
70814020-a9b7-44ef-a20e-fb5aff6b77a5,40.4460098115212,-86.9404455685881,98,12247.76
a793c083-222b-4293-9d4e-f7454bbd6855,40.4218810291971,-86.9042323786104,37,3552.49
007b678c-d15d-4e6a-8928-cab840ddf344,40.4182398030311,-86.8976313257257,22,5426.89
26ecb9dd-aec2-4972-9d24-ee2ae9653374,40.4273162507615,-86.8467313524615,68,7510.32
76f6f48e-6195-424d-9f43-c18c77e27a27,40.4172645757952,-86.8894339733978,5,801.07
f8091890-6a74-4783-b6f3-0328c8090a51,40.4548127950743,-86.9524077525526,43,7522.75
2722571e-4f1d-44f8-adbb-bbb7443b4f43,40.4182605277237,-86.8905096020985,28,5179.54
6a4db531-9f9e-496b-a86e-3d422ec5feed,40.402644,-86.885609,9,2657.88
56fdf086-7941-45a1-afb3-b928148109a2,40.4280349867365,-86.9104128724583,5,537.3
7218f1c2-a821-475e-840c-a049d1a625b1,40.427659406579,-86.9307024423978,96,6633.69
716a1134-702e-43b2-8984-fd6f12a926a3,40.46057,-86.92061,7,1525.23
27d96cf3-940c-495a-ba0e-94d497c2f149,40.3819233060846,-86.8587451625682,26,3635.05
55c5e2f3-e55e-4b4b-b0e1-0f46278e7d95,40.4282278040181,-86.9191214514328,13,2228.78
7218f1c2-a821-475e-840c-a049d1a625b1,40.4478795843592,-86.923434119396,43,2119.77
7110f3dc-2167-4bfb-8a75-b40c6791c80c,40.418266380922,-86.8801025676788,62,9435.5
75965b70-7ad7-4945-be19-cfb16a1b3fa6,40.381865,-86.868718,29,4479.27
12f97034-fc21-44ef-b9d2-1b478749ee65,40.4305709205386,-86.9322910886795,85,4154.14
12648a3c-ba8d-48be-8a85-8681ac0d9bff,40.4210143042215,-86.9014207661999,15,1051.03
0e410d81-233b-4f4e-b644-b926ae73d696,40.4329846489869,-86.9220173206844,62,4181.36
70814020-a9b7-44ef-a20e-fb5aff6b77a5,40.4307980526166,-86.9318247796332,81,9255.59
76f6f48e-6195-424d-9f43-c18c77e27a27,40.4172766457365,-86.891884171479,4,593.78
7218f1c2-a821-475e-840c-a049d1a625b1,40.4460622363634,-86.9400064153254,58,3878.72
de154292-7fe9-40e4-9e11-8776303bf1c6,40.4217622681361,-86.8507699536899,24,3849.1
2a068c67-dc1e-4ead-a035-c4161cb0a07e,40.39168,-86.84966,0,0
7e415f9d-0dfe-4239-b4f5-b467213b6c43,40.403083,-86.813864,12,1384.48
e585597e-0bea-47a2-b2ad-5525a03f22ee,40.4259026304426,-86.9166141400703,2,593.01
2a068c67-dc1e-4ead-a035-c4161cb0a07e,40.4182909224353,-86.8837724577338,34,4617.76
6a4db531-9f9e-496b-a86e-3d422ec5feed,40.388000332594,-86.879344843587,0,0
26ecb9dd-aec2-4972-9d24-ee2ae9653374,40.425795,-86.887023,96,12430.03
7218f1c2-a821-475e-840c-a049d1a625b1,40.4465537733399,-86.922214778498,45,2301.38
26ecb9dd-aec2-4972-9d24-ee2ae9653374,40.4206531589356,-86.8435856996188,53,6517.21
b8c15b96-4ecb-4c22-87aa-527ace63b880,40.3932896490866,-86.848649641791,77,12568.12
26ecb9dd-aec2-4972-9d24-ee2ae9653374,40.422861,-86.886934,98,12756.14
79dad13b-4042-4d5e-a786-240646d7578c,40.4098348563811,-86.8946039315822,87,11824.51
27d96cf3-940c-495a-ba0e-94d497c2f149,40.3942144834175,-86.8484753197126,10,510.73
716a1134-702e-43b2-8984-fd6f12a926a3,40.443075474684,-86.9127651699046,17,3912.15
bc162fca-a6bc-4e4e-99d8-3f4648da05ea,40.3988812055427,-86.8940367003629,80,10086.24
26ecb9dd-aec2-4972-9d24-ee2ae9653374,40.4265972100635,-86.8470807069662,63,7408.71
7261420d-8225-42cc-8837-046368279776,40.4478795843592,-86.923434119396,15,2094.47
c5ec81b9-e850-475e-af29-7b3b1d08551d,40.4725770933972,-86.8885890775078,6,272.4
bb92f4e4-7c69-4f9a-a86b-ab4a6ebf37f7,40.4176335918993,-86.8593192756732,44,8599.82
3081f37d-fdeb-4b5a-8813-07fa7cc93ba2,40.4333659573078,-86.9272422896238,9,306.69
12f97034-fc21-44ef-b9d2-1b478749ee65,40.4474819660061,-86.9390922991542,1,35.81
e8ff9056-010e-480e-be87-5fbfd502f830,40.4260821037191,-86.9429631853108,44,4129.68
26ecb9dd-aec2-4972-9d24-ee2ae9653374,40.3915262348344,-86.8489560412942,2,66.98
9d713986-ad91-4d78-895f-ae03d84ed071,40.4610659395761,-86.9244811619247,41,5020.29
7426c1e2-6b00-4c5f-8636-b34180893ecb,40.381865,-86.868718,20,4417.64
b4417114-9ce7-42e9-936b-536f4ec21247,40.4200787230275,-86.885749563016,42,7849.53
cb61ff86-9f1a-46c0-9881-c76c0287240f,40.3847119441457,-86.908483022957,65,6908.47
db416ff3-0f30-49ce-a448-0bba8f984215,40.4264591888463,-86.8773935364123,17,2730.08
55c5e2f3-e55e-4b4b-b0e1-0f46278e7d95,40.430362,-86.913149,0,0
9d713986-ad91-4d78-895f-ae03d84ed071,40.423931,-86.911286,0,0
12f97034-fc21-44ef-b9d2-1b478749ee65,40.4409282788724,-86.9405336661484,76,2795.8
aacfedab-6f68-4a78-8641-b932f17dbff6,40.4302384215735,-86.9191072534983,5,1254.54
7426c1e2-6b00-4c5f-8636-b34180893ecb,40.3821254928471,-86.8445497262915,14,2371.62
132fa334-e471-472b-921c-7d18439221cb,40.40624,-86.886257,12,3077.9
7218f1c2-a821-475e-840c-a049d1a625b1,40.4576501900647,-86.932766636233,5,132.07
cb61ff86-9f1a-46c0-9881-c76c0287240f,40.4104839510014,-86.8941439327087,107,11914.92
29c28934-efe6-48d7-bf29-bf7cd63335d7,40.4362629386698,-86.9155066962435,37,5375.19
70814020-a9b7-44ef-a20e-fb5aff6b77a5,40.4314479526331,-86.9290694520539,52,4425.9
db416ff3-0f30-49ce-a448-0bba8f984215,40.4207112145848,-86.8948077794795,30,4832.09
624d1f32-a356-47fb-b477-afd271f462cd,40.4691881221049,-86.9387973510502,15,1912.77
716a1134-702e-43b2-8984-fd6f12a926a3,40.428627,-86.911277,31,6638.84
ed975a1b-9d65-44e7-b9a1-fd5ab53a748b,40.462219,-86.934847,18,5255.42
716a1134-702e-43b2-8984-fd6f12a926a3,40.4383065067712,-86.9068066422228,20,4645.48
de154292-7fe9-40e4-9e11-8776303bf1c6,40.4184426587589,-86.8499257177771,20,3441.07
12f97034-fc21-44ef-b9d2-1b478749ee65,40.4384920342064,-86.9377267175416,79,3156.48
9d713986-ad91-4d78-895f-ae03d84ed071,40.4388488664431,-86.9172914032223,11,1924.34
624d1f32-a356-47fb-b477-afd271f462cd,40.448055,-86.919598,42,5792.08
b2e6d44b-e65b-45c2-9323-7fe8ca8c9945,40.430559,-86.899728,16,3664.39
9d713986-ad91-4d78-895f-ae03d84ed071,40.4778302839998,-86.9348294733317,86,8514.69
12f97034-fc21-44ef-b9d2-1b478749ee65,40.4485941570722,-86.9409234541004,32,863.12
26ecb9dd-aec2-4972-9d24-ee2ae9653374,40.4218672467391,-86.886904650146,99,12866.59
a0020965-2b60-4e70-a047-a1b071f6ff20,40.4329235256482,-86.9192565350661,21,991.35
27d96cf3-940c-495a-ba0e-94d497c2f149,40.39168,-86.84966,0,0
6c20d044-6cfd-4f7b-af03-b2fd1fb8325b,40.42585,-86.891551,7,1194.87
f0bfdbab-3f2e-40c7-823b-27ed6dd81e54,40.3932866379637,-86.8365269470605,21,2142.22
f71ad2a5-ff13-4379-adc1-e257c3e59f53,40.408744,-86.893084,9,1548.26
f71ad2a5-ff13-4379-adc1-e257c3e59f53,40.3834124138005,-86.8904947871265,67,7485.19
bb92f4e4-7c69-4f9a-a86b-ab4a6ebf37f7,40.4030367972277,-86.8097120112009,11,1033.86
cb61ff86-9f1a-46c0-9881-c76c0287240f,40.3658299311288,-86.8627254700845,8,400.2
9d713986-ad91-4d78-895f-ae03d84ed071,40.4651217140296,-86.9308670298874,70,6115.81
f0bfdbab-3f2e-40c7-823b-27ed6dd81e54,40.39168,-86.84966,0,0
cb61ff86-9f1a-46c0-9881-c76c0287240f,40.4084320609827,-86.8961046276155,103,11631.29
12648a3c-ba8d-48be-8a85-8681ac0d9bff,40.4468197887426,-86.9369603690793,46,7182.5
70814020-a9b7-44ef-a20e-fb5aff6b77a5,40.4489700374588,-86.9415014126675,16,774.29
a9ab1807-2920-4cd6-b08d-3a8d7d8d9820,40.4043408204055,-86.8278866292128,34,8419.55
3c435a70-bd1f-4d17-86ca-139de51f22c9,40.4603784060704,-86.9158108184225,10,1939.51
b2e6d44b-e65b-45c2-9323-7fe8ca8c9945,40.4313327629168,-86.9140714057726,8,1810.04
ff80a8f5-2afb-449a-8e43-76f253357b41,40.4696985017929,-86.9459774707576,20,2128.75
5394dfa6-526f-417d-96b5-51e5d4ce396d,40.4254308843624,-86.9289334653206,45,2691.85
6a4db531-9f9e-496b-a86e-3d422ec5feed,40.4207112145848,-86.8948077794795,25,5454.49
7e415f9d-0dfe-4239-b4f5-b467213b6c43,40.4182550122835,-86.8929220084798,46,10480.57
62c1143c-029a-4b43-9f4f-6d6f9c55bc76,40.4163575172797,-86.8249440414848,68,8210.54
ed975a1b-9d65-44e7-b9a1-fd5ab53a748b,40.457871,-86.961939,7,1658.56
62c1143c-029a-4b43-9f4f-6d6f9c55bc76,40.4176202277296,-86.8311325306764,40,6910.17
c5ec81b9-e850-475e-af29-7b3b1d08551d,40.4512951047,-86.9021543504092,40,4165
ff80a8f5-2afb-449a-8e43-76f253357b41,40.4593021262758,-86.9336079978033,5,324.98
7e415f9d-0dfe-4239-b4f5-b467213b6c43,40.3991457823052,-86.8085045289964,8,512.78
f0bfdbab-3f2e-40c7-823b-27ed6dd81e54,40.4321924109574,-86.8589667593817,65,9297.84
b8c15b96-4ecb-4c22-87aa-527ace63b880,40.3817196850916,-86.8762432566643,55,7795.61
42719558-c2a4-467d-8614-840defe90744,40.4668165521993,-86.9456433426236,19,814.44
70814020-a9b7-44ef-a20e-fb5aff6b77a5,40.4481215780955,-86.9455517959348,96,11661.33
fa1bfc2a-4aa5-4966-81d1-33a2a1ea14c6,40.4332770973942,-86.9151185561861,17,3575.11
7218f1c2-a821-475e-840c-a049d1a625b1,40.4455032344492,-86.9441183850568,65,4324.35
6c20d044-6cfd-4f7b-af03-b2fd1fb8325b,40.431117,-86.913622,17,3310.94
5a3bff2c-b3f2-4911-8ef6-442c2d85d857,40.4320730526491,-86.8568853650621,22,4579.11
7afb54ae-31a1-4536-b273-c1a67b17e963,40.4173101733512,-86.8755280599313,12,2145.87
ff80a8f5-2afb-449a-8e43-76f253357b41,40.4676431454784,-86.9550288067356,28,3044.42
70814020-a9b7-44ef-a20e-fb5aff6b77a5,40.4489325706113,-86.9414152519109,17,782.68
6a4db531-9f9e-496b-a86e-3d422ec5feed,40.41824428563,-86.8953314111259,22,5150.1
7218f1c2-a821-475e-840c-a049d1a625b1,40.4506590880668,-86.9252522549728,29,1768.09
2722571e-4f1d-44f8-adbb-bbb7443b4f43,40.392677,-86.848871,4,245.52
12f97034-fc21-44ef-b9d2-1b478749ee65,40.44918801603,-86.9415381958879,23,766.89
29c28934-efe6-48d7-bf29-bf7cd63335d7,40.444579506982,-86.920697016223,32,4344.99
007b678c-d15d-4e6a-8928-cab840ddf344,40.44697,-86.87958,4,1161.44
bc162fca-a6bc-4e4e-99d8-3f4648da05ea,40.3846770784623,-86.9088582621186,56,6932.62
9e21239f-d54e-46e6-abcb-648b572ea90f,40.414034,-86.886556,15,3948.58
f0bfdbab-3f2e-40c7-823b-27ed6dd81e54,40.3939834501992,-86.8486827729302,9,477.19
2a068c67-dc1e-4ead-a035-c4161cb0a07e,40.4079318289716,-86.8676088373428,25,2738.34
0e410d81-233b-4f4e-b644-b926ae73d696,40.4339745659902,-86.9265815775849,48,3635.72
c5ec81b9-e850-475e-af29-7b3b1d08551d,40.4737794133168,-86.8934500131326,20,1058.22
7110f3dc-2167-4bfb-8a75-b40c6791c80c,40.4028782143712,-86.8574045266812,45,5891.18
b2e6d44b-e65b-45c2-9323-7fe8ca8c9945,40.4264444366958,-86.9190764080928,3,836.76
b2e6d44b-e65b-45c2-9323-7fe8ca8c9945,40.4241916558624,-86.9186057748843,1,569.74
007b678c-d15d-4e6a-8928-cab840ddf344,40.4182681114532,-86.8884775300565,17,4652.21
5394dfa6-526f-417d-96b5-51e5d4ce396d,40.4273976024709,-86.9241519848427,52,3316.52
e8ff9056-010e-480e-be87-5fbfd502f830,40.4529204511124,-86.9616718622619,5,240.43
5394dfa6-526f-417d-96b5-51e5d4ce396d,40.4274039413305,-86.9265366020563,49,3114.25
d1a4f0a7-715f-4996-8eb3-283cae447608,40.424204114453,-86.9230780117452,47,5930.52
db416ff3-0f30-49ce-a448-0bba8f984215,40.4270291582959,-86.8763528392525,16,2621.63
b2e6d44b-e65b-45c2-9323-7fe8ca8c9945,40.4727925755211,-86.8920183991364,44,9334.28
3c435a70-bd1f-4d17-86ca-139de51f22c9,40.4586121713288,-86.9156941423234,11,2136.02
62c1143c-029a-4b43-9f4f-6d6f9c55bc76,40.4172027964196,-86.8311423389781,41,6956.56
cb61ff86-9f1a-46c0-9881-c76c0287240f,40.4163512835712,-86.8941868480555,110,12567.02
7e415f9d-0dfe-4239-b4f5-b467213b6c43,40.403042161646,-86.8365676305632,24,4094.24
cb61ff86-9f1a-46c0-9881-c76c0287240f,40.3836792936134,-86.895030402841,48,4950.55
79dad13b-4042-4d5e-a786-240646d7578c,40.3673030654969,-86.8626601614154,5,539.33
62c1143c-029a-4b43-9f4f-6d6f9c55bc76,40.419049586001,-86.8606887376719,17,2952.89
bc162fca-a6bc-4e4e-99d8-3f4648da05ea,40.406955504832,-86.8976227580084,91,11399.29
5001d1c6-c1ea-4d03-b8eb-45705b3c0f70,40.4209211953557,-86.9219218741092,14,1980.21
811f6866-bf6b-4d63-b690-9320b35cc663,40.4047998865985,-86.835344170859,45,9723.94
0e410d81-233b-4f4e-b644-b926ae73d696,40.4329734614228,-86.9215292410637,64,4222.66
811f6866-bf6b-4d63-b690-9320b35cc663,40.4320703704399,-86.8668792764472,19,3750.68
5a3bff2c-b3f2-4911-8ef6-442c2d85d857,40.4031548144314,-86.8343360325298,50,9915.37
5001d1c6-c1ea-4d03-b8eb-45705b3c0f70,40.4331295360458,-86.9192474352265,5,394.82
e8ff9056-010e-480e-be87-5fbfd502f830,40.4241679866012,-86.921225028661,56,6087.83
26ecb9dd-aec2-4972-9d24-ee2ae9653374,40.4034431519177,-86.8342528840454,34,3767.1
cb61ff86-9f1a-46c0-9881-c76c0287240f,40.410186225783,-86.8942968186317,106,11879.4
5a3bff2c-b3f2-4911-8ef6-442c2d85d857,40.4247092736064,-86.8869122480736,9,1209.4
75965b70-7ad7-4945-be19-cfb16a1b3fa6,40.4165636905592,-86.8776609856829,67,9710.57
811f6866-bf6b-4d63-b690-9320b35cc663,40.4233344151577,-86.8906288975852,7,760.04
007b678c-d15d-4e6a-8928-cab840ddf344,40.4186545549281,-86.9061802056798,37,6605.53
ae80f7da-68bb-4e11-82d9-4e434fd30733,40.4276192443144,-86.8869435421791,11,1569.63
7218f1c2-a821-475e-840c-a049d1a625b1,40.4242622050625,-86.9255435681873,106,7444.43
9d713986-ad91-4d78-895f-ae03d84ed071,40.4661072642387,-86.928373343665,59,5848.25
27d96cf3-940c-495a-ba0e-94d497c2f149,40.3818279955233,-86.8693432511,30,4532.35
12f97034-fc21-44ef-b9d2-1b478749ee65,40.4304608726042,-86.9322069734966,86,4168.29
62c1143c-029a-4b43-9f4f-6d6f9c55bc76,40.4146076344605,-86.824750330467,63,7958.6
c5e3979b-c192-42fb-860c-c4c246c5eec0,40.4029536487432,-86.8098407572413,41,11081.49
7261420d-8225-42cc-8837-046368279776,40.4362860015365,-86.9362208807744,29,5491.52
ff80a8f5-2afb-449a-8e43-76f253357b41,40.4684916384957,-86.9560716430425,32,3202.34
c5ec81b9-e850-475e-af29-7b3b1d08551d,40.4368795714903,-86.8972847996524,56,6000.12
42719558-c2a4-467d-8614-840defe90744,40.4641762346162,-86.9362584742806,29,1822.36
811f6866-bf6b-4d63-b690-9320b35cc663,40.4200138401993,-86.8930402036333,2,194.59
f71ad2a5-ff13-4379-adc1-e257c3e59f53,40.3834875156574,-86.8914228315009,66,7406.2
70814020-a9b7-44ef-a20e-fb5aff6b77a5,40.4310203149641,-86.9312920882218,79,9203.31
70814020-a9b7-44ef-a20e-fb5aff6b77a5,40.4499471150846,-86.9405667695977,8,418.69
fa1bfc2a-4aa5-4966-81d1-33a2a1ea14c6,40.4249222829892,-86.8931045766535,5,855.11
624d1f32-a356-47fb-b477-afd271f462cd,40.4650755526664,-86.9308615751701,26,3061.93
75965b70-7ad7-4945-be19-cfb16a1b3fa6,40.3922624826314,-86.8721553202763,43,5884.3
79dad13b-4042-4d5e-a786-240646d7578c,40.3818714846296,-86.883895211452,20,3939.89
12f97034-fc21-44ef-b9d2-1b478749ee65,40.4499664727554,-86.9407808535108,9,445.51
716a1134-702e-43b2-8984-fd6f12a926a3,40.457042,-86.915715,11,2303.28
26ecb9dd-aec2-4972-9d24-ee2ae9653374,40.392978368017,-86.848209889008,6,311.7
6a4db531-9f9e-496b-a86e-3d422ec5feed,40.3921993630524,-86.8763367685691,3,723.24
9d713986-ad91-4d78-895f-ae03d84ed071,40.4660331675983,-86.9284249182752,60,5857.57
624d1f32-a356-47fb-b477-afd271f462cd,40.468275680898,-86.9387972030758,16,2014.16
26ecb9dd-aec2-4972-9d24-ee2ae9653374,40.432202,-86.87349,87,10558.68
de154292-7fe9-40e4-9e11-8776303bf1c6,40.4189030855265,-86.8771931960179,49,7112.95
a793c083-222b-4293-9d4e-f7454bbd6855,40.4200124990948,-86.89084079211,54,5185.6
7218f1c2-a821-475e-840c-a049d1a625b1,40.4460540185943,-86.9365016731586,55,3581.94
62c1143c-029a-4b43-9f4f-6d6f9c55bc76,40.4181806037636,-86.8499880907366,34,5242.67
c5ec81b9-e850-475e-af29-7b3b1d08551d,40.4483004181564,-86.8998141229042,44,4552.35
55c5e2f3-e55e-4b4b-b0e1-0f46278e7d95,40.4688802828526,-86.9435311552186,51,8072.94
12f97034-fc21-44ef-b9d2-1b478749ee65,40.4499610721947,-86.9405517244917,8,426.13
e335420d-ceb4-49cd-a60e-a8a967b18129,40.4240439898972,-86.9103961210996,3,785.29
f42d1f15-dd59-4025-b28f-99a130b2d962,40.427864,-86.882285,14,2594.49
7218f1c2-a821-475e-840c-a049d1a625b1,40.4411888572994,-86.9408238902447,76,4885.55
b8c15b96-4ecb-4c22-87aa-527ace63b880,40.39168,-86.84966,82,12866.56
7426c1e2-6b00-4c5f-8636-b34180893ecb,40.3819233060846,-86.8587451625682,17,3573.42
5a3bff2c-b3f2-4911-8ef6-442c2d85d857,40.3963862595788,-86.8385108911104,56,11020.86
20e15c6a-5b6f-40ca-9df9-888a18a65225,40.4246849074772,-86.87743376955,13,2010.26
26ecb9dd-aec2-4972-9d24-ee2ae9653374,40.4039470201613,-86.8344041047384,35,3824.53
0e410d81-233b-4f4e-b644-b926ae73d696,40.4267736484007,-86.9221999958392,12,1926.06
3c435a70-bd1f-4d17-86ca-139de51f22c9,40.4207112145848,-86.8948077794795,47,8785.32
f8091890-6a74-4783-b6f3-0328c8090a51,40.4242943098042,-86.9364758374728,25,3384.8
8893a0f4-c34d-4fc9-a9fb-8e833fee37ca,40.4233344151577,-86.8906288975852,6,748.63
c5ec81b9-e850-475e-af29-7b3b1d08551d,40.4726817906542,-86.8916486988558,19,863.13
e335420d-ceb4-49cd-a60e-a8a967b18129,40.4192883875254,-86.9221139124421,14,2329.55
fa1bfc2a-4aa5-4966-81d1-33a2a1ea14c6,40.430746,-86.905845,22,4610
62c1143c-029a-4b43-9f4f-6d6f9c55bc76,40.4167442910656,-86.8314513004807,43,7014.11
c5e3979b-c192-42fb-860c-c4c246c5eec0,40.4043408204055,-86.8278866292128,39,9401.58
5a3bff2c-b3f2-4911-8ef6-442c2d85d857,40.4207112145848,-86.8948077794795,0,0
75965b70-7ad7-4945-be19-cfb16a1b3fa6,40.416095132595,-86.8771709130508,66,9644.01
5394dfa6-526f-417d-96b5-51e5d4ce396d,40.4273856195949,-86.9289531421946,48,2909.83
56fdf086-7941-45a1-afb3-b928148109a2,40.4520428071912,-86.9242743479695,40,4002.72
cb61ff86-9f1a-46c0-9881-c76c0287240f,40.384870194487,-86.9110552615556,69,7127.28
7afb54ae-31a1-4536-b273-c1a67b17e963,40.4172873745732,-86.886183135878,9,1244.42
f0bfdbab-3f2e-40c7-823b-27ed6dd81e54,40.4029403924,-86.8385450015261,32,3346.92
29c28934-efe6-48d7-bf29-bf7cd63335d7,40.4698327918244,-86.9458156127618,4,268.61
b2e6d44b-e65b-45c2-9323-7fe8ca8c9945,40.4458716777487,-86.8992776810692,24,5433.86
12f97034-fc21-44ef-b9d2-1b478749ee65,40.4309090667014,-86.9312711920874,90,4275.55
c5ec81b9-e850-475e-af29-7b3b1d08551d,40.4440906908566,-86.899749749884,49,5026.29
5394dfa6-526f-417d-96b5-51e5d4ce396d,40.4241601913831,-86.9164039072688,36,1503.98
a793c083-222b-4293-9d4e-f7454bbd6855,40.4488905041749,-86.8777811156381,72,8945.76
5a3bff2c-b3f2-4911-8ef6-442c2d85d857,40.3929915921124,-86.8482395688804,70,13070.84
a793c083-222b-4293-9d4e-f7454bbd6855,40.4186303405551,-86.9103331040664,21,2714
79dad13b-4042-4d5e-a786-240646d7578c,40.383274280028,-86.8893226617171,27,4441.47
f42d1f15-dd59-4025-b28f-99a130b2d962,40.4425564672086,-86.8726084752446,2,469.62
c5ec81b9-e850-475e-af29-7b3b1d08551d,40.4709178760563,-86.8910522055147,15,645.42
79dad13b-4042-4d5e-a786-240646d7578c,40.4207112145848,-86.8948077794795,93,13058.69
e585597e-0bea-47a2-b2ad-5525a03f22ee,40.4332250807272,-86.926114829448,19,2203.96
f8091890-6a74-4783-b6f3-0328c8090a51,40.420501,-86.921415,18,1694.94
e585597e-0bea-47a2-b2ad-5525a03f22ee,40.4344352124257,-86.9255101685246,28,2479.43
d1a4f0a7-715f-4996-8eb3-283cae447608,40.424196179474,-86.9405819289259,43,4449.74
de154292-7fe9-40e4-9e11-8776303bf1c6,40.4244500326535,-86.8504932541359,32,4162.79
76f6f48e-6195-424d-9f43-c18c77e27a27,40.395427867291,-86.8773737350741,20,4289.09
b8c15b96-4ecb-4c22-87aa-527ace63b880,40.389653,-86.871167,46,6472.96
70814020-a9b7-44ef-a20e-fb5aff6b77a5,40.4467340079983,-86.9404187464964,99,12328.26
7218f1c2-a821-475e-840c-a049d1a625b1,40.451136566601,-86.9258546230758,25,1694.41
79dad13b-4042-4d5e-a786-240646d7578c,40.3820538748535,-86.886781268524,23,4185.82
12f97034-fc21-44ef-b9d2-1b478749ee65,40.4480967890834,-86.9445348379939,58,1773.57
33ace3e0-53ff-4dc0-a898-bd50817a1644,40.4252977922736,-86.8931166465948,29,4318.11
0b4c0e9d-9ceb-4424-84ef-0c222182a7ed,40.4169414081743,-86.9243894789168,6,710.43
33ace3e0-53ff-4dc0-a898-bd50817a1644,40.4358375332259,-86.8621988214373,4,887.17
26ecb9dd-aec2-4972-9d24-ee2ae9653374,40.3924171336989,-86.8368587511829,17,2037.02
a0020965-2b60-4e70-a047-a1b071f6ff20,40.4334114123214,-86.9249805934832,12,500.19
a793c083-222b-4293-9d4e-f7454bbd6855,40.417478996013,-86.8967774269332,47,4383.73
b2e6d44b-e65b-45c2-9323-7fe8ca8c9945,40.4710576596816,-86.8964215591954,39,8584.44
33ace3e0-53ff-4dc0-a898-bd50817a1644,40.4231788470256,-86.8942579265987,31,4573.46
75965b70-7ad7-4945-be19-cfb16a1b3fa6,40.3918775192223,-86.8448791879129,13,911.24
7e415f9d-0dfe-4239-b4f5-b467213b6c43,40.4195923090965,-86.8956459801569,49,10858.44
fa1bfc2a-4aa5-4966-81d1-33a2a1ea14c6,40.4253565108125,-86.8998087279437,9,1897.17
5a3bff2c-b3f2-4911-8ef6-442c2d85d857,40.4276192443144,-86.8869435421791,11,1532.83
c5e3979b-c192-42fb-860c-c4c246c5eec0,40.4028396548533,-86.8503179758977,23,5844.18
b8c15b96-4ecb-4c22-87aa-527ace63b880,40.4172605524814,-86.8942525621803,2,395.63
cb61ff86-9f1a-46c0-9881-c76c0287240f,40.3925484758919,-86.9029104977124,80,9003.07
cb61ff86-9f1a-46c0-9881-c76c0287240f,40.3642617730939,-86.8605349995292,2,110.01
b4417114-9ce7-42e9-936b-536f4ec21247,40.418951,-86.875856,37,6992.5
e335420d-ceb4-49cd-a60e-a8a967b18129,40.4279093739805,-86.9104464819135,2,355.75
55c5e2f3-e55e-4b4b-b0e1-0f46278e7d95,40.4498075724977,-86.9245828812735,28,5293.13
811f6866-bf6b-4d63-b690-9320b35cc663,40.392212,-86.850151,66,13243.63
8893a0f4-c34d-4fc9-a9fb-8e833fee37ca,40.4246983185231,-86.8762401864672,14,2110.93
8893a0f4-c34d-4fc9-a9fb-8e833fee37ca,40.4305656510929,-86.8690532069834,20,3218.74
0e410d81-233b-4f4e-b644-b926ae73d696,40.4246791375619,-86.9217126035497,8,1684.88
fa1bfc2a-4aa5-4966-81d1-33a2a1ea14c6,40.42585,-86.891551,7,1186.62
7218f1c2-a821-475e-840c-a049d1a625b1,40.4597400112394,-86.933962879166,7,386
5394dfa6-526f-417d-96b5-51e5d4ce396d,40.4259350549756,-86.9145893063404,26,1161.24
0e410d81-233b-4f4e-b644-b926ae73d696,40.4332023064066,-86.9256219838148,55,3865.28
56fdf086-7941-45a1-afb3-b928148109a2,40.4605527496667,-86.9243523135395,47,4973.9
3081f37d-fdeb-4b5a-8813-07fa7cc93ba2,40.431280459838,-86.9153011986793,26,1499.02
2a068c67-dc1e-4ead-a035-c4161cb0a07e,40.4012239256685,-86.8583382303428,20,1656.11
7e415f9d-0dfe-4239-b4f5-b467213b6c43,40.4044462485876,-86.8326731927826,21,3587.33
5a3bff2c-b3f2-4911-8ef6-442c2d85d857,40.39168,-86.84966,74,13323.62
2722571e-4f1d-44f8-adbb-bbb7443b4f43,40.412350768587,-86.8729289992409,19,3397.58
b8c15b96-4ecb-4c22-87aa-527ace63b880,40.3870480302215,-86.8401774166609,68,11153.88
62c1143c-029a-4b43-9f4f-6d6f9c55bc76,40.4174196076872,-86.8140671795708,75,9266.58
cb61ff86-9f1a-46c0-9881-c76c0287240f,40.3704437898484,-86.8759686899841,22,2038.29
3081f37d-fdeb-4b5a-8813-07fa7cc93ba2,40.4348309539372,-86.9252583592887,2,62.3
bc162fca-a6bc-4e4e-99d8-3f4648da05ea,40.4051772001491,-86.8952409562612,86,10988.92
12f97034-fc21-44ef-b9d2-1b478749ee65,40.4492026748623,-86.9415493481852,21,758.76
5001d1c6-c1ea-4d03-b8eb-45705b3c0f70,40.432584,-86.919271,6,455.47
0e410d81-233b-4f4e-b644-b926ae73d696,40.4215211541448,-86.9305065340466,3,594.34
f8091890-6a74-4783-b6f3-0328c8090a51,40.4243335380753,-86.9294847207954,24,2793.39
7218f1c2-a821-475e-840c-a049d1a625b1,40.4307442148985,-86.9323092924877,88,6262.41
26ecb9dd-aec2-4972-9d24-ee2ae9653374,40.4274452964754,-86.8459983425621,70,7574.76
5a3bff2c-b3f2-4911-8ef6-442c2d85d857,40.3932896490866,-86.848649641791,69,13022.87
b4417114-9ce7-42e9-936b-536f4ec21247,40.420085,-86.884236,41,7721.49
e335420d-ceb4-49cd-a60e-a8a967b18129,40.420726579408,-86.9222510680035,11,2164.62
bb92f4e4-7c69-4f9a-a86b-ab4a6ebf37f7,40.4032115282862,-86.8322620226112,28,3739.42
2a068c67-dc1e-4ead-a035-c4161cb0a07e,40.4182550122835,-86.8929220084798,39,5391.82
624d1f32-a356-47fb-b477-afd271f462cd,40.4777977030253,-86.9351283119443,8,644.33
cb61ff86-9f1a-46c0-9881-c76c0287240f,40.3819023300351,-86.8838415672685,37,3956.59
ae80f7da-68bb-4e11-82d9-4e434fd30733,40.4200205457223,-86.888530068906,4,574.45
b8c15b96-4ecb-4c22-87aa-527ace63b880,40.4047279301124,-86.8744457885292,24,3254.07
20e15c6a-5b6f-40ca-9df9-888a18a65225,40.4230152322659,-86.8771990762472,14,2196.85
8893a0f4-c34d-4fc9-a9fb-8e833fee37ca,40.424666132013,-86.8884415560032,8,1078.76
de154292-7fe9-40e4-9e11-8776303bf1c6,40.4200741899058,-86.8925855691782,61,8436.21
75965b70-7ad7-4945-be19-cfb16a1b3fa6,40.3927029160079,-86.848925801506,5,248.73
6a4db531-9f9e-496b-a86e-3d422ec5feed,40.4044161600154,-86.8861926400256,11,2879.66
7218f1c2-a821-475e-840c-a049d1a625b1,40.4502113162256,-86.9250946910946,36,1822.42
d1a4f0a7-715f-4996-8eb3-283cae447608,40.4384707833381,-86.9619276363164,28,1924.49
e8ff9056-010e-480e-be87-5fbfd502f830,40.4241415960816,-86.9366764428665,53,4780.71
c5ec81b9-e850-475e-af29-7b3b1d08551d,40.4240103318697,-86.9082992916286,63,8140.52
106b7a4b-c510-4c36-84f3-e9ba6c6a9e1a,40.4114824154098,-86.8721602229146,14,2565.87
7261420d-8225-42cc-8837-046368279776,40.4584494920889,-86.9317834243248,6,712.21
27d96cf3-940c-495a-ba0e-94d497c2f149,40.397376,-86.871622,54,7213.01
5a3bff2c-b3f2-4911-8ef6-442c2d85d857,40.4218109203464,-86.8930817778755,3,387.87
79dad13b-4042-4d5e-a786-240646d7578c,40.3960093700276,-86.8956186861288,69,9737.26
f71ad2a5-ff13-4379-adc1-e257c3e59f53,40.418309,-86.895538,2,286.24
f0bfdbab-3f2e-40c7-823b-27ed6dd81e54,40.4218705766676,-86.8868687994335,82,12831.23
12648a3c-ba8d-48be-8a85-8681ac0d9bff,40.4192988564152,-86.9001140794252,9,821.7
27d96cf3-940c-495a-ba0e-94d497c2f149,40.3934416992812,-86.8762902667298,49,6372.29
20e15c6a-5b6f-40ca-9df9-888a18a65225,40.429232593133,-86.8717246873214,21,3297.8
a0020965-2b60-4e70-a047-a1b071f6ff20,40.4353386423194,-86.9249517872901,0,0
3c435a70-bd1f-4d17-86ca-139de51f22c9,40.431434,-86.913331,31,6168.11
9d713986-ad91-4d78-895f-ae03d84ed071,40.4654283194701,-86.9288093850046,63,5935.3
bc162fca-a6bc-4e4e-99d8-3f4648da05ea,40.3723030713891,-86.875994490698,22,2246
cb61ff86-9f1a-46c0-9881-c76c0287240f,40.3879198637501,-86.9022760656982,60,6026.99
9d713986-ad91-4d78-895f-ae03d84ed071,40.4662052379805,-86.928156452636,57,5826.41
12f97034-fc21-44ef-b9d2-1b478749ee65,40.4315133236579,-86.9274071508752,95,4614.73
a0020965-2b60-4e70-a047-a1b071f6ff20,40.4333348256941,-86.9252079161157,11,479.16
f71ad2a5-ff13-4379-adc1-e257c3e59f53,40.366158,-86.861817,96,11661.62
b4417114-9ce7-42e9-936b-536f4ec21247,40.4189369332157,-86.8773734198435,38,7120.88
bb92f4e4-7c69-4f9a-a86b-ab4a6ebf37f7,40.4068250189971,-86.8325912416591,22,3329.64
bb92f4e4-7c69-4f9a-a86b-ab4a6ebf37f7,40.4028919579322,-86.8573627982952,40,6845.04
3c435a70-bd1f-4d17-86ca-139de51f22c9,40.426614683492,-86.9056142748508,38,7220.06
7218f1c2-a821-475e-840c-a049d1a625b1,40.4242290083956,-86.9217767144078,110,7766.13
2713ba46-9e58-4dcd-8a32-2cb9dcf2490b,40.4321548600289,-86.8814812231947,9,2039.9
9d713986-ad91-4d78-895f-ae03d84ed071,40.4667805574843,-86.9317292665193,74,6370.89
7218f1c2-a821-475e-840c-a049d1a625b1,40.439982913517,-86.9393475984918,77,5068.7
55c5e2f3-e55e-4b4b-b0e1-0f46278e7d95,40.4708242697015,-86.9455028739871,61,8439.94
7261420d-8225-42cc-8837-046368279776,40.4225713266475,-86.9056157413492,44,9103.26
29c28934-efe6-48d7-bf29-bf7cd63335d7,40.4700755875128,-86.9456638835473,3,238.74
811f6866-bf6b-4d63-b690-9320b35cc663,40.4218055805272,-86.8920117859304,4,488.61
007b678c-d15d-4e6a-8928-cab840ddf344,40.4240813101271,-86.9118721362696,56,7701.29
70814020-a9b7-44ef-a20e-fb5aff6b77a5,40.448139651042,-86.9445489343538,30,1751.38
7218f1c2-a821-475e-840c-a049d1a625b1,40.4460674991985,-86.9221499247508,50,2367.85
9d713986-ad91-4d78-895f-ae03d84ed071,40.4458858596505,-86.9192189472871,20,2977.17
5a3bff2c-b3f2-4911-8ef6-442c2d85d857,40.4320367875618,-86.8451710229927,24,5569.95
de154292-7fe9-40e4-9e11-8776303bf1c6,40.4218798396684,-86.8508900713259,25,3865.65
a793c083-222b-4293-9d4e-f7454bbd6855,40.418247061937,-86.9064613303758,26,3057.1
6a4db531-9f9e-496b-a86e-3d422ec5feed,40.4026690375594,-86.8793486373488,7,2128.13
0e410d81-233b-4f4e-b644-b926ae73d696,40.4167818062744,-86.9298616018251,1,23.83
ff80a8f5-2afb-449a-8e43-76f253357b41,40.4676874260716,-86.9501337081274,24,2627.04
ff80a8f5-2afb-449a-8e43-76f253357b41,40.4687160532901,-86.9472409455324,21,2281.48
77ef10ae-585a-4bc9-adff-fc125f0932d2,40.4178291220175,-86.829524334294,12,1630.51
f8091890-6a74-4783-b6f3-0328c8090a51,40.424308,-86.922719,23,2221.06
42719558-c2a4-467d-8614-840defe90744,40.466991346089,-86.9473012400297,13,668.42
0e410d81-233b-4f4e-b644-b926ae73d696,40.4352742023396,-86.9248768551283,39,3410.45
3081f37d-fdeb-4b5a-8813-07fa7cc93ba2,40.4329756160364,-86.9216929031427,20,790.18
7e415f9d-0dfe-4239-b4f5-b467213b6c43,40.418281995386,-86.8811654809826,40,9485.96
56fdf086-7941-45a1-afb3-b928148109a2,40.4691773932682,-86.9387061559383,80,7255.97
12f97034-fc21-44ef-b9d2-1b478749ee65,40.4473657972059,-86.9408868259584,36,1000.48
e335420d-ceb4-49cd-a60e-a8a967b18129,40.4241619463393,-86.9166235957359,6,1312.25
3c435a70-bd1f-4d17-86ca-139de51f22c9,40.4472682663926,-86.9151109753139,16,3412.61
c5e3979b-c192-42fb-860c-c4c246c5eec0,40.4172873745732,-86.886183135878,9,1241.6
79dad13b-4042-4d5e-a786-240646d7578c,40.3879909448618,-86.8952154752741,38,5416.22
5001d1c6-c1ea-4d03-b8eb-45705b3c0f70,40.4353857139184,-86.9198057544067,2,133.13
77ef10ae-585a-4bc9-adff-fc125f0932d2,40.4172111602144,-86.8138958190273,7,270.93
f0bfdbab-3f2e-40c7-823b-27ed6dd81e54,40.3896469723838,-86.8383770174241,15,1611.97
76f6f48e-6195-424d-9f43-c18c77e27a27,40.4025810334251,-86.8815307454459,14,3059.2
007b678c-d15d-4e6a-8928-cab840ddf344,40.41824428563,-86.8953314111259,20,5232.05
33ace3e0-53ff-4dc0-a898-bd50817a1644,40.43102,-86.870703,12,1900.1
a793c083-222b-4293-9d4e-f7454bbd6855,40.4273376131909,-86.9220237467434,5,795.47
c5ec81b9-e850-475e-af29-7b3b1d08551d,40.450704,-86.901699,41,4241.14
a793c083-222b-4293-9d4e-f7454bbd6855,40.419209424867,-86.9059610525099,32,3219.15
8893a0f4-c34d-4fc9-a9fb-8e833fee37ca,40.4200124990948,-86.89084079211,3,378.66
3c435a70-bd1f-4d17-86ca-139de51f22c9,40.460603,-86.925062,7,1156.04
c5ec81b9-e850-475e-af29-7b3b1d08551d,40.4221488787024,-86.9043403508866,62,7746.89
7426c1e2-6b00-4c5f-8636-b34180893ecb,40.41824428563,-86.8953314111259,56,11123.7
0e410d81-233b-4f4e-b644-b926ae73d696,40.4330223205138,-86.9214591615575,18,2628.84
33ace3e0-53ff-4dc0-a898-bd50817a1644,40.4334342738053,-86.8651103594965,7,1259.82
70814020-a9b7-44ef-a20e-fb5aff6b77a5,40.4500505596429,-86.9424692954105,10,580.56
c5ec81b9-e850-475e-af29-7b3b1d08551d,40.4707421879681,-86.8971977314376,26,1733.55
811f6866-bf6b-4d63-b690-9320b35cc663,40.4222427560236,-86.8471033482017,33,6782.22
2a068c67-dc1e-4ead-a035-c4161cb0a07e,40.4207112145848,-86.8948077794795,43,6032.89
fa1bfc2a-4aa5-4966-81d1-33a2a1ea14c6,40.4308617214441,-86.9104135083768,20,4223.32
e8ff9056-010e-480e-be87-5fbfd502f830,40.432328320808,-86.9511854667262,38,3145.74
33ace3e0-53ff-4dc0-a898-bd50817a1644,40.425741697892,-86.8894165390382,25,3832.76
7426c1e2-6b00-4c5f-8636-b34180893ecb,40.3820355233045,-86.8489263930326,15,2742.22
d1a4f0a7-715f-4996-8eb3-283cae447608,40.4240922250455,-86.9408198333998,42,4426.54
9d713986-ad91-4d78-895f-ae03d84ed071,40.4659435706562,-86.9277420302328,53,5774.98
7e415f9d-0dfe-4239-b4f5-b467213b6c43,40.4030072929268,-86.8410469198851,25,4473.29
0e410d81-233b-4f4e-b644-b926ae73d696,40.4343180617284,-86.9256786659764,36,3283.32
79dad13b-4042-4d5e-a786-240646d7578c,40.3964761135862,-86.8952369329474,70,9798.36
5394dfa6-526f-417d-96b5-51e5d4ce396d,40.424308,-86.922719,40,2038.6
b4417114-9ce7-42e9-936b-536f4ec21247,40.4220482958584,-86.860636434593,29,5383.74
33ace3e0-53ff-4dc0-a898-bd50817a1644,40.4320556182894,-86.8662261585132,9,1440.39
bc162fca-a6bc-4e4e-99d8-3f4648da05ea,40.365249,-86.860616,0,0
c5ec81b9-e850-475e-af29-7b3b1d08551d,40.4544386538529,-86.9031937064644,37,3768.13
62c1143c-029a-4b43-9f4f-6d6f9c55bc76,40.4165404269323,-86.8315493834974,44,7038.24
a793c083-222b-4293-9d4e-f7454bbd6855,40.4184031735899,-86.9080914204175,23,2914.65
de154292-7fe9-40e4-9e11-8776303bf1c6,40.417776252643,-86.8366630553667,13,2232.99
3c435a70-bd1f-4d17-86ca-139de51f22c9,40.443075474684,-86.9127651699046,19,3919.48
9d713986-ad91-4d78-895f-ae03d84ed071,40.4501871272047,-86.9195009242573,24,3460.17
b4417114-9ce7-42e9-936b-536f4ec21247,40.4205395531976,-86.8606029069783,30,5551.42
f0bfdbab-3f2e-40c7-823b-27ed6dd81e54,40.392121671454,-86.8481804731749,4,160.62
7426c1e2-6b00-4c5f-8636-b34180893ecb,40.4131339736661,-86.8770958111939,46,9152.87
e335420d-ceb4-49cd-a60e-a8a967b18129,40.41861577691,-86.9224208474171,15,2408.67
007b678c-d15d-4e6a-8928-cab840ddf344,40.420205,-86.90565,34,6424.92
ed975a1b-9d65-44e7-b9a1-fd5ab53a748b,40.459531387183,-86.9350130285807,21,5665.83
c5ec81b9-e850-475e-af29-7b3b1d08551d,40.4745029195847,-86.8953200814319,21,1235.56
55c5e2f3-e55e-4b4b-b0e1-0f46278e7d95,40.470959839487,-86.9455885145196,62,8456.65
75965b70-7ad7-4945-be19-cfb16a1b3fa6,40.39168,-86.84966,0,0
b2e6d44b-e65b-45c2-9323-7fe8ca8c9945,40.4464268950478,-86.8992522000821,25,5495.59
0e410d81-233b-4f4e-b644-b926ae73d696,40.4334074060227,-86.9250060840884,57,3922.14
20e15c6a-5b6f-40ca-9df9-888a18a65225,40.419998,-86.894208,1,94.1
624d1f32-a356-47fb-b477-afd271f462cd,40.4793767831508,-86.9313806483375,3,169.92
9d713986-ad91-4d78-895f-ae03d84ed071,40.4779397943494,-86.9346750074636,87,8532.54
106b7a4b-c510-4c36-84f3-e9ba6c6a9e1a,40.416541,-86.877817,11,1827.61
62c1143c-029a-4b43-9f4f-6d6f9c55bc76,40.4188792657184,-86.8774592505371,10,1533.79
26ecb9dd-aec2-4972-9d24-ee2ae9653374,40.4218417657519,-86.8942445155528,104,13487.86
2a068c67-dc1e-4ead-a035-c4161cb0a07e,40.410741,-86.871123,27,3169.83
c5ec81b9-e850-475e-af29-7b3b1d08551d,40.4701646800747,-86.8996392861862,29,1975.34
f71ad2a5-ff13-4379-adc1-e257c3e59f53,40.365249,-86.860616,98,11863.75
56fdf086-7941-45a1-afb3-b928148109a2,40.4667805574843,-86.9317292665193,74,6388.74
bc162fca-a6bc-4e4e-99d8-3f4648da05ea,40.384746812865,-86.9066443685677,55,6745.07
3c435a70-bd1f-4d17-86ca-139de51f22c9,40.4605558865622,-86.9307033238947,5,678.84
3c435a70-bd1f-4d17-86ca-139de51f22c9,40.4458609705668,-86.9142679896864,17,3584.47
7261420d-8225-42cc-8837-046368279776,40.4460715023322,-86.9366153738866,18,3519.55
9d713986-ad91-4d78-895f-ae03d84ed071,40.4459723360953,-86.9213232530324,19,2798.96
c5e3979b-c192-42fb-860c-c4c246c5eec0,40.4172962620423,-86.881858922984,11,1607.45
132fa334-e471-472b-921c-7d18439221cb,40.4027068854992,-86.8772272394435,6,1946.49
2090d1c1-77f9-4733-97f2-b4e97249c6ab,40.4422600830948,-86.8840521206887,5,1807.15
6c20d044-6cfd-4f7b-af03-b2fd1fb8325b,40.4606922245438,-86.9326108355886,44,9646.88
77ef10ae-585a-4bc9-adff-fc125f0932d2,40.4223961469012,-86.8508660791608,25,3919.39
56fdf086-7941-45a1-afb3-b928148109a2,40.4649597282259,-86.924507066008,57,5469.97
bb92f4e4-7c69-4f9a-a86b-ab4a6ebf37f7,40.4174197009031,-86.8757738078906,48,9992.09
56fdf086-7941-45a1-afb3-b928148109a2,40.440343,-86.918101,18,2103.18
db416ff3-0f30-49ce-a448-0bba8f984215,40.423538263055,-86.8941814836372,28,4503.4
5001d1c6-c1ea-4d03-b8eb-45705b3c0f70,40.4189876638484,-86.9221208886394,40,2971.05
c5ec81b9-e850-475e-af29-7b3b1d08551d,40.4722478902698,-86.8918008009105,18,813.23
716a1134-702e-43b2-8984-fd6f12a926a3,40.4231292261558,-86.8942713376446,38,8493.33
3c435a70-bd1f-4d17-86ca-139de51f22c9,40.455419,-86.915778,13,2490.94
e8ff9056-010e-480e-be87-5fbfd502f830,40.4528997845157,-86.9615508798473,4,229.95
716a1134-702e-43b2-8984-fd6f12a926a3,40.4458609705668,-86.9142679896864,16,3577.55
75965b70-7ad7-4945-be19-cfb16a1b3fa6,40.3934573280735,-86.8735638078983,47,6140.41
79dad13b-4042-4d5e-a786-240646d7578c,40.3879882626526,-86.89703267199,39,5570.02
e585597e-0bea-47a2-b2ad-5525a03f22ee,40.4314842111434,-86.9215126712532,6,1624.13
e335420d-ceb4-49cd-a60e-a8a967b18129,40.424234,-86.918942,7,1508.53
3081f37d-fdeb-4b5a-8813-07fa7cc93ba2,40.4344240089908,-86.9257041469636,5,125.29
f0bfdbab-3f2e-40c7-823b-27ed6dd81e54,40.4247345283469,-86.847053727332,55,7177.88
f71ad2a5-ff13-4379-adc1-e257c3e59f53,40.3846489122301,-86.9114723450823,39,5657.82
8893a0f4-c34d-4fc9-a9fb-8e833fee37ca,40.4285942273494,-86.8729048593584,18,2826.09
7261420d-8225-42cc-8837-046368279776,40.4598148675056,-86.9340055120325,4,388.66
bb92f4e4-7c69-4f9a-a86b-ab4a6ebf37f7,40.4173913530442,-86.8783715175776,49,10211.88
70814020-a9b7-44ef-a20e-fb5aff6b77a5,40.4315268470834,-86.9268761903072,53,4611.62
62c1143c-029a-4b43-9f4f-6d6f9c55bc76,40.4192813118,-86.8791120861381,9,1387
811f6866-bf6b-4d63-b690-9320b35cc663,40.4214702594079,-86.8464553885453,34,6884.07
62c1143c-029a-4b43-9f4f-6d6f9c55bc76,40.4174401934004,-86.8493239753909,37,5370.95
0b4c0e9d-9ceb-4424-84ef-0c222182a7ed,40.4183354086996,-86.9106926856504,16,2179.43
27d96cf3-940c-495a-ba0e-94d497c2f149,40.3851076658167,-86.8697785762287,33,4904.65
7261420d-8225-42cc-8837-046368279776,40.4281449573126,-86.9308231431736,33,6505.54
0e410d81-233b-4f4e-b644-b926ae73d696,40.4334534487077,-86.925050076926,26,2939.28
624d1f32-a356-47fb-b477-afd271f462cd,40.4793934048493,-86.9346475620939,5,446.08
624d1f32-a356-47fb-b477-afd271f462cd,40.4677462614013,-86.9317884861736,22,2674.87
ae80f7da-68bb-4e11-82d9-4e434fd30733,40.426423,-86.879189,17,2361.35
2722571e-4f1d-44f8-adbb-bbb7443b4f43,40.4064748504585,-86.8656135857268,15,2496.92
7218f1c2-a821-475e-840c-a049d1a625b1,40.4174767421338,-86.8967312124471,141,10165.14
26ecb9dd-aec2-4972-9d24-ee2ae9653374,40.4277520136685,-86.8870856992654,95,12212.5
12f97034-fc21-44ef-b9d2-1b478749ee65,40.4500513386522,-86.9418545155951,13,540.27
9d713986-ad91-4d78-895f-ae03d84ed071,40.464955672926,-86.9262626507896,47,5597.2
a9ab1807-2920-4cd6-b08d-3a8d7d8d9820,40.4014998913705,-86.8083977287053,49,13834.49
7110f3dc-2167-4bfb-8a75-b40c6791c80c,40.4182605277237,-86.8905096020985,67,10315.95
0e410d81-233b-4f4e-b644-b926ae73d696,40.4332525349418,-86.9263918584726,30,3057.47
a793c083-222b-4293-9d4e-f7454bbd6855,40.442169347406,-86.8840731913822,69,8027.98
75965b70-7ad7-4945-be19-cfb16a1b3fa6,40.3996935041277,-86.8717498116897,54,7469.63
12648a3c-ba8d-48be-8a85-8681ac0d9bff,40.4472472826195,-86.9368880214349,44,7130.24
a793c083-222b-4293-9d4e-f7454bbd6855,40.4276192443144,-86.8869435421791,62,6377.72
75965b70-7ad7-4945-be19-cfb16a1b3fa6,40.388916893835,-86.838810831382,17,1522.1
29c28934-efe6-48d7-bf29-bf7cd63335d7,40.4685819428314,-86.9473133651801,7,460.65
12f97034-fc21-44ef-b9d2-1b478749ee65,40.4500490241291,-86.941311094559,10,491.28
26ecb9dd-aec2-4972-9d24-ee2ae9653374,40.3946097102383,-86.836979966515,24,2301.15
26ecb9dd-aec2-4972-9d24-ee2ae9653374,40.4208909225995,-86.8389802777159,50,6124.98
de154292-7fe9-40e4-9e11-8776303bf1c6,40.4166012366076,-86.813512012763,2,160.75
79dad13b-4042-4d5e-a786-240646d7578c,40.3672306458491,-86.8757842109075,9,1650.51
76f6f48e-6195-424d-9f43-c18c77e27a27,40.3954314331051,-86.8832614322256,22,4787.37
70814020-a9b7-44ef-a20e-fb5aff6b77a5,40.4460215810488,-86.9443838467274,97,11914.72
e8ff9056-010e-480e-be87-5fbfd502f830,40.435640770894,-86.9588412960826,34,2400.87
f0bfdbab-3f2e-40c7-823b-27ed6dd81e54,40.4206019604965,-86.8459430152106,51,6697.24
db416ff3-0f30-49ce-a448-0bba8f984215,40.4299916583295,-86.8705109876699,14,2027.88
2a068c67-dc1e-4ead-a035-c4161cb0a07e,40.3951172335115,-86.8496555514791,13,653.62
bb92f4e4-7c69-4f9a-a86b-ab4a6ebf37f7,40.4031945863448,-86.8277383886737,14,2561.46
db416ff3-0f30-49ce-a448-0bba8f984215,40.4257403567875,-86.8912203247082,24,3964.03
f8091890-6a74-4783-b6f3-0328c8090a51,40.4386793699848,-86.946384389489,35,5353.34
ed975a1b-9d65-44e7-b9a1-fd5ab53a748b,40.4455782186304,-86.9615554576486,4,286.69
9d713986-ad91-4d78-895f-ae03d84ed071,40.4661521571754,-86.9278772116234,55,5801.65
c5ec81b9-e850-475e-af29-7b3b1d08551d,40.4566367242716,-86.9030891003066,35,3523.49
fa1bfc2a-4aa5-4966-81d1-33a2a1ea14c6,40.4508190125715,-86.9156793901729,34,7109.21
ed975a1b-9d65-44e7-b9a1-fd5ab53a748b,40.45999043087,-86.93392274893,20,5560.48
20e15c6a-5b6f-40ca-9df9-888a18a65225,40.4246188173681,-86.8906558755066,7,891.68
c5e3979b-c192-42fb-860c-c4c246c5eec0,40.402934873279,-86.8367071054403,29,7978.36
7426c1e2-6b00-4c5f-8636-b34180893ecb,40.3914965922532,-86.8489889412516,1,60.34
5a3bff2c-b3f2-4911-8ef6-442c2d85d857,40.4111329785537,-86.8388943049668,40,8599.67
5a3bff2c-b3f2-4911-8ef6-442c2d85d857,40.432084,-86.859863,21,4327.25
e8ff9056-010e-480e-be87-5fbfd502f830,40.4517465693926,-86.9620396052646,14,434.96
42719558-c2a4-467d-8614-840defe90744,40.4544000276347,-86.928971970911,32,3075.7
ae80f7da-68bb-4e11-82d9-4e434fd30733,40.4320328195114,-86.8777046726766,23,3114.69
f71ad2a5-ff13-4379-adc1-e257c3e59f53,40.3834848334482,-86.8954944250282,60,7057.35
a793c083-222b-4293-9d4e-f7454bbd6855,40.4173525727929,-86.8962928224424,48,4427.07
f42d1f15-dd59-4025-b28f-99a130b2d962,40.4291105526156,-86.8823033203067,13,2455.96
33ace3e0-53ff-4dc0-a898-bd50817a1644,40.4256665960352,-86.8774029241444,20,2815.31
5394dfa6-526f-417d-96b5-51e5d4ce396d,40.4270640270152,-86.9094673937242,84,5215.85
12f97034-fc21-44ef-b9d2-1b478749ee65,40.4303908420067,-86.9319073131577,88,4196.56
bc162fca-a6bc-4e4e-99d8-3f4648da05ea,40.4050650571252,-86.8975616781352,89,11189.16
b4417114-9ce7-42e9-936b-536f4ec21247,40.4176239918246,-86.8139163740824,5,305.88
79dad13b-4042-4d5e-a786-240646d7578c,40.367268,-86.865301,6,762.95
7110f3dc-2167-4bfb-8a75-b40c6791c80c,40.4181912790651,-86.8796479332237,60,9395.96
33ace3e0-53ff-4dc0-a898-bd50817a1644,40.4299715417607,-86.8704881888919,15,2022.29
2a068c67-dc1e-4ead-a035-c4161cb0a07e,40.4218377424382,-86.8942726787491,41,5891.73
aacfedab-6f68-4a78-8641-b932f17dbff6,40.4313783604728,-86.9191300522763,6,1381.22
70814020-a9b7-44ef-a20e-fb5aff6b77a5,40.4267123524446,-86.9191338370654,69,7640.49
bc162fca-a6bc-4e4e-99d8-3f4648da05ea,40.3931005533398,-86.9109493142932,66,8308.43
f42d1f15-dd59-4025-b28f-99a130b2d962,40.4257966831801,-86.8824427951838,15,2824.6
d1a4f0a7-715f-4996-8eb3-283cae447608,40.438524542698,-86.9619321641062,27,1918.5
c5e3979b-c192-42fb-860c-c4c246c5eec0,40.4037274660902,-86.8322009940267,32,8451.19
7afb54ae-31a1-4536-b273-c1a67b17e963,40.4208120783227,-86.8953518387214,1,62.03
12f97034-fc21-44ef-b9d2-1b478749ee65,40.4477310536689,-86.9453449323167,65,1924.64
0e410d81-233b-4f4e-b644-b926ae73d696,40.4334790747408,-86.9246633818731,25,2906.45
7218f1c2-a821-475e-840c-a049d1a625b1,40.4460688866196,-86.9304840686003,54,3073.06
b8c15b96-4ecb-4c22-87aa-527ace63b880,40.3991556405518,-86.8670925120766,29,4153.26
b4417114-9ce7-42e9-936b-536f4ec21247,40.4200741899058,-86.8925855691782,45,8427.86
716a1134-702e-43b2-8984-fd6f12a926a3,40.46052,-86.927399,5,951.01
12648a3c-ba8d-48be-8a85-8681ac0d9bff,40.4589318655807,-86.9378284046715,62,10440.78
fa1bfc2a-4aa5-4966-81d1-33a2a1ea14c6,40.460557,-86.918859,39,8455.51
cb61ff86-9f1a-46c0-9881-c76c0287240f,40.3780112496932,-86.8760901214154,29,2880.63
79dad13b-4042-4d5e-a786-240646d7578c,40.381785653936,-86.8766532466801,16,3322.59
55c5e2f3-e55e-4b4b-b0e1-0f46278e7d95,40.4388271805911,-86.9172828575092,24,3921.43
624d1f32-a356-47fb-b477-afd271f462cd,40.423931,-86.911286,61,9854.09
29c28934-efe6-48d7-bf29-bf7cd63335d7,40.4655657986144,-86.937634613373,21,1593.93
77ef10ae-585a-4bc9-adff-fc125f0932d2,40.4238624005978,-86.8509077407192,27,4082.61
79dad13b-4042-4d5e-a786-240646d7578c,40.3819693852645,-86.8843914201493,21,3983.28
ae80f7da-68bb-4e11-82d9-4e434fd30733,40.422775,-86.886793,8,1031.17
6c20d044-6cfd-4f7b-af03-b2fd1fb8325b,40.4200188457765,-86.8954882762076,2,109.19
cb61ff86-9f1a-46c0-9881-c76c0287240f,40.3879157749604,-86.9046863675352,61,6230.99
132fa334-e471-472b-921c-7d18439221cb,40.4218461324798,-86.8943734385863,25,5458.71
12f97034-fc21-44ef-b9d2-1b478749ee65,40.4460969833193,-86.9435153569886,45,1408.25
0e410d81-233b-4f4e-b644-b926ae73d696,40.4332773645685,-86.9231989635944,22,2780.19
f71ad2a5-ff13-4379-adc1-e257c3e59f53,40.3819278110223,-86.8868443004396,71,7839.12
007b678c-d15d-4e6a-8928-cab840ddf344,40.456775,-86.876203,0,0
007b678c-d15d-4e6a-8928-cab840ddf344,40.4240432811181,-86.9121776683992,57,7727.48
12f97034-fc21-44ef-b9d2-1b478749ee65,40.4491951193077,-86.9398636125554,5,285.11
26ecb9dd-aec2-4972-9d24-ee2ae9653374,40.4041500665734,-86.8346040867568,36,3852.73
b8c15b96-4ecb-4c22-87aa-527ace63b880,40.4207112145848,-86.8948077794795,0,0
9d713986-ad91-4d78-895f-ae03d84ed071,40.4265181974481,-86.9103069251959,2,369.77
26ecb9dd-aec2-4972-9d24-ee2ae9653374,40.392677,-86.848871,5,246.49
56fdf086-7941-45a1-afb3-b928148109a2,40.460355,-86.924485,45,4948.13
7afb54ae-31a1-4536-b273-c1a67b17e963,40.4029248919664,-86.8412929930732,24,6611.2
5394dfa6-526f-417d-96b5-51e5d4ce396d,40.4239747135774,-86.9083905947839,11,428.73
27d96cf3-940c-495a-ba0e-94d497c2f149,40.4131339736661,-86.8770958111939,66,9316.03
f71ad2a5-ff13-4379-adc1-e257c3e59f53,40.3846301367658,-86.906809324432,48,6072.92
55c5e2f3-e55e-4b4b-b0e1-0f46278e7d95,40.4685465944174,-86.9433692817708,49,8032.29
12f97034-fc21-44ef-b9d2-1b478749ee65,40.4314613017493,-86.9292629420968,94,4457.66
cb61ff86-9f1a-46c0-9881-c76c0287240f,40.4051772001491,-86.8952409562612,95,10998.64
b8c15b96-4ecb-4c22-87aa-527ace63b880,40.4061667817715,-86.8765363629678,21,3014.55
9e21239f-d54e-46e6-abcb-648b572ea90f,40.4182673145702,-86.895468327915,23,5162.13
ae80f7da-68bb-4e11-82d9-4e434fd30733,40.4325813312877,-86.8744364007972,25,3451.53
624d1f32-a356-47fb-b477-afd271f462cd,40.450768,-86.919916,40,5483.93
3c435a70-bd1f-4d17-86ca-139de51f22c9,40.4368312917251,-86.9061387721383,24,4829.33
f71ad2a5-ff13-4379-adc1-e257c3e59f53,40.3844423821236,-86.9111866898052,41,5693.44
9d713986-ad91-4d78-895f-ae03d84ed071,40.4239741220459,-86.9102586454307,1,87.04
5394dfa6-526f-417d-96b5-51e5d4ce396d,40.4242145356488,-86.9191669973355,38,1737.86
76f6f48e-6195-424d-9f43-c18c77e27a27,40.3959021189158,-86.8765403274455,18,4196.25
f0bfdbab-3f2e-40c7-823b-27ed6dd81e54,40.3923294291523,-86.8382981832478,16,1910.12
5394dfa6-526f-417d-96b5-51e5d4ce396d,40.4242518200771,-86.9149315976161,32,1359.34
2090d1c1-77f9-4733-97f2-b4e97249c6ab,40.4564690861982,-86.8758566305552,1,44.87
7218f1c2-a821-475e-840c-a049d1a625b1,40.446453,-86.922233,46,2312.68
7218f1c2-a821-475e-840c-a049d1a625b1,40.4364366614478,-86.9362780643765,80,5543.87
5394dfa6-526f-417d-96b5-51e5d4ce396d,40.4258831982057,-86.9147015056108,27,1172.34
f0bfdbab-3f2e-40c7-823b-27ed6dd81e54,40.4298146325239,-86.8871487311809,77,11948.14
716a1134-702e-43b2-8984-fd6f12a926a3,40.455419,-86.915778,12,2483.71
12f97034-fc21-44ef-b9d2-1b478749ee65,40.4477668706247,-86.9408487925246,35,955.8
26ecb9dd-aec2-4972-9d24-ee2ae9653374,40.3940062563115,-86.8370213371791,22,2233.03
8893a0f4-c34d-4fc9-a9fb-8e833fee37ca,40.434223,-86.863664,23,3840.36
0b4c0e9d-9ceb-4424-84ef-0c222182a7ed,40.4359850547305,-86.9186553012523,34,5190.99
7261420d-8225-42cc-8837-046368279776,40.4399761819825,-86.9393659793953,26,4999.17
12648a3c-ba8d-48be-8a85-8681ac0d9bff,40.4201365288686,-86.9007098731505,13,935.97
0b4c0e9d-9ceb-4424-84ef-0c222182a7ed,40.4190975753937,-86.9119509420832,14,2040.93
12648a3c-ba8d-48be-8a85-8681ac0d9bff,40.4309137855646,-86.9321211820667,31,4368.9
aacfedab-6f68-4a78-8641-b932f17dbff6,40.4608759558723,-86.9009889305227,32,7234.3
f0bfdbab-3f2e-40c7-823b-27ed6dd81e54,40.3936254543427,-86.8368997293369,22,2191.34
9d713986-ad91-4d78-895f-ae03d84ed071,40.4808329332371,-86.9345540961357,90,8855.27
b4417114-9ce7-42e9-936b-536f4ec21247,40.4191004270538,-86.8653054273372,33,6099.78
62c1143c-029a-4b43-9f4f-6d6f9c55bc76,40.4154367417882,-86.8277371449338,52,7453.79
3081f37d-fdeb-4b5a-8813-07fa7cc93ba2,40.4332081865362,-86.9256771420246,13,442.64
12648a3c-ba8d-48be-8a85-8681ac0d9bff,40.4240167676598,-86.9112215703387,20,1968.76
9d713986-ad91-4d78-895f-ae03d84ed071,40.4585047458871,-86.92448430055,34,4730.05
f71ad2a5-ff13-4379-adc1-e257c3e59f53,40.378214,-86.876233,82,9114.69
9d713986-ad91-4d78-895f-ae03d84ed071,40.480833268376,-86.9311869796293,91,9139.86
bb92f4e4-7c69-4f9a-a86b-ab4a6ebf37f7,40.407355153999,-86.8503287047344,36,5758.8
d1a4f0a7-715f-4996-8eb3-283cae447608,40.4299603474012,-86.9480566336264,36,3519.59
bc162fca-a6bc-4e4e-99d8-3f4648da05ea,40.3879570090556,-86.8952539704706,44,5421.7
27d96cf3-940c-495a-ba0e-94d497c2f149,40.388146234763,-86.870030885904,36,5245.64
26ecb9dd-aec2-4972-9d24-ee2ae9653374,40.4218860222033,-86.8904746705576,102,13168.84
f71ad2a5-ff13-4379-adc1-e257c3e59f53,40.3941130873032,-86.9010975599943,22,3508.54
70814020-a9b7-44ef-a20e-fb5aff6b77a5,40.4482152287654,-86.9445705244847,31,1759.97
75965b70-7ad7-4945-be19-cfb16a1b3fa6,40.3818809777052,-86.8610558567722,27,3830.69
7e415f9d-0dfe-4239-b4f5-b467213b6c43,40.398793870094,-86.8057404866047,5,270.74
12648a3c-ba8d-48be-8a85-8681ac0d9bff,40.4574747648632,-86.9341416475481,69,10909.87
f0bfdbab-3f2e-40c7-823b-27ed6dd81e54,40.421445439706,-86.8463504953857,52,6797.11
26ecb9dd-aec2-4972-9d24-ee2ae9653374,40.39168,-86.84966,0,0
55c5e2f3-e55e-4b4b-b0e1-0f46278e7d95,40.4677103798052,-86.9431369150478,45,7932.17
79dad13b-4042-4d5e-a786-240646d7578c,40.4163512835712,-86.8941868480555,91,12559.13
79dad13b-4042-4d5e-a786-240646d7578c,40.3847106030411,-86.9085245971992,45,6903.11
a9ab1807-2920-4cd6-b08d-3a8d7d8d9820,40.4068535808834,-86.8323565621588,30,7822.96
a0020965-2b60-4e70-a047-a1b071f6ff20,40.4331915338749,-86.92314800162,16,658.67
a793c083-222b-4293-9d4e-f7454bbd6855,40.4200081020513,-86.8867489193374,56,5531.77
5a3bff2c-b3f2-4911-8ef6-442c2d85d857,40.4320596416032,-86.8870655826965,13,2026.36
b8c15b96-4ecb-4c22-87aa-527ace63b880,40.3925316531316,-86.8494245131389,79,12726.75
2a068c67-dc1e-4ead-a035-c4161cb0a07e,40.3940247778743,-86.8486528154931,10,485.18
27d96cf3-940c-495a-ba0e-94d497c2f149,40.3822582540499,-86.8440657465049,22,2386.05
ff80a8f5-2afb-449a-8e43-76f253357b41,40.4676400823073,-86.9507125112868,25,2676.25
fa1bfc2a-4aa5-4966-81d1-33a2a1ea14c6,40.434932,-86.905752,24,5075.56
29c28934-efe6-48d7-bf29-bf7cd63335d7,40.4668032077896,-86.9455793783587,13,790.98
79dad13b-4042-4d5e-a786-240646d7578c,40.3922824795414,-86.9137642928221,56,7973.36
75965b70-7ad7-4945-be19-cfb16a1b3fa6,40.388146234763,-86.870030885904,35,5244.51
a9ab1807-2920-4cd6-b08d-3a8d7d8d9820,40.4209033265773,-86.8952541397082,2,75.29
bb92f4e4-7c69-4f9a-a86b-ab4a6ebf37f7,40.4065112188388,-86.8327191352956,23,3366.15
8893a0f4-c34d-4fc9-a9fb-8e833fee37ca,40.4246188173681,-86.8906558755066,7,891.37
f71ad2a5-ff13-4379-adc1-e257c3e59f53,40.3723590297913,-86.8761127815314,87,9766.43
0b4c0e9d-9ceb-4424-84ef-0c222182a7ed,40.4201582193394,-86.9131641951721,13,1884.64
8893a0f4-c34d-4fc9-a9fb-8e833fee37ca,40.424705024046,-86.8823086847251,11,1597.57
0e410d81-233b-4f4e-b644-b926ae73d696,40.4335978551062,-86.9271039925312,50,3697.83
fa1bfc2a-4aa5-4966-81d1-33a2a1ea14c6,40.4200145338554,-86.8954882762076,2,107.09
de154292-7fe9-40e4-9e11-8776303bf1c6,40.4177125047274,-86.843884697192,15,2843.99
b8c15b96-4ecb-4c22-87aa-527ace63b880,40.4173163350281,-86.8786242739232,10,1717.85
cb61ff86-9f1a-46c0-9881-c76c0287240f,40.3654057323332,-86.8625611847928,6,350.95
b4417114-9ce7-42e9-936b-536f4ec21247,40.4218417657519,-86.8507109195418,18,3845.98
7426c1e2-6b00-4c5f-8636-b34180893ecb,40.3930625451581,-86.8468291193797,7,665.66
55c5e2f3-e55e-4b4b-b0e1-0f46278e7d95,40.4396242500845,-86.9178176324353,25,4020.88
33ace3e0-53ff-4dc0-a898-bd50817a1644,40.4257631555654,-86.8868308893937,24,3614.03
62c1143c-029a-4b43-9f4f-6d6f9c55bc76,40.4173664997438,-86.8167219648792,73,9041.9
f42d1f15-dd59-4025-b28f-99a130b2d962,40.4406494164854,-86.8774444983866,4,930.31
c5e3979b-c192-42fb-860c-c4c246c5eec0,40.4029630364754,-86.8345130583354,30,8164.04
c5e3979b-c192-42fb-860c-c4c246c5eec0,40.405455,-86.828217,38,9274.66
cb61ff86-9f1a-46c0-9881-c76c0287240f,40.3672413746858,-86.8710313362498,14,1252.27
56fdf086-7941-45a1-afb3-b928148109a2,40.4653064278657,-86.9301135480246,70,6068.19
5394dfa6-526f-417d-96b5-51e5d4ce396d,40.4313594978141,-86.9141346918206,74,4592.68
bb92f4e4-7c69-4f9a-a86b-ab4a6ebf37f7,40.418281995386,-86.8811654809826,51,10480.31
811f6866-bf6b-4d63-b690-9320b35cc663,40.3925493593544,-86.8384652935544,53,11459.35
7e415f9d-0dfe-4239-b4f5-b467213b6c43,40.4182478426767,-86.8954544220936,47,10694.81
56fdf086-7941-45a1-afb3-b928148109a2,40.465357383042,-86.9290000969278,67,5973.46
bc162fca-a6bc-4e4e-99d8-3f4648da05ea,40.381785653936,-86.8766532466801,29,3334.33
12648a3c-ba8d-48be-8a85-8681ac0d9bff,40.4239683470259,-86.9083139530497,19,1722.74
811f6866-bf6b-4d63-b690-9320b35cc663,40.4320462305574,-86.8806081641083,14,2589.43
f8091890-6a74-4783-b6f3-0328c8090a51,40.4204342647853,-86.9187192502013,15,1466.37
f0bfdbab-3f2e-40c7-823b-27ed6dd81e54,40.4219061387721,-86.8893776470052,83,13043.5
76f6f48e-6195-424d-9f43-c18c77e27a27,40.416797,-86.886797,7,1076.13
2713ba46-9e58-4dcd-8a32-2cb9dcf2490b,40.4386525117548,-86.881294809657,6,1317.06
f0bfdbab-3f2e-40c7-823b-27ed6dd81e54,40.4007287562328,-86.8384223782076,31,3100.94
c5ec81b9-e850-475e-af29-7b3b1d08551d,40.439366,-86.899393,52,5553.99
2090d1c1-77f9-4733-97f2-b4e97249c6ab,40.456775,-86.876203,0,0
70814020-a9b7-44ef-a20e-fb5aff6b77a5,40.4311419582351,-86.9326317084748,42,4040.7
fa1bfc2a-4aa5-4966-81d1-33a2a1ea14c6,40.4267555729601,-86.892075949435,6,1076.63
20e15c6a-5b6f-40ca-9df9-888a18a65225,40.434223,-86.863664,25,4189.61
6a4db531-9f9e-496b-a86e-3d422ec5feed,40.414034,-86.886556,15,3948.85
79dad13b-4042-4d5e-a786-240646d7578c,40.3642,-86.8606,1,116.57
2a068c67-dc1e-4ead-a035-c4161cb0a07e,40.4157048711601,-86.8767122552819,30,3896.38
9d713986-ad91-4d78-895f-ae03d84ed071,40.455337,-86.9244715651229,33,4378.05
7e415f9d-0dfe-4239-b4f5-b467213b6c43,40.4006055466511,-86.8047563848244,1,49.15
a793c083-222b-4293-9d4e-f7454bbd6855,40.4257954732311,-86.9289218822745,1,31.25
27d96cf3-940c-495a-ba0e-94d497c2f149,40.3937341576333,-86.8491420327663,8,432.5
5001d1c6-c1ea-4d03-b8eb-45705b3c0f70,40.4178761757708,-86.9264866265601,44,3441.1
56fdf086-7941-45a1-afb3-b928148109a2,40.45019003452,-86.9194532584818,31,3456.36
79dad13b-4042-4d5e-a786-240646d7578c,40.401953,-86.892955,73,10439.37
7218f1c2-a821-475e-840c-a049d1a625b1,40.4574747648632,-86.9341416475481,0,0
5a3bff2c-b3f2-4911-8ef6-442c2d85d857,40.4268784786102,-86.8472244584458,30,6246.51
26ecb9dd-aec2-4972-9d24-ee2ae9653374,40.4229864105458,-86.8470762381104,58,7004.74
cb61ff86-9f1a-46c0-9881-c76c0287240f,40.367182481593,-86.8627619779271,9,550.53
56fdf086-7941-45a1-afb3-b928148109a2,40.4678511424827,-86.934744000346,76,6768.36
79dad13b-4042-4d5e-a786-240646d7578c,40.3848165503035,-86.8951162335346,36,5063.38
c5e3979b-c192-42fb-860c-c4c246c5eec0,40.406510258109,-86.8578268204824,19,4805.44
cb61ff86-9f1a-46c0-9881-c76c0287240f,40.3879443964829,-86.896725392871,55,5555.95
3081f37d-fdeb-4b5a-8813-07fa7cc93ba2,40.4331598892873,-86.9263243517075,11,387.64
a9ab1807-2920-4cd6-b08d-3a8d7d8d9820,40.4173846572331,-86.871389480299,13,2497.2
fa1bfc2a-4aa5-4966-81d1-33a2a1ea14c6,40.4331834872474,-86.910508090884,19,3965.2
5a3bff2c-b3f2-4911-8ef6-442c2d85d857,40.4231493243834,-86.8471485164753,32,6660.96
7e415f9d-0dfe-4239-b4f5-b467213b6c43,40.403048867169,-86.8341187735867,23,3887.02
9d713986-ad91-4d78-895f-ae03d84ed071,40.4678422741051,-86.938791695099,78,7086.5
79dad13b-4042-4d5e-a786-240646d7578c,40.3893870347373,-86.9128295429247,54,7641.49
cb61ff86-9f1a-46c0-9881-c76c0287240f,40.3707078723254,-86.8759191286687,23,2067.93
70814020-a9b7-44ef-a20e-fb5aff6b77a5,40.449319727028,-86.9418993933048,12,717.76
75965b70-7ad7-4945-be19-cfb16a1b3fa6,40.390889382449,-86.84287647457,15,1114.09
7261420d-8225-42cc-8837-046368279776,40.4198180389296,-86.900679135363,49,9635.48
7110f3dc-2167-4bfb-8a75-b40c6791c80c,40.418281995386,-86.8811654809826,63,9525.44
5001d1c6-c1ea-4d03-b8eb-45705b3c0f70,40.4207881878879,-86.9220222674209,16,1999.23
bb92f4e4-7c69-4f9a-a86b-ab4a6ebf37f7,40.4069819185275,-86.8322146659516,21,3293.32
f71ad2a5-ff13-4379-adc1-e257c3e59f53,40.3930938478168,-86.9025432707395,24,3676.09
12648a3c-ba8d-48be-8a85-8681ac0d9bff,40.4588864405015,-86.9369440780085,63,10515.72
5a3bff2c-b3f2-4911-8ef6-442c2d85d857,40.4218283547061,-86.890795194554,5,581.34
b8c15b96-4ecb-4c22-87aa-527ace63b880,40.391844920366,-86.8712993652627,44,6213.78
f71ad2a5-ff13-4379-adc1-e257c3e59f53,40.3834177782188,-86.8953898188704,61,7068.92
2722571e-4f1d-44f8-adbb-bbb7443b4f43,40.3929758306131,-86.8481950073358,5,311.67
56fdf086-7941-45a1-afb3-b928148109a2,40.4390985553343,-86.9174520348965,17,1954.4
7110f3dc-2167-4bfb-8a75-b40c6791c80c,40.4182909224353,-86.8837724577338,64,9745.99
2a068c67-dc1e-4ead-a035-c4161cb0a07e,40.4137575872992,-86.8745061382357,29,3610.62
cb61ff86-9f1a-46c0-9881-c76c0287240f,40.3870696060103,-86.8951966998098,53,5331.44
20e15c6a-5b6f-40ca-9df9-888a18a65225,40.4305656510929,-86.8690532069834,22,3567.99
29c28934-efe6-48d7-bf29-bf7cd63335d7,40.4571865524602,-86.9311385924414,25,2676.48
5394dfa6-526f-417d-96b5-51e5d4ce396d,40.4313827433687,-86.9168011026758,68,4363.63
62c1143c-029a-4b43-9f4f-6d6f9c55bc76,40.4164505253107,-86.8145185300421,79,9385.92
75965b70-7ad7-4945-be19-cfb16a1b3fa6,40.3925603951902,-86.8720620174158,44,5918.33
bc162fca-a6bc-4e4e-99d8-3f4648da05ea,40.3671643789199,-86.8679968809723,9,997.52
f42d1f15-dd59-4025-b28f-99a130b2d962,40.4248015835763,-86.8869864575259,18,3314.49
f8091890-6a74-4783-b6f3-0328c8090a51,40.4243120804019,-86.9216365767501,22,2129.49
a793c083-222b-4293-9d4e-f7454bbd6855,40.4204199995959,-86.9103528286362,20,2515.13
e8ff9056-010e-480e-be87-5fbfd502f830,40.423931,-86.911286,58,6929.01
cb61ff86-9f1a-46c0-9881-c76c0287240f,40.393849,-86.901211,83,9209.1
cb61ff86-9f1a-46c0-9881-c76c0287240f,40.3837409844244,-86.89511489243,49,4960.46
e335420d-ceb4-49cd-a60e-a8a967b18129,40.4200702294938,-86.9221997504394,13,2242.37
12f97034-fc21-44ef-b9d2-1b478749ee65,40.4306589587566,-86.9316207958161,89,4234.97
9d713986-ad91-4d78-895f-ae03d84ed071,40.45201900567,-86.9222954422881,29,3828.21
70814020-a9b7-44ef-a20e-fb5aff6b77a5,40.4492791381535,-86.9417024544327,13,735.01
811f6866-bf6b-4d63-b690-9320b35cc663,40.4289710777385,-86.8449548986527,26,5932.59
cb61ff86-9f1a-46c0-9881-c76c0287240f,40.384746812865,-86.9066443685677,64,6752.8
26ecb9dd-aec2-4972-9d24-ee2ae9653374,40.4206603429896,-86.8406401609129,52,6268.03
7218f1c2-a821-475e-840c-a049d1a625b1,40.4572686870466,-86.9310221762978,16,873.63
70814020-a9b7-44ef-a20e-fb5aff6b77a5,40.430362,-86.913149,58,5828.38
0e410d81-233b-4f4e-b644-b926ae73d696,40.433881964988,-86.9266483048972,35,3188.06
bb92f4e4-7c69-4f9a-a86b-ab4a6ebf37f7,40.406039,-86.832779,24,3418.87
6c20d044-6cfd-4f7b-af03-b2fd1fb8325b,40.4589743242533,-86.9349071968456,46,9950.02
7e415f9d-0dfe-4239-b4f5-b467213b6c43,40.3988460053525,-86.8076744605382,7,435.04
b4417114-9ce7-42e9-936b-536f4ec21247,40.4181190470731,-86.8498818256948,15,3393.68
811f6866-bf6b-4d63-b690-9320b35cc663,40.40627958812,-86.8381166063617,42,9216.1
6c20d044-6cfd-4f7b-af03-b2fd1fb8325b,40.455428,-86.915589,35,7633.57
7218f1c2-a821-475e-840c-a049d1a625b1,40.4195645701626,-86.900679135363,135,9755.16
70814020-a9b7-44ef-a20e-fb5aff6b77a5,40.4314539886782,-86.9191765025762,73,8168.28
12f97034-fc21-44ef-b9d2-1b478749ee65,40.4481693727773,-86.9408275837956,34,911.04
f71ad2a5-ff13-4379-adc1-e257c3e59f53,40.3955561158392,-86.8963715074284,18,3077.21
624d1f32-a356-47fb-b477-afd271f462cd,40.4777894633298,-86.9387789698141,10,952.9
811f6866-bf6b-4d63-b690-9320b35cc663,40.4205624899832,-86.8435970421644,36,7184.54
56fdf086-7941-45a1-afb3-b928148109a2,40.4649789348296,-86.9313570940725,72,6180.32
fa1bfc2a-4aa5-4966-81d1-33a2a1ea14c6,40.4266630367436,-86.9038280489342,10,2266.86
0b4c0e9d-9ceb-4424-84ef-0c222182a7ed,40.4189423336627,-86.921806613345,8,1022.69
b2e6d44b-e65b-45c2-9323-7fe8ca8c9945,40.4724590761935,-86.8965445099201,40,8740.51
e335420d-ceb4-49cd-a60e-a8a967b18129,40.4165695884691,-86.930487537045,21,3330.96
0e410d81-233b-4f4e-b644-b926ae73d696,40.4345459068032,-86.9254872557499,43,3519.33
5394dfa6-526f-417d-96b5-51e5d4ce396d,40.4259686093348,-86.9137898865389,23,1092.68
7426c1e2-6b00-4c5f-8636-b34180893ecb,40.393337,-86.84857,4,336.56
f8091890-6a74-4783-b6f3-0328c8090a51,40.42427239767,-86.938970040856,26,3595.8
106b7a4b-c510-4c36-84f3-e9ba6c6a9e1a,40.3940485060489,-86.8487476492407,38,5967.99
70814020-a9b7-44ef-a20e-fb5aff6b77a5,40.4472570387874,-86.9393954836962,100,12432.5
12f97034-fc21-44ef-b9d2-1b478749ee65,40.4475135432421,-86.9449495177226,50,1664.45
db416ff3-0f30-49ce-a448-0bba8f984215,40.4377901815051,-86.8621290839987,0,0
e585597e-0bea-47a2-b2ad-5525a03f22ee,40.4314584742321,-86.9166218658714,4,1210.38
7261420d-8225-42cc-8837-046368279776,40.4178117464669,-86.8976227580084,55,9992.74
a793c083-222b-4293-9d4e-f7454bbd6855,40.420805,-86.901506,41,3817
75965b70-7ad7-4945-be19-cfb16a1b3fa6,40.41824428563,-86.8953314111259,75,11285.72
12648a3c-ba8d-48be-8a85-8681ac0d9bff,40.459215,-86.939929,60,10259.65
007b678c-d15d-4e6a-8928-cab840ddf344,40.425795,-86.887023,12,3675.84
d1a4f0a7-715f-4996-8eb3-283cae447608,40.424748836542,-86.9413768036022,38,4328.72
0e410d81-233b-4f4e-b644-b926ae73d696,40.4257296528921,-86.9221736220239,10,1808.21
7afb54ae-31a1-4536-b273-c1a67b17e963,40.4029737653121,-86.8321393032157,27,7385.8
a793c083-222b-4293-9d4e-f7454bbd6855,40.4173216119681,-86.8954761113775,49,4496.25
7426c1e2-6b00-4c5f-8636-b34180893ecb,40.3915223598625,-86.8711130130594,29,5630.95
624d1f32-a356-47fb-b477-afd271f462cd,40.4241505990929,-86.9191772432196,59,9186.11
3081f37d-fdeb-4b5a-8813-07fa7cc93ba2,40.428627,-86.911277,30,1985.58
d1a4f0a7-715f-4996-8eb3-283cae447608,40.4475107636357,-86.9618509552955,12,907.57
5a3bff2c-b3f2-4911-8ef6-442c2d85d857,40.4036771758813,-86.8343445449697,49,9857.32
20e15c6a-5b6f-40ca-9df9-888a18a65225,40.4233344151577,-86.8906288975852,6,748.94
d1a4f0a7-715f-4996-8eb3-283cae447608,40.4529138312823,-86.961626660409,4,237.74
716a1134-702e-43b2-8984-fd6f12a926a3,40.435305,-86.905928,22,4989.4
79dad13b-4042-4d5e-a786-240646d7578c,40.3924925972258,-86.9028493055162,61,8994.55
e8ff9056-010e-480e-be87-5fbfd502f830,40.4455114205056,-86.9620222243916,20,1131.35
811f6866-bf6b-4d63-b690-9320b35cc663,40.3983389078581,-86.8385538064572,51,10815.97
7261420d-8225-42cc-8837-046368279776,40.4219866050474,-86.9043188932132,45,9230.76
bc162fca-a6bc-4e4e-99d8-3f4648da05ea,40.382035,-86.886537,34,4178.1
c5e3979b-c192-42fb-860c-c4c246c5eec0,40.4027739407285,-86.857681981187,20,5220.8
a793c083-222b-4293-9d4e-f7454bbd6855,40.4296818631698,-86.8869985274672,63,6606.97
7218f1c2-a821-475e-840c-a049d1a625b1,40.4308892194171,-86.9324080688343,87,6244.26
5394dfa6-526f-417d-96b5-51e5d4ce396d,40.4240865804488,-86.9137176388294,16,880.52
5001d1c6-c1ea-4d03-b8eb-45705b3c0f70,40.4234215869559,-86.9217934859868,12,1701.32
7218f1c2-a821-475e-840c-a049d1a625b1,40.4522284600765,-86.9269042815207,22,1540.06
7426c1e2-6b00-4c5f-8636-b34180893ecb,40.3853127590008,-86.8698297065395,24,4863.81
55c5e2f3-e55e-4b4b-b0e1-0f46278e7d95,40.4652215369412,-86.9368760678336,40,7315.28
aacfedab-6f68-4a78-8641-b932f17dbff6,40.4565093193358,-86.9029308499653,29,6721.07
42719558-c2a4-467d-8614-840defe90744,40.4669198395527,-86.9455127995208,20,830.36
de154292-7fe9-40e4-9e11-8776303bf1c6,40.4171763975551,-86.8139108911826,7,262.52
bc162fca-a6bc-4e4e-99d8-3f4648da05ea,40.3821248312113,-86.8870519567439,35,4222.82
a0020965-2b60-4e70-a047-a1b071f6ff20,40.432584,-86.919271,23,1029.73
cb61ff86-9f1a-46c0-9881-c76c0287240f,40.3848460546044,-86.9108111805207,68,7106.45
33ace3e0-53ff-4dc0-a898-bd50817a1644,40.4257966831801,-86.8824427951838,22,3242.82
70814020-a9b7-44ef-a20e-fb5aff6b77a5,40.4491117648398,-86.9391084047984,3,216.23
f0bfdbab-3f2e-40c7-823b-27ed6dd81e54,40.418453,-86.838863,46,5830.52
0e410d81-233b-4f4e-b644-b926ae73d696,40.4351946761992,-86.9250225814028,41,3437.09
cb61ff86-9f1a-46c0-9881-c76c0287240f,40.3833560874078,-86.8896029525759,44,4486.22
62c1143c-029a-4b43-9f4f-6d6f9c55bc76,40.4200246965963,-86.8817705874708,8,1147.41
f71ad2a5-ff13-4379-adc1-e257c3e59f53,40.3934210773361,-86.9136422523047,30,4652.39
7218f1c2-a821-475e-840c-a049d1a625b1,40.4497125200498,-86.9246587664462,40,1889.72
77ef10ae-585a-4bc9-adff-fc125f0932d2,40.4217759236942,-86.8507721499866,23,3847.59
5394dfa6-526f-417d-96b5-51e5d4ce396d,40.4259808109158,-86.9138419790572,24,1097.29
70814020-a9b7-44ef-a20e-fb5aff6b77a5,40.4304391274097,-86.932108881719,46,4134.66
75965b70-7ad7-4945-be19-cfb16a1b3fa6,40.409932729596,-86.8771738727685,62,8958.53
56fdf086-7941-45a1-afb3-b928148109a2,40.4585047458871,-86.92448430055,43,4740.81
d1a4f0a7-715f-4996-8eb3-283cae447608,40.4407748470215,-86.9619475847813,23,1661.05
5394dfa6-526f-417d-96b5-51e5d4ce396d,40.431395,-86.919409,66,4142.55
9d713986-ad91-4d78-895f-ae03d84ed071,40.440343,-86.918101,13,2104.2
e8ff9056-010e-480e-be87-5fbfd502f830,40.4240934887021,-86.9172436713025,57,6424.72
56fdf086-7941-45a1-afb3-b928148109a2,40.467900675983,-86.9317264872427,75,6513.21
f71ad2a5-ff13-4379-adc1-e257c3e59f53,40.3817709017856,-86.88395019674,75,8085.81
6a4db531-9f9e-496b-a86e-3d422ec5feed,40.4202768345471,-86.8954830845872,24,5379.7
ff80a8f5-2afb-449a-8e43-76f253357b41,40.4573390897348,-86.9338648951931,1,27.84
c5e3979b-c192-42fb-860c-c4c246c5eec0,40.4015999101477,-86.8083911464806,45,11924.07
26ecb9dd-aec2-4972-9d24-ee2ae9653374,40.4212852073482,-86.8942418333436,105,13549.71
c5ec81b9-e850-475e-af29-7b3b1d08551d,40.4515834421863,-86.902613008178,39,4114.69
fa1bfc2a-4aa5-4966-81d1-33a2a1ea14c6,40.4277172493998,-86.9099763399571,13,2808.47
0b4c0e9d-9ceb-4424-84ef-0c222182a7ed,40.4388463975517,-86.9180111903894,31,4761.29
7261420d-8225-42cc-8837-046368279776,40.4211446808422,-86.9021140767324,46,9439.42
e335420d-ceb4-49cd-a60e-a8a967b18129,40.4172579040036,-86.9244947323862,16,2640.08
12648a3c-ba8d-48be-8a85-8681ac0d9bff,40.4186660227111,-86.8989176871864,7,695.99
007b678c-d15d-4e6a-8928-cab840ddf344,40.4313931126233,-86.887203716469,9,3053.59
9d713986-ad91-4d78-895f-ae03d84ed071,40.4522656008806,-86.9219335016999,28,3787.13
9d713986-ad91-4d78-895f-ae03d84ed071,40.4658421741976,-86.927736318343,52,5763.7
75965b70-7ad7-4945-be19-cfb16a1b3fa6,40.3939753012104,-86.8487275895167,9,476.64
0b4c0e9d-9ceb-4424-84ef-0c222182a7ed,40.4340002199411,-86.9151375839196,27,4095.3
a0020965-2b60-4e70-a047-a1b071f6ff20,40.4313860141799,-86.9182613936036,26,1245.54
62c1143c-029a-4b43-9f4f-6d6f9c55bc76,40.4171264420227,-86.8140384145998,76,9299.25
62c1143c-029a-4b43-9f4f-6d6f9c55bc76,40.4174120972998,-86.8142288514512,74,9252.88
7e415f9d-0dfe-4239-b4f5-b467213b6c43,40.4061092678374,-86.8288106816298,16,2910.37
42719558-c2a4-467d-8614-840defe90744,40.4668046344175,-86.9460193067598,18,782.63
a9ab1807-2920-4cd6-b08d-3a8d7d8d9820,40.4172699402135,-86.8942592677032,5,562.26
a793c083-222b-4293-9d4e-f7454bbd6855,40.420261944548,-86.8867504231185,57,5559.98
0e410d81-233b-4f4e-b644-b926ae73d696,40.4333822918176,-86.9272469692534,51,3724.66
2713ba46-9e58-4dcd-8a32-2cb9dcf2490b,40.4425564672086,-86.8726084752446,2,461.19
b2e6d44b-e65b-45c2-9323-7fe8ca8c9945,40.4667017141999,-86.8994399547243,35,7897.82
9d713986-ad91-4d78-895f-ae03d84ed071,40.4777549955308,-86.9351204090444,85,8488.71
f0bfdbab-3f2e-40c7-823b-27ed6dd81e54,40.4321847641114,-86.8448664488329,62,8104.94
db416ff3-0f30-49ce-a448-0bba8f984215,40.4377311729033,-86.8661751965389,1,342.26
5394dfa6-526f-417d-96b5-51e5d4ce396d,40.4290434973862,-86.921574885939,60,3694.45
624d1f32-a356-47fb-b477-afd271f462cd,40.4283480709001,-86.9191991439452,57,8719.63
5001d1c6-c1ea-4d03-b8eb-45705b3c0f70,40.4165855756883,-86.9305005403857,47,3948.45
27d96cf3-940c-495a-ba0e-94d497c2f149,40.3818809777052,-86.8610558567722,27,3830.69
7426c1e2-6b00-4c5f-8636-b34180893ecb,40.4109721130712,-86.8771601842141,45,8912.58
42719558-c2a4-467d-8614-840defe90744,40.467188,-86.947349,12,646.2
f0bfdbab-3f2e-40c7-823b-27ed6dd81e54,40.3927023624862,-86.8489154937054,5,250.25
ae80f7da-68bb-4e11-82d9-4e434fd30733,40.4397857451311,-86.8696419518973,34,4664.39
c5ec81b9-e850-475e-af29-7b3b1d08551d,40.4728517136436,-86.8887595323694,5,238.65
a0020965-2b60-4e70-a047-a1b071f6ff20,40.4331875105612,-86.9259388402664,9,414.44
b8c15b96-4ecb-4c22-87aa-527ace63b880,40.3996044752549,-86.8670520039444,28,4103.27
7426c1e2-6b00-4c5f-8636-b34180893ecb,40.418281995386,-86.8811654809826,50,9925.26
db416ff3-0f30-49ce-a448-0bba8f984215,40.4267435030188,-86.8921135003634,26,4106.31
5a3bff2c-b3f2-4911-8ef6-442c2d85d857,40.3983389078581,-86.8385538064572,55,10803.85
70814020-a9b7-44ef-a20e-fb5aff6b77a5,40.448048290494,-86.9444165792714,90,11549.52
9e21239f-d54e-46e6-abcb-648b572ea90f,40.3880459301499,-86.8762656674544,2,260.66
7218f1c2-a821-475e-840c-a049d1a625b1,40.4428890611463,-86.9425470794766,70,4645.5
5a3bff2c-b3f2-4911-8ef6-442c2d85d857,40.3920701541083,-86.8500923115594,73,13266.89
7218f1c2-a821-475e-840c-a049d1a625b1,40.4501200637782,-86.9249636202574,38,1837.51
55c5e2f3-e55e-4b4b-b0e1-0f46278e7d95,40.470066055128,-86.9455989579679,59,8354.25
7426c1e2-6b00-4c5f-8636-b34180893ecb,40.39168,-86.84966,0,0
7218f1c2-a821-475e-840c-a049d1a625b1,40.41891020606,-86.8998696183799,139,9855.52
e585597e-0bea-47a2-b2ad-5525a03f22ee,40.4343180617284,-86.9256786659764,27,2460.13
b4417114-9ce7-42e9-936b-536f4ec21247,40.4213884724014,-86.8498834580114,16,3756.98
fa1bfc2a-4aa5-4966-81d1-33a2a1ea14c6,40.431117,-86.913622,15,3296.14
70814020-a9b7-44ef-a20e-fb5aff6b77a5,40.431395,-86.919409,54,5243.38
e585597e-0bea-47a2-b2ad-5525a03f22ee,40.4328844209244,-86.9214300466436,8,1782.28
7218f1c2-a821-475e-840c-a049d1a625b1,40.4242372916174,-86.9295064404181,102,7107.98
7218f1c2-a821-475e-840c-a049d1a625b1,40.4598148675056,-86.9340055120325,8,395.07
bc162fca-a6bc-4e4e-99d8-3f4648da05ea,40.3819371379506,-86.8844682747191,32,4002.06
3081f37d-fdeb-4b5a-8813-07fa7cc93ba2,40.433391715766,-86.9242050572556,16,571.34
f0bfdbab-3f2e-40c7-823b-27ed6dd81e54,40.3948494809447,-86.8368423673627,26,2332.12
3c435a70-bd1f-4d17-86ca-139de51f22c9,40.4327529926749,-86.9058008137823,26,5283.65
6a4db531-9f9e-496b-a86e-3d422ec5feed,40.4183489208628,-86.8954498162835,23,5165.45
7110f3dc-2167-4bfb-8a75-b40c6791c80c,40.398797565627,-86.807218897773,7,394.02
716a1134-702e-43b2-8984-fd6f12a926a3,40.4391367682917,-86.9078956683653,19,4515.12
12f97034-fc21-44ef-b9d2-1b478749ee65,40.448019607135,-86.944506765698,55,1750.52
d1a4f0a7-715f-4996-8eb3-283cae447608,40.4439646270254,-86.9619474984376,20,1306.51
811f6866-bf6b-4d63-b690-9320b35cc663,40.4320730526491,-86.8691376965724,18,3559.66
7261420d-8225-42cc-8837-046368279776,40.42751,-86.93075,34,6576.37
f0bfdbab-3f2e-40c7-823b-27ed6dd81e54,40.4206531589356,-86.8435856996188,50,6497.74
7110f3dc-2167-4bfb-8a75-b40c6791c80c,40.4062836114337,-86.8288924890096,22,2939.85
2a068c67-dc1e-4ead-a035-c4161cb0a07e,40.4064748504585,-86.8656135857268,24,2504.43
27d96cf3-940c-495a-ba0e-94d497c2f149,40.3824766598999,-86.8693562783365,31,4604.44
9e21239f-d54e-46e6-abcb-648b572ea90f,40.4203314809364,-86.8954951858982,24,5391.51
33ace3e0-53ff-4dc0-a898-bd50817a1644,40.4257403567875,-86.8912203247082,26,3985.34
bc162fca-a6bc-4e4e-99d8-3f4648da05ea,40.3672083576499,-86.8627634437093,7,554.05
5394dfa6-526f-417d-96b5-51e5d4ce396d,40.4252809367682,-86.9136654367222,19,1014.48
cb61ff86-9f1a-46c0-9881-c76c0287240f,40.382035,-86.886537,39,4185.74
26ecb9dd-aec2-4972-9d24-ee2ae9653374,40.4322030487156,-86.855308980301,79,9019.02
55c5e2f3-e55e-4b4b-b0e1-0f46278e7d95,40.428627,-86.911277,1,249.48
5a3bff2c-b3f2-4911-8ef6-442c2d85d857,40.4273144663327,-86.8467797263902,29,6185.17
007b678c-d15d-4e6a-8928-cab840ddf344,40.4298146325239,-86.8871487311809,10,3229.05
2713ba46-9e58-4dcd-8a32-2cb9dcf2490b,40.4248015835763,-86.8869864575259,17,3284.35
2722571e-4f1d-44f8-adbb-bbb7443b4f43,40.4182909224353,-86.8837724577338,25,4609.58
7110f3dc-2167-4bfb-8a75-b40c6791c80c,40.3992468356637,-86.8089717214687,10,551.85
27d96cf3-940c-495a-ba0e-94d497c2f149,40.38449,-86.86938,32,4828.17
a0020965-2b60-4e70-a047-a1b071f6ff20,40.4348786677516,-86.9252491938038,1,56.97
c5e3979b-c192-42fb-860c-c4c246c5eec0,40.4061615709163,-86.8289863663308,37,9172.67
12f97034-fc21-44ef-b9d2-1b478749ee65,40.4468193135922,-86.9404901915754,40,1070.97
0e410d81-233b-4f4e-b644-b926ae73d696,40.4332734634871,-86.9267987922204,52,3764.45
0b4c0e9d-9ceb-4424-84ef-0c222182a7ed,40.436133957372,-86.9180786435667,33,5139.49
7218f1c2-a821-475e-840c-a049d1a625b1,40.439272659905,-86.9384703149667,78,5177.02
7426c1e2-6b00-4c5f-8636-b34180893ecb,40.3919087974256,-86.8715665753686,30,5688.55
7afb54ae-31a1-4536-b273-c1a67b17e963,40.4023689271432,-86.8074991886317,41,11042.97
a793c083-222b-4293-9d4e-f7454bbd6855,40.4200205457223,-86.888530068906,55,5381.08
007b678c-d15d-4e6a-8928-cab840ddf344,40.4277520136685,-86.8870856992654,11,3458.31
75965b70-7ad7-4945-be19-cfb16a1b3fa6,40.4131339736661,-86.8770958111939,65,9314.9
55c5e2f3-e55e-4b4b-b0e1-0f46278e7d95,40.4676468191239,-86.9420612398792,44,7840.96
7261420d-8225-42cc-8837-046368279776,40.4285834985127,-86.9310162622342,32,6454.14
70814020-a9b7-44ef-a20e-fb5aff6b77a5,40.43096925476,-86.9312072521822,49,4235.92
3c435a70-bd1f-4d17-86ca-139de51f22c9,40.457042,-86.915715,12,2310.51
7e415f9d-0dfe-4239-b4f5-b467213b6c43,40.402981506246,-86.844450588425,26,4761.32
9d713986-ad91-4d78-895f-ae03d84ed071,40.4373625797589,-86.9158773097612,10,1720.43
3081f37d-fdeb-4b5a-8813-07fa7cc93ba2,40.4240813101271,-86.9118721362696,34,2649.33
cb61ff86-9f1a-46c0-9881-c76c0287240f,40.3671685737572,-86.8731530226243,16,1433.06
0b4c0e9d-9ceb-4424-84ef-0c222182a7ed,40.432242,-86.914828,25,3896.75
62c1143c-029a-4b43-9f4f-6d6f9c55bc76,40.4204094660526,-86.8604714787287,18,3105.11
ff80a8f5-2afb-449a-8e43-76f253357b41,40.4674569943352,-86.9621275345119,41,4011.68
33ace3e0-53ff-4dc0-a898-bd50817a1644,40.4377311729033,-86.8661751965389,1,342.26
de154292-7fe9-40e4-9e11-8776303bf1c6,40.4205395531976,-86.8606029069783,39,5552.67
12f97034-fc21-44ef-b9d2-1b478749ee65,40.4311813083567,-86.9305924430709,92,4340.74
f71ad2a5-ff13-4379-adc1-e257c3e59f53,40.3834150960097,-86.8952463206796,62,7081.07
cb61ff86-9f1a-46c0-9881-c76c0287240f,40.40517451794,-86.8962722656889,96,11085.91
f71ad2a5-ff13-4379-adc1-e257c3e59f53,40.4163702683192,-86.8932114875016,6,697.91
55c5e2f3-e55e-4b4b-b0e1-0f46278e7d95,40.4559554289877,-86.9298360890466,37,6124.45
cb61ff86-9f1a-46c0-9881-c76c0287240f,40.3879607516331,-86.8976111385349,57,5631.47
7110f3dc-2167-4bfb-8a75-b40c6791c80c,40.4030406373255,-86.8323054251678,38,3767.19
27d96cf3-940c-495a-ba0e-94d497c2f149,40.4183357610341,-86.8954608346197,77,11301.79
bc162fca-a6bc-4e4e-99d8-3f4648da05ea,40.3879882626526,-86.89703267199,46,5572.88
27d96cf3-940c-495a-ba0e-94d497c2f149,40.3880349160025,-86.8699343738947,35,5230.82
9d713986-ad91-4d78-895f-ae03d84ed071,40.4653931308983,-86.9273003107591,50,5699.82
bc162fca-a6bc-4e4e-99d8-3f4648da05ea,40.4075557933006,-86.897658712931,92,11466.06
e585597e-0bea-47a2-b2ad-5525a03f22ee,40.4334045583164,-86.9271467218346,23,2295.13
27d96cf3-940c-495a-ba0e-94d497c2f149,40.3923539371289,-86.8457518355006,12,820.37
70814020-a9b7-44ef-a20e-fb5aff6b77a5,40.449060582254,-86.9415506473855,15,763.4
5001d1c6-c1ea-4d03-b8eb-45705b3c0f70,40.4263479523196,-86.9192270252577,9,1148.5
b8c15b96-4ecb-4c22-87aa-527ace63b880,40.3873885968138,-86.8763441204723,52,7165.61
624d1f32-a356-47fb-b477-afd271f462cd,40.4654279061909,-86.9317899372146,24,2932.68
7e415f9d-0dfe-4239-b4f5-b467213b6c43,40.406039,-86.832779,20,3410.12
5001d1c6-c1ea-4d03-b8eb-45705b3c0f70,40.4205115247778,-86.9222973023604,36,2795.88
a9ab1807-2920-4cd6-b08d-3a8d7d8d9820,40.4028311329922,-86.8566593914413,21,5311.98
75965b70-7ad7-4945-be19-cfb16a1b3fa6,40.4182315122027,-86.879721693976,68,9965.01
b8c15b96-4ecb-4c22-87aa-527ace63b880,40.3880964145156,-86.8763138247013,51,7086.92
20e15c6a-5b6f-40ca-9df9-888a18a65225,40.4207112145848,-86.8948077794795,0,0
c5ec81b9-e850-475e-af29-7b3b1d08551d,40.4369746416881,-86.8994081988679,54,5820.14
7261420d-8225-42cc-8837-046368279776,40.4428890611463,-86.9425470794766,23,4576.34
7110f3dc-2167-4bfb-8a75-b40c6791c80c,40.3992468356637,-86.8097026234688,12,614.02
7426c1e2-6b00-4c5f-8636-b34180893ecb,40.3873388340268,-86.8400801903706,11,1678.68
0b4c0e9d-9ceb-4424-84ef-0c222182a7ed,40.4178038833542,-86.9303708518198,3,185.82
007b678c-d15d-4e6a-8928-cab840ddf344,40.42016456184,-86.9007064982911,31,5787.37
29c28934-efe6-48d7-bf29-bf7cd63335d7,40.4663003289659,-86.9387596652654,20,1468.6
20e15c6a-5b6f-40ca-9df9-888a18a65225,40.4246688142221,-86.8866833678891,9,1227.8
bc162fca-a6bc-4e4e-99d8-3f4648da05ea,40.3925443522968,-86.9028722798988,69,8995.62
56fdf086-7941-45a1-afb3-b928148109a2,40.4678539304723,-86.9387619398495,78,7108.39
e585597e-0bea-47a2-b2ad-5525a03f22ee,40.4329069955062,-86.9214829866991,9,1787.41
5a3bff2c-b3f2-4911-8ef6-442c2d85d857,40.3913824437331,-86.8436927634403,62,12346.43
5a3bff2c-b3f2-4911-8ef6-442c2d85d857,40.4205624899832,-86.8435970421644,36,7162.3
2722571e-4f1d-44f8-adbb-bbb7443b4f43,40.4182550122835,-86.8929220084798,30,5383.64
b2e6d44b-e65b-45c2-9323-7fe8ca8c9945,40.4608759558723,-86.9009889305227,33,7233.25
a0020965-2b60-4e70-a047-a1b071f6ff20,40.4332497293394,-86.926713462731,7,348.14
5394dfa6-526f-417d-96b5-51e5d4ce396d,40.4271969611462,-86.9095615204474,83,5199.07
007b678c-d15d-4e6a-8928-cab840ddf344,40.4188336935936,-86.8993944747878,24,5590.08
7218f1c2-a821-475e-840c-a049d1a625b1,40.4593163849488,-86.9336250916106,6,330.94
6c20d044-6cfd-4f7b-af03-b2fd1fb8325b,40.4363176486681,-86.9058303180832,27,5240.72
6a4db531-9f9e-496b-a86e-3d422ec5feed,40.388028,-86.877485,1,157.44
7e415f9d-0dfe-4239-b4f5-b467213b6c43,40.40707,-86.830272,18,3128.2
b2e6d44b-e65b-45c2-9323-7fe8ca8c9945,40.426558,-86.906066,13,2732.71
5394dfa6-526f-417d-96b5-51e5d4ce396d,40.425514577469,-86.9289031368563,46,2701.5
7218f1c2-a821-475e-840c-a049d1a625b1,40.4460671294824,-86.9434088688989,61,4167.47
5394dfa6-526f-417d-96b5-51e5d4ce396d,40.4269950827463,-86.9093226774488,1,14.44
c5e3979b-c192-42fb-860c-c4c246c5eec0,40.4028517247946,-86.8503193170023,26,6826.47
6a4db531-9f9e-496b-a86e-3d422ec5feed,40.412688261347,-86.886525166174,14,3799.29
62c1143c-029a-4b43-9f4f-6d6f9c55bc76,40.4164336407113,-86.8315699809309,45,7050.23
bc162fca-a6bc-4e4e-99d8-3f4648da05ea,40.3681905418115,-86.8759239991796,18,1788.23
12f97034-fc21-44ef-b9d2-1b478749ee65,40.4493346042095,-86.9420076062231,18,716.04
624d1f32-a356-47fb-b477-afd271f462cd,40.4652216734608,-86.930394075738,27,3104.66
a793c083-222b-4293-9d4e-f7454bbd6855,40.4246232166662,-86.8868711225314,60,6044.74
7e415f9d-0dfe-4239-b4f5-b467213b6c43,40.4028979255134,-86.8561252701099,28,5749.29
75965b70-7ad7-4945-be19-cfb16a1b3fa6,40.3934416992812,-86.8762902667298,48,6371.16
29c28934-efe6-48d7-bf29-bf7cd63335d7,40.4668501241371,-86.9469809858054,10,671.7
624d1f32-a356-47fb-b477-afd271f462cd,40.4652703380802,-86.9290840249905,28,3215.54
7110f3dc-2167-4bfb-8a75-b40c6791c80c,40.3993541240307,-86.8054405930901,4,199.56
cb61ff86-9f1a-46c0-9881-c76c0287240f,40.4107481486051,-86.8941157695124,108,11944.37
624d1f32-a356-47fb-b477-afd271f462cd,40.4502472047327,-86.9195777654262,41,5548.48
12f97034-fc21-44ef-b9d2-1b478749ee65,40.4460691109753,-86.9420698434375,43,1284.85
12f97034-fc21-44ef-b9d2-1b478749ee65,40.4428890611463,-86.9425470794766,73,2518.03
7218f1c2-a821-475e-840c-a049d1a625b1,40.42751,-86.93075,97,6650.77
5a3bff2c-b3f2-4911-8ef6-442c2d85d857,40.4246188173681,-86.8906558755066,8,892.56
7261420d-8225-42cc-8837-046368279776,40.423931,-86.911286,40,8579.31
f0bfdbab-3f2e-40c7-823b-27ed6dd81e54,40.4288061218742,-86.8448221292986,60,7729.47
5394dfa6-526f-417d-96b5-51e5d4ce396d,40.4278454609318,-86.9217199231672,57,3559.88
f71ad2a5-ff13-4379-adc1-e257c3e59f53,40.393304401237,-86.9124728091045,29,4552.57
26ecb9dd-aec2-4972-9d24-ee2ae9653374,40.4064204529207,-86.834385924555,41,4159.44
2090d1c1-77f9-4733-97f2-b4e97249c6ab,40.44697,-86.87958,4,1161.44
55c5e2f3-e55e-4b4b-b0e1-0f46278e7d95,40.4662166878911,-86.9380927295522,41,7466.3
7218f1c2-a821-475e-840c-a049d1a625b1,40.442846538677,-86.9424888803684,71,4652.32
f71ad2a5-ff13-4379-adc1-e257c3e59f53,40.3815442551103,-86.8776684628527,79,8621.02
7218f1c2-a821-475e-840c-a049d1a625b1,40.4460902777964,-86.9401183390688,59,3888.68
ae80f7da-68bb-4e11-82d9-4e434fd30733,40.4327892024988,-86.8744417652155,27,3477.22
5394dfa6-526f-417d-96b5-51e5d4ce396d,40.4248549476553,-86.9079858270011,6,293.46
75965b70-7ad7-4945-be19-cfb16a1b3fa6,40.3923539371289,-86.8457518355006,12,820.37
5394dfa6-526f-417d-96b5-51e5d4ce396d,40.4259365801741,-86.9137678473965,22,1088.66
a793c083-222b-4293-9d4e-f7454bbd6855,40.4216292154621,-86.9044955731211,35,3515.57
a9ab1807-2920-4cd6-b08d-3a8d7d8d9820,40.4029654904691,-86.8097915743647,36,10098.48
0e410d81-233b-4f4e-b644-b926ae73d696,40.4167989259157,-86.9304012646398,2,69.53
2a068c67-dc1e-4ead-a035-c4161cb0a07e,40.3937348340652,-86.8491456857244,9,432.47
f42d1f15-dd59-4025-b28f-99a130b2d962,40.4207112145848,-86.8948077794795,26,4399.81
77ef10ae-585a-4bc9-adff-fc125f0932d2,40.4169131477874,-86.813980800269,6,237.04
7e415f9d-0dfe-4239-b4f5-b467213b6c43,40.4001949911281,-86.8048847459262,2,96.05
2a068c67-dc1e-4ead-a035-c4161cb0a07e,40.3942189359771,-86.8484760620308,11,511.43
cb61ff86-9f1a-46c0-9881-c76c0287240f,40.4090489690929,-86.8953831133475,104,11723.08
5001d1c6-c1ea-4d03-b8eb-45705b3c0f70,40.4208681994858,-86.9219094887933,15,1986.19
2713ba46-9e58-4dcd-8a32-2cb9dcf2490b,40.421887,-86.892951,22,4118.41
bc162fca-a6bc-4e4e-99d8-3f4648da05ea,40.3936155361167,-86.901708312389,72,9151.36
42719558-c2a4-467d-8614-840defe90744,40.4718933348947,-86.9457529988294,3,66.31
12f97034-fc21-44ef-b9d2-1b478749ee65,40.4493168593416,-86.941805851025,19,733.21
c5e3979b-c192-42fb-860c-c4c246c5eec0,40.4023716093523,-86.8075166229914,46,12037.34
0b4c0e9d-9ceb-4424-84ef-0c222182a7ed,40.4389795595174,-86.9172309720301,30,4693.67
7261420d-8225-42cc-8837-046368279776,40.4578106549527,-86.9313428560723,7,792.38
75965b70-7ad7-4945-be19-cfb16a1b3fa6,40.3918825738783,-86.8711074573775,39,5748.02
70814020-a9b7-44ef-a20e-fb5aff6b77a5,40.4386605583823,-86.9378277324336,39,3096.68
79dad13b-4042-4d5e-a786-240646d7578c,40.3816917766149,-86.8776724861665,17,3409.49
3c435a70-bd1f-4d17-86ca-139de51f22c9,40.4313330755732,-86.9103802504628,30,5918.28
f71ad2a5-ff13-4379-adc1-e257c3e59f53,40.3828236688866,-86.8885045879188,69,7666.67
a793c083-222b-4293-9d4e-f7454bbd6855,40.4217317951758,-86.8867866329424,58,5723.34
007b678c-d15d-4e6a-8928-cab840ddf344,40.420070166592,-86.8868966035185,15,4312.08
2722571e-4f1d-44f8-adbb-bbb7443b4f43,40.409462,-86.86967,17,2974.4
56fdf086-7941-45a1-afb3-b928148109a2,40.4469465046009,-86.9192108321451,27,3090.09
7afb54ae-31a1-4536-b273-c1a67b17e963,40.4174365620537,-86.8676410415924,14,2813.26
0b4c0e9d-9ceb-4424-84ef-0c222182a7ed,40.431117,-86.913622,24,3735.4
cb61ff86-9f1a-46c0-9881-c76c0287240f,40.36721725117,-86.8638891575671,10,646.04
7218f1c2-a821-475e-840c-a049d1a625b1,40.4386821062447,-86.9378411873391,79,5261.5
007b678c-d15d-4e6a-8928-cab840ddf344,40.4239964457123,-86.9103426430594,53,7570.91
f42d1f15-dd59-4025-b28f-99a130b2d962,40.4321548600289,-86.8814812231947,9,2048.33
77ef10ae-585a-4bc9-adff-fc125f0932d2,40.418971801935,-86.8774284051316,44,7060.96
7afb54ae-31a1-4536-b273-c1a67b17e963,40.4202862055788,-86.8955977507531,0,0
bc162fca-a6bc-4e4e-99d8-3f4648da05ea,40.3782116102106,-86.8760349974653,27,2903.23
2090d1c1-77f9-4733-97f2-b4e97249c6ab,40.4373934786034,-86.8859341421951,7,2372.09
9d713986-ad91-4d78-895f-ae03d84ed071,40.4656321381894,-86.9276411201806,51,5739.01
27d96cf3-940c-495a-ba0e-94d497c2f149,40.381865,-86.868718,29,4479.27
7426c1e2-6b00-4c5f-8636-b34180893ecb,40.3899787997869,-86.8410561199282,9,1263.63
9e21239f-d54e-46e6-abcb-648b572ea90f,40.40624,-86.886257,12,3082.13
811f6866-bf6b-4d63-b690-9320b35cc663,40.4148956778032,-86.8390217217921,39,8203.66
ed975a1b-9d65-44e7-b9a1-fd5ab53a748b,40.4604316134129,-86.9333438369027,19,5491.21
6c20d044-6cfd-4f7b-af03-b2fd1fb8325b,40.4586108302242,-86.9155734429105,36,7987.25
75965b70-7ad7-4945-be19-cfb16a1b3fa6,40.3934665498085,-86.8724353259258,46,6044.9
3c435a70-bd1f-4d17-86ca-139de51f22c9,40.4510563880835,-86.9158430049326,14,2975.74
12648a3c-ba8d-48be-8a85-8681ac0d9bff,40.4364835333514,-86.9361944883427,33,5080.71
20e15c6a-5b6f-40ca-9df9-888a18a65225,40.4251073554222,-86.8728243930831,18,2787.72
62c1143c-029a-4b43-9f4f-6d6f9c55bc76,40.4217103375024,-86.8508182079088,31,4816.34
7afb54ae-31a1-4536-b273-c1a67b17e963,40.4209088479552,-86.8952277545104,2,77.06
f0bfdbab-3f2e-40c7-823b-27ed6dd81e54,40.4206472944804,-86.8403217609511,49,6221.62
7261420d-8225-42cc-8837-046368279776,40.4576590811984,-86.9327676085463,3,127.24
716a1134-702e-43b2-8984-fd6f12a926a3,40.4598148675056,-86.9340055120325,2,372.81
5a3bff2c-b3f2-4911-8ef6-442c2d85d857,40.3928806121874,-86.8464126793392,65,12631.81
6c20d044-6cfd-4f7b-af03-b2fd1fb8325b,40.4389354848227,-86.9074436669018,29,5569.67
a0020965-2b60-4e70-a047-a1b071f6ff20,40.4325576083205,-86.9192453552645,24,1033.38
5a3bff2c-b3f2-4911-8ef6-442c2d85d857,40.3940704109963,-86.8487094764908,67,12892.09
79dad13b-4042-4d5e-a786-240646d7578c,40.393849,-86.901211,65,9200.41
bb92f4e4-7c69-4f9a-a86b-ab4a6ebf37f7,40.3990376119456,-86.808191976403,8,483.92
5394dfa6-526f-417d-96b5-51e5d4ce396d,40.4270640270152,-86.9094673937242,0,0
b4417114-9ce7-42e9-936b-536f4ec21247,40.4249477639763,-86.8606806910444,27,5061.53
2713ba46-9e58-4dcd-8a32-2cb9dcf2490b,40.4213495803684,-86.8942391511344,24,4283.21
007b678c-d15d-4e6a-8928-cab840ddf344,40.4240229109138,-86.9114493191258,54,7664.57
7218f1c2-a821-475e-840c-a049d1a625b1,40.4501572014171,-86.925029155676,37,1830.6
de154292-7fe9-40e4-9e11-8776303bf1c6,40.4200795543241,-86.8954421219493,62,8677.87
3c435a70-bd1f-4d17-86ca-139de51f22c9,40.4266786984112,-86.9091458035782,36,6921.05
55c5e2f3-e55e-4b4b-b0e1-0f46278e7d95,40.4697184691092,-86.9458913745182,57,8307.55
27d96cf3-940c-495a-ba0e-94d497c2f149,40.4182816806676,-86.8866477638866,72,10552.21
cb61ff86-9f1a-46c0-9881-c76c0287240f,40.3722829868461,-86.875996070866,25,2243.56
12648a3c-ba8d-48be-8a85-8681ac0d9bff,40.4591703467425,-86.939041088914,61,10334.88
c5ec81b9-e850-475e-af29-7b3b1d08551d,40.4380850288015,-86.8993129443607,53,5696.49
811f6866-bf6b-4d63-b690-9320b35cc663,40.3932896490866,-86.848649641791,62,13014.98
b2e6d44b-e65b-45c2-9323-7fe8ca8c9945,40.4704564407647,-86.8994021598508,37,8315.73
b4417114-9ce7-42e9-936b-536f4ec21247,40.4177125047274,-86.843884697192,12,2841.52
bc162fca-a6bc-4e4e-99d8-3f4648da05ea,40.3671936980764,-86.8690166316154,11,1084.95
bc162fca-a6bc-4e4e-99d8-3f4648da05ea,40.3847006045842,-86.9063015984104,54,6715.61
79dad13b-4042-4d5e-a786-240646d7578c,40.4089604561901,-86.8954702851456,86,11702.8
a793c083-222b-4293-9d4e-f7454bbd6855,40.422775,-86.886793,59,5839.26
f42d1f15-dd59-4025-b28f-99a130b2d962,40.4318222660912,-86.8823676933269,11,2154.58
12f97034-fc21-44ef-b9d2-1b478749ee65,40.4477171072801,-86.9390411880252,2,62.29
811f6866-bf6b-4d63-b690-9320b35cc663,40.392986,-86.848269,63,13061.63
3081f37d-fdeb-4b5a-8813-07fa7cc93ba2,40.4343737496242,-86.9257194433112,6,131.02
79dad13b-4042-4d5e-a786-240646d7578c,40.4050779584097,-86.8975610671974,80,11188.73
624d1f32-a356-47fb-b477-afd271f462cd,40.46774,-86.938013,19,2147.95
12f97034-fc21-44ef-b9d2-1b478749ee65,40.4492952568874,-86.9424820857844,16,675.68
70814020-a9b7-44ef-a20e-fb5aff6b77a5,40.4240813101271,-86.9118721362696,62,6748.34
2722571e-4f1d-44f8-adbb-bbb7443b4f43,40.4213200760674,-86.8942539032849,33,5940.1
2a068c67-dc1e-4ead-a035-c4161cb0a07e,40.3914799605864,-86.8492170669305,1,43.58
5a3bff2c-b3f2-4911-8ef6-442c2d85d857,40.4030102299209,-86.8344851415988,51,9935.8
e335420d-ceb4-49cd-a60e-a8a967b18129,40.4241392752684,-86.9154663995194,5,1214.33
aacfedab-6f68-4a78-8641-b932f17dbff6,40.4396154248485,-86.8992173313628,21,4738.93
f42d1f15-dd59-4025-b28f-99a130b2d962,40.4397723340852,-86.8794507908494,5,1125.98
29c28934-efe6-48d7-bf29-bf7cd63335d7,40.4667994834268,-86.9459991622798,12,755.49
27d96cf3-940c-495a-ba0e-94d497c2f149,40.409932729596,-86.8771738727685,63,8959.66
26ecb9dd-aec2-4972-9d24-ee2ae9653374,40.4321173091005,-86.8842774262594,91,11471.2
ed975a1b-9d65-44e7-b9a1-fd5ab53a748b,40.4593734738768,-86.9351680058801,22,5687.73
7218f1c2-a821-475e-840c-a049d1a625b1,40.4242069348801,-86.9253441633716,107,7462.38
716a1134-702e-43b2-8984-fd6f12a926a3,40.4586121713288,-86.9156941423234,10,2128.79
56fdf086-7941-45a1-afb3-b928148109a2,40.4682902206404,-86.9386800131816,79,7157.36
76f6f48e-6195-424d-9f43-c18c77e27a27,40.4201010119975,-86.8942606088078,1,82.1
106b7a4b-c510-4c36-84f3-e9ba6c6a9e1a,40.4000616861933,-86.8526618507742,26,5014.66
27d96cf3-940c-495a-ba0e-94d497c2f149,40.39185,-86.84846,3,121.87
29c28934-efe6-48d7-bf29-bf7cd63335d7,40.4530616303071,-86.9277518157273,27,3221.59
77ef10ae-585a-4bc9-adff-fc125f0932d2,40.4176939492307,-86.8499164445438,18,3355.76
aacfedab-6f68-4a78-8641-b932f17dbff6,40.4514815182377,-86.9021838547101,26,6123.02
5a3bff2c-b3f2-4911-8ef6-442c2d85d857,40.4205430609062,-86.8457322763697,35,6981.65
70814020-a9b7-44ef-a20e-fb5aff6b77a5,40.4477009699693,-86.9444496197512,27,1696.62
de154292-7fe9-40e4-9e11-8776303bf1c6,40.4181190470731,-86.8498818256948,19,3404.92
6c20d044-6cfd-4f7b-af03-b2fd1fb8325b,40.4480804770041,-86.9156713435454,33,6817.05
12648a3c-ba8d-48be-8a85-8681ac0d9bff,40.4593662413493,-86.9351754246824,65,10675.64
5394dfa6-526f-417d-96b5-51e5d4ce396d,40.4255659559193,-86.9148998578924,30,1212.8
5001d1c6-c1ea-4d03-b8eb-45705b3c0f70,40.4333809618666,-86.9194477820675,4,362.14
b8c15b96-4ecb-4c22-87aa-527ace63b880,40.3967590866541,-86.8669195095849,30,4419.97
e8ff9056-010e-480e-be87-5fbfd502f830,40.4529114439112,-86.9614124137357,3,218.17
ae80f7da-68bb-4e11-82d9-4e434fd30733,40.4285526531072,-86.878922395642,19,2621.35
811f6866-bf6b-4d63-b690-9320b35cc663,40.389442,-86.839644,57,11950.29
26ecb9dd-aec2-4972-9d24-ee2ae9653374,40.3937668943985,-86.8490933428108,8,427.01
5001d1c6-c1ea-4d03-b8eb-45705b3c0f70,40.4211645336578,-86.9218334481122,13,1952.15
56fdf086-7941-45a1-afb3-b928148109a2,40.4520085723405,-86.9224318517704,39,3846.88
bc162fca-a6bc-4e4e-99d8-3f4648da05ea,40.4207112145848,-86.8948077794795,100,13067.9
811f6866-bf6b-4d63-b690-9320b35cc663,40.3902619319572,-86.838432984733,54,11713.54
7426c1e2-6b00-4c5f-8636-b34180893ecb,40.3996397793078,-86.8717273695306,39,7307.38
f0bfdbab-3f2e-40c7-823b-27ed6dd81e54,40.43219,-86.862337,66,9582.9
7426c1e2-6b00-4c5f-8636-b34180893ecb,40.397376,-86.871622,38,7055.67
26ecb9dd-aec2-4972-9d24-ee2ae9653374,40.4322648306051,-86.8558379623794,80,9064.29
0b4c0e9d-9ceb-4424-84ef-0c222182a7ed,40.4374859128436,-86.9158639309124,29,4491.4
70814020-a9b7-44ef-a20e-fb5aff6b77a5,40.449176,-86.941583,14,750.29
7afb54ae-31a1-4536-b273-c1a67b17e963,40.4029630364754,-86.8345130583354,26,7184.93
2a068c67-dc1e-4ead-a035-c4161cb0a07e,40.3992694387202,-86.8556005861997,16,1336.98
aacfedab-6f68-4a78-8641-b932f17dbff6,40.426558,-86.906066,13,2733.35
bb92f4e4-7c69-4f9a-a86b-ab4a6ebf37f7,40.4182498789031,-86.8954553433255,58,11689.24
27d96cf3-940c-495a-ba0e-94d497c2f149,40.418281995386,-86.8811654809826,70,10088.41
f0bfdbab-3f2e-40c7-823b-27ed6dd81e54,40.425795,-86.887023,79,12394.93
12f97034-fc21-44ef-b9d2-1b478749ee65,40.449670212785,-86.942470933487,15,634
bb92f4e4-7c69-4f9a-a86b-ab4a6ebf37f7,40.4175207201523,-86.8673166719923,46,9276.53
0e410d81-233b-4f4e-b644-b926ae73d696,40.4251770928608,-86.9218819988896,9,1742.04
76f6f48e-6195-424d-9f43-c18c77e27a27,40.3931206699086,-86.8860503665239,25,5280.89
7426c1e2-6b00-4c5f-8636-b34180893ecb,40.4207112145848,-86.8948077794795,58,11415.58
20e15c6a-5b6f-40ca-9df9-888a18a65225,40.4377901815051,-86.8621290839987,28,4633.45
106b7a4b-c510-4c36-84f3-e9ba6c6a9e1a,40.3976339499447,-86.8533377870744,33,5378.68
12f97034-fc21-44ef-b9d2-1b478749ee65,40.4460773807139,-86.9405159059932,42,1153.44
cb61ff86-9f1a-46c0-9881-c76c0287240f,40.3648633103118,-86.8605578169308,1,43.14
811f6866-bf6b-4d63-b690-9320b35cc663,40.42558,-86.886886,10,1323.07
56fdf086-7941-45a1-afb3-b928148109a2,40.423931,-86.911286,0,0
9d713986-ad91-4d78-895f-ae03d84ed071,40.4474744462198,-86.9192231558988,22,3154.12
27d96cf3-940c-495a-ba0e-94d497c2f149,40.4182681114532,-86.8884775300565,73,10707.01
e8ff9056-010e-480e-be87-5fbfd502f830,40.4246612775001,-86.9413127469207,46,4340.59
75965b70-7ad7-4945-be19-cfb16a1b3fa6,40.393337,-86.84857,7,366.99
f0bfdbab-3f2e-40c7-823b-27ed6dd81e54,40.3917025262356,-86.8446633861562,13,933.5
77ef10ae-585a-4bc9-adff-fc125f0932d2,40.4215665314109,-86.8501745144397,22,3791.94
f8091890-6a74-4783-b6f3-0328c8090a51,40.4477821872895,-86.9468781873256,38,6368.36
7261420d-8225-42cc-8837-046368279776,40.4240934887021,-86.9172436713025,39,8075.02
ff80a8f5-2afb-449a-8e43-76f253357b41,40.4675543134596,-86.954763064665,26,3018.8
a0020965-2b60-4e70-a047-a1b071f6ff20,40.4331958349256,-86.9256811943834,10,436.25
f71ad2a5-ff13-4379-adc1-e257c3e59f53,40.3834647168794,-86.8951014813841,63,7094.51
62c1143c-029a-4b43-9f4f-6d6f9c55bc76,40.4145770022021,-86.8242884769612,65,7998.11
77ef10ae-585a-4bc9-adff-fc125f0932d2,40.4249087800159,-86.8505162138956,32,4210.54
75965b70-7ad7-4945-be19-cfb16a1b3fa6,40.3899787997869,-86.8410561199282,16,1298.41
d1a4f0a7-715f-4996-8eb3-283cae447608,40.4242069348801,-86.9253441633716,46,5738.82
3081f37d-fdeb-4b5a-8813-07fa7cc93ba2,40.430362,-86.913149,29,1736.1
7218f1c2-a821-475e-840c-a049d1a625b1,40.4305508750541,-86.9322246270475,90,6285.46
de154292-7fe9-40e4-9e11-8776303bf1c6,40.4220482958584,-86.860636434593,38,5384.99
55c5e2f3-e55e-4b4b-b0e1-0f46278e7d95,40.4500701868304,-86.9246676880447,29,5323.18
7218f1c2-a821-475e-840c-a049d1a625b1,40.4199199170212,-86.9006894823957,132,9715.03
ff80a8f5-2afb-449a-8e43-76f253357b41,40.4663360745687,-86.9382993046908,10,1298.77
7110f3dc-2167-4bfb-8a75-b40c6791c80c,40.4030555726919,-86.8097120112009,13,1037.25
f71ad2a5-ff13-4379-adc1-e257c3e59f53,40.4163767645584,-86.894247197762,5,610.28
20e15c6a-5b6f-40ca-9df9-888a18a65225,40.4217264307574,-86.8906288975852,4,570.26
12648a3c-ba8d-48be-8a85-8681ac0d9bff,40.421193663933,-86.902175333523,16,1117.9
62c1143c-029a-4b43-9f4f-6d6f9c55bc76,40.4168143292506,-86.8141615872932,77,9335.46
a0020965-2b60-4e70-a047-a1b071f6ff20,40.4313378695139,-86.9152765256972,31,1506.01
b2e6d44b-e65b-45c2-9323-7fe8ca8c9945,40.4743688091259,-86.8955695268851,42,8984.04
624d1f32-a356-47fb-b477-afd271f462cd,40.4556331566566,-86.9246118698223,36,4647.17
79dad13b-4042-4d5e-a786-240646d7578c,40.4051999989271,-86.8941425916042,76,10897.9
aacfedab-6f68-4a78-8641-b932f17dbff6,40.4464268950478,-86.8992522000821,23,5498.11
007b678c-d15d-4e6a-8928-cab840ddf344,40.4185341512137,-86.9062980990244,38,6622.22
b2e6d44b-e65b-45c2-9323-7fe8ca8c9945,40.434419985677,-86.897916459913,18,4120
9e21239f-d54e-46e6-abcb-648b572ea90f,40.4044161600154,-86.8861926400256,11,2879.39
2713ba46-9e58-4dcd-8a32-2cb9dcf2490b,40.4362787566351,-86.8815375495873,7,1581.63
007b678c-d15d-4e6a-8928-cab840ddf344,40.418249496843,-86.891552804858,19,4912.38
8893a0f4-c34d-4fc9-a9fb-8e833fee37ca,40.4377901815051,-86.8621290839987,26,4289.08
f0bfdbab-3f2e-40c7-823b-27ed6dd81e54,40.4089944250571,-86.8386829758086,42,4779.36
70814020-a9b7-44ef-a20e-fb5aff6b77a5,40.4482140374994,-86.9445436206563,92,11571.48
7218f1c2-a821-475e-840c-a049d1a625b1,40.4601117388161,-86.933687065978,10,446.25
e8ff9056-010e-480e-be87-5fbfd502f830,40.4385506099674,-86.9619509659369,28,1910.56
7218f1c2-a821-475e-840c-a049d1a625b1,40.4461820254582,-86.9219943321506,48,2349.34
a793c083-222b-4293-9d4e-f7454bbd6855,40.4195894546853,-86.9006949289712,45,3974.71
9d713986-ad91-4d78-895f-ae03d84ed071,40.4652994051312,-86.9294126131792,65,5989.04
29c28934-efe6-48d7-bf29-bf7cd63335d7,40.4668562799373,-86.9462928886386,11,729.87
2a068c67-dc1e-4ead-a035-c4161cb0a07e,40.4182605277237,-86.8905096020985,37,5187.72
75965b70-7ad7-4945-be19-cfb16a1b3fa6,40.3818279955233,-86.8693432511,30,4532.35
12f97034-fc21-44ef-b9d2-1b478749ee65,40.4391318133678,-86.9383222761644,78,3069.35
6c20d044-6cfd-4f7b-af03-b2fd1fb8325b,40.4607083177989,-86.921175236772,40,8679.95
0e410d81-233b-4f4e-b644-b926ae73d696,40.4314179315434,-86.9192051196588,66,4599.35
9d713986-ad91-4d78-895f-ae03d84ed071,40.4326488785719,-86.9150553479354,7,1185.82
79dad13b-4042-4d5e-a786-240646d7578c,40.3920102353102,-86.9137428351487,55,7943.05
0e410d81-233b-4f4e-b644-b926ae73d696,40.428052243145,-86.9216357881441,14,2076.01
ff80a8f5-2afb-449a-8e43-76f253357b41,40.4661948951611,-86.9621373581621,42,4151.93
0e410d81-233b-4f4e-b644-b926ae73d696,40.4333446204924,-86.9253525276845,27,2967.58
27d96cf3-940c-495a-ba0e-94d497c2f149,40.4046903791839,-86.8741681798797,58,8273.26
f0bfdbab-3f2e-40c7-823b-27ed6dd81e54,40.4208328214775,-86.8397054058932,48,6165.55
42719558-c2a4-467d-8614-840defe90744,40.4669893597973,-86.9471680860648,14,679.68
7261420d-8225-42cc-8837-046368279776,40.4460969833193,-86.9435153569886,20,4103.05
42719558-c2a4-467d-8614-840defe90744,40.4675153058049,-86.943816905094,22,1042.04
7afb54ae-31a1-4536-b273-c1a67b17e963,40.401044,-86.804833,43,11378.66
811f6866-bf6b-4d63-b690-9320b35cc663,40.4276192443144,-86.8869435421791,11,1549.72
b8c15b96-4ecb-4c22-87aa-527ace63b880,40.4172962620423,-86.881858922984,8,1444.18
12648a3c-ba8d-48be-8a85-8681ac0d9bff,40.4240813101271,-86.9118721362696,21,2024.26
7110f3dc-2167-4bfb-8a75-b40c6791c80c,40.4030981669803,-86.8274422122658,15,2537.57
62c1143c-029a-4b43-9f4f-6d6f9c55bc76,40.4189371539868,-86.8710611602171,13,2075.31
7afb54ae-31a1-4536-b273-c1a67b17e963,40.4015039146843,-86.8084151630649,40,10919.49
ed975a1b-9d65-44e7-b9a1-fd5ab53a748b,40.460136912021,-86.9619910804538,8,1910.39
c5e3979b-c192-42fb-860c-c4c246c5eec0,40.4209364963961,-86.8947707614405,3,115.85
12f97034-fc21-44ef-b9d2-1b478749ee65,40.4491455825499,-86.9414844620914,24,773.44
2713ba46-9e58-4dcd-8a32-2cb9dcf2490b,40.422861,-86.886934,18,3500.03
2722571e-4f1d-44f8-adbb-bbb7443b4f43,40.4157048711601,-86.8767122552819,21,3888.87
f0bfdbab-3f2e-40c7-823b-27ed6dd81e54,40.4263082238121,-86.8471260900417,56,7352.86
106b7a4b-c510-4c36-84f3-e9ba6c6a9e1a,40.3988310891655,-86.8533321325411,29,5200.37
70814020-a9b7-44ef-a20e-fb5aff6b77a5,40.4386994504153,-86.93774190174,84,10275.09
f0bfdbab-3f2e-40c7-823b-27ed6dd81e54,40.427998742666,-86.8451396021474,59,7635.82
79dad13b-4042-4d5e-a786-240646d7578c,40.3835880985015,-86.8910084301834,29,4588.76
e8ff9056-010e-480e-be87-5fbfd502f830,40.4326283197242,-86.9518993594112,37,3076.77
fa1bfc2a-4aa5-4966-81d1-33a2a1ea14c6,40.4586108302242,-86.9155734429105,36,7975.1
b4417114-9ce7-42e9-936b-536f4ec21247,40.4248080633468,-86.8504738707944,24,4188.36
b4417114-9ce7-42e9-936b-536f4ec21247,40.417776252643,-86.8366630553667,10,2230.52
b8c15b96-4ecb-4c22-87aa-527ace63b880,40.4172645757952,-86.8894339733978,5,803.3
7e415f9d-0dfe-4239-b4f5-b467213b6c43,40.3987678024497,-86.8069299661479,6,371.44
7218f1c2-a821-475e-840c-a049d1a625b1,40.4579289963502,-86.931435068769,15,792.37
106b7a4b-c510-4c36-84f3-e9ba6c6a9e1a,40.3943290397418,-86.8487579553623,36,5912.96
2a068c67-dc1e-4ead-a035-c4161cb0a07e,40.412350768587,-86.8729289992409,28,3405.09
0b4c0e9d-9ceb-4424-84ef-0c222182a7ed,40.4195851215054,-86.9102260505232,18,2350.75
0e410d81-233b-4f4e-b644-b926ae73d696,40.4290434973862,-86.921574885939,15,2186.28
811f6866-bf6b-4d63-b690-9320b35cc663,40.393779,-86.84914,61,12946.58
26ecb9dd-aec2-4972-9d24-ee2ae9653374,40.3942230643434,-86.8485186975676,9,497.26
9e21239f-d54e-46e6-abcb-648b572ea90f,40.41824428563,-86.8953314111259,22,5150.27
f71ad2a5-ff13-4379-adc1-e257c3e59f53,40.4162507007272,-86.8931018944444,7,714.11
5394dfa6-526f-417d-96b5-51e5d4ce396d,40.4273955882256,-86.9262183794538,51,3141.73
6a4db531-9f9e-496b-a86e-3d422ec5feed,40.4182838152816,-86.8867168955038,17,4421.29
5001d1c6-c1ea-4d03-b8eb-45705b3c0f70,40.4209102569667,-86.9231100083404,21,2101.05
3c435a70-bd1f-4d17-86ca-139de51f22c9,40.4276383220722,-86.9101418846881,35,6785.15
624d1f32-a356-47fb-b477-afd271f462cd,40.478130144033,-86.9346584882268,6,586.46
a0020965-2b60-4e70-a047-a1b071f6ff20,40.4314002752922,-86.9192490818653,25,1161.98
106b7a4b-c510-4c36-84f3-e9ba6c6a9e1a,40.39168,-86.84966,45,6387.36
56fdf086-7941-45a1-afb3-b928148109a2,40.465315765393,-86.9292364903865,68,5993.97
b8c15b96-4ecb-4c22-87aa-527ace63b880,40.3816649545231,-86.8755428120818,56,7855.21
c5ec81b9-e850-475e-af29-7b3b1d08551d,40.4705861052434,-86.899454630785,28,1925.98
f71ad2a5-ff13-4379-adc1-e257c3e59f53,40.3835867573969,-86.8993930160638,57,6726.96
cb61ff86-9f1a-46c0-9881-c76c0287240f,40.381785653936,-86.8766532466801,33,3342.43
e8ff9056-010e-480e-be87-5fbfd502f830,40.4398415794006,-86.9619621205103,27,1767.1
9e21239f-d54e-46e6-abcb-648b572ea90f,40.4027095677083,-86.8765633926727,5,1890.32
ff80a8f5-2afb-449a-8e43-76f253357b41,40.4574747648632,-86.9341416475481,0,0
12f97034-fc21-44ef-b9d2-1b478749ee65,40.430362,-86.913149,105,5876.87
f0bfdbab-3f2e-40c7-823b-27ed6dd81e54,40.3942033191951,-86.8484795104811,10,507.07
d1a4f0a7-715f-4996-8eb3-283cae447608,40.4526715313383,-86.9622235487087,10,332.97
007b678c-d15d-4e6a-8928-cab840ddf344,40.4185255684859,-86.9102617413291,43,6960.19
a793c083-222b-4293-9d4e-f7454bbd6855,40.4181067894761,-86.8954166409622,50,4583.64
33ace3e0-53ff-4dc0-a898-bd50817a1644,40.425894583815,-86.8774082885628,19,2789.97
12648a3c-ba8d-48be-8a85-8681ac0d9bff,40.41824428563,-86.8953314111259,4,383.15
9d713986-ad91-4d78-895f-ae03d84ed071,40.442652,-86.919269,14,2379.13
811f6866-bf6b-4d63-b690-9320b35cc663,40.3963862595788,-86.8385108911104,52,11032.98
55c5e2f3-e55e-4b4b-b0e1-0f46278e7d95,40.4572945267592,-86.9305732516411,38,6285.78
f71ad2a5-ff13-4379-adc1-e257c3e59f53,40.3835022678079,-86.8947688874464,64,7122.97
106b7a4b-c510-4c36-84f3-e9ba6c6a9e1a,40.3981558181051,-86.854001421997,21,4702.58
e8ff9056-010e-480e-be87-5fbfd502f830,40.4456142484261,-86.9620625227658,19,1119.43
75965b70-7ad7-4945-be19-cfb16a1b3fa6,40.406348,-86.87663,58,8550.19
3c435a70-bd1f-4d17-86ca-139de51f22c9,40.4382174082284,-86.9066482666594,23,4669.39
56fdf086-7941-45a1-afb3-b928148109a2,40.4358482620626,-86.9152515778096,12,1540.08
5394dfa6-526f-417d-96b5-51e5d4ce396d,40.4273201779914,-86.9222427560236,54,3478.53
bc162fca-a6bc-4e4e-99d8-3f4648da05ea,40.3652879263714,-86.862513316193,5,337.51
12648a3c-ba8d-48be-8a85-8681ac0d9bff,40.4182307174591,-86.8950498327599,3,359.28
75965b70-7ad7-4945-be19-cfb16a1b3fa6,40.4182909224353,-86.8837724577338,70,10307.83
27d96cf3-940c-495a-ba0e-94d497c2f149,40.3920055661553,-86.8723096288539,43,5854.04
bc162fca-a6bc-4e4e-99d8-3f4648da05ea,40.3649678952224,-86.8605456672569,1,31.8
62c1143c-029a-4b43-9f4f-6d6f9c55bc76,40.418836,-86.876066,11,1651.75
20e15c6a-5b6f-40ca-9df9-888a18a65225,40.422628,-86.890628,5,670.44
a0020965-2b60-4e70-a047-a1b071f6ff20,40.4334000661599,-86.9242278201757,14,564.15
5a3bff2c-b3f2-4911-8ef6-442c2d85d857,40.432045,-86.873718,16,3155.33
7218f1c2-a821-475e-840c-a049d1a625b1,40.4238444742039,-86.9080130501215,121,8939.21
0b4c0e9d-9ceb-4424-84ef-0c222182a7ed,40.4183386124135,-86.9224523297379,7,936.18
f8091890-6a74-4783-b6f3-0328c8090a51,40.4201308118653,-86.912698069261,8,947.65
7261420d-8225-42cc-8837-046368279776,40.46029532816,-86.9332213776564,5,473.78
12f97034-fc21-44ef-b9d2-1b478749ee65,40.449176,-86.941583,22,762.87
55c5e2f3-e55e-4b4b-b0e1-0f46278e7d95,40.4529335178366,-86.927139800638,35,5718.56
0b4c0e9d-9ceb-4424-84ef-0c222182a7ed,40.4265181974481,-86.9103069251959,21,3121.2
3081f37d-fdeb-4b5a-8813-07fa7cc93ba2,40.4333144403619,-86.9236170693736,17,621.81
b8c15b96-4ecb-4c22-87aa-527ace63b880,40.3835127897306,-86.8429689711566,66,10695.45
c5ec81b9-e850-475e-af29-7b3b1d08551d,40.4711180204331,-86.8888825371872,11,447.04
5a3bff2c-b3f2-4911-8ef6-442c2d85d857,40.3922593392681,-86.8500689331029,72,13245.77
70814020-a9b7-44ef-a20e-fb5aff6b77a5,40.4308536182723,-86.9315742173767,80,9233.52
8893a0f4-c34d-4fc9-a9fb-8e833fee37ca,40.429232593133,-86.8717246873214,19,2948.55
716a1134-702e-43b2-8984-fd6f12a926a3,40.4469754068241,-86.9148774096297,15,3443.42
62c1143c-029a-4b43-9f4f-6d6f9c55bc76,40.4167109269732,-86.8142642763948,78,9349.86
7110f3dc-2167-4bfb-8a75-b40c6791c80c,40.3988109766728,-86.8058737698718,6,280.18
007b678c-d15d-4e6a-8928-cab840ddf344,40.4189436387386,-86.9061897341126,36,6573.4
5a3bff2c-b3f2-4911-8ef6-442c2d85d857,40.4148956778032,-86.8390217217921,39,8181.42
7110f3dc-2167-4bfb-8a75-b40c6791c80c,40.4036979617892,-86.8322707314652,34,3693.52
b8c15b96-4ecb-4c22-87aa-527ace63b880,40.3920969894702,-86.8723042805042,40,6113.72
c5ec81b9-e850-475e-af29-7b3b1d08551d,40.4733143708319,-86.8902082557878,2,102.15
7261420d-8225-42cc-8837-046368279776,40.457338826097,-86.9338507987896,1,28.86
29c28934-efe6-48d7-bf29-bf7cd63335d7,40.4369014798892,-86.9156821012644,36,5302.7
132fa334-e471-472b-921c-7d18439221cb,40.4026690375594,-86.8793486373488,7,2126.05
33ace3e0-53ff-4dc0-a898-bd50817a1644,40.4270291582959,-86.8763528392525,17,2616.41
e335420d-ceb4-49cd-a60e-a8a967b18129,40.4173275552118,-86.9305029323142,20,3246.72
7110f3dc-2167-4bfb-8a75-b40c6791c80c,40.3989048539939,-86.8078706746024,8,450.45
29c28934-efe6-48d7-bf29-bf7cd63335d7,40.4716796091024,-86.9457057398824,1,60.11
7218f1c2-a821-475e-840c-a049d1a625b1,40.4241239214248,-86.9174114007522,111,8135.58
7afb54ae-31a1-4536-b273-c1a67b17e963,40.4028311329922,-86.8566593914413,21,5310.87
f71ad2a5-ff13-4379-adc1-e257c3e59f53,40.3851357331953,-86.9114240653172,36,5603.46
f71ad2a5-ff13-4379-adc1-e257c3e59f53,40.3847266962961,-86.9103672749023,44,5770.65
9e21239f-d54e-46e6-abcb-648b572ea90f,40.388000332594,-86.879344843587,0,0
29c28934-efe6-48d7-bf29-bf7cd63335d7,40.4692864234492,-86.9466287814484,5,360.32
7261420d-8225-42cc-8837-046368279776,40.4238158717046,-86.9080350940248,42,8856.17
ff80a8f5-2afb-449a-8e43-76f253357b41,40.4674702328002,-86.9587097419512,40,3722.75
5394dfa6-526f-417d-96b5-51e5d4ce396d,40.4280090478988,-86.9105164726694,81,5077.8
b8c15b96-4ecb-4c22-87aa-527ace63b880,40.4160380606359,-86.8772198045878,12,1903.13
7110f3dc-2167-4bfb-8a75-b40c6791c80c,40.404898250395,-86.8278061942939,17,2756.52
106b7a4b-c510-4c36-84f3-e9ba6c6a9e1a,40.4076341037532,-86.867442540374,16,3151.31
79dad13b-4042-4d5e-a786-240646d7578c,40.4084562008653,-86.8960657355824,85,11627.45
bc162fca-a6bc-4e4e-99d8-3f4648da05ea,40.4008215746714,-86.8932646980795,82,10311.67
5394dfa6-526f-417d-96b5-51e5d4ce396d,40.424150601214,-86.9166306654204,37,1523.19
5001d1c6-c1ea-4d03-b8eb-45705b3c0f70,40.4243145977394,-86.92178630394,11,1602.09
0b4c0e9d-9ceb-4424-84ef-0c222182a7ed,40.4165685425144,-86.9298910754854,0,0
62c1143c-029a-4b43-9f4f-6d6f9c55bc76,40.4139024265946,-86.8265147105762,57,7717.75
b2e6d44b-e65b-45c2-9323-7fe8ca8c9945,40.4319899041646,-86.8990912675316,17,3832.27
7218f1c2-a821-475e-840c-a049d1a625b1,40.4598855650138,-86.9340754736597,9,404.9
e8ff9056-010e-480e-be87-5fbfd502f830,40.4529801548454,-86.9608357879026,1,168.81
27d96cf3-940c-495a-ba0e-94d497c2f149,40.406348,-86.87663,59,8551.32
56fdf086-7941-45a1-afb3-b928148109a2,40.4778715025272,-86.9347823906658,88,8549.43
7110f3dc-2167-4bfb-8a75-b40c6791c80c,40.4035450758663,-86.8322439093735,35,3710.66
9d713986-ad91-4d78-895f-ae03d84ed071,40.4608475555704,-86.9244063732035,40,4995.21
cb61ff86-9f1a-46c0-9881-c76c0287240f,40.3931005533398,-86.9109493142932,77,8319.11
7110f3dc-2167-4bfb-8a75-b40c6791c80c,40.4175944875237,-86.8787963318107,58,9297.88
33ace3e0-53ff-4dc0-a898-bd50817a1644,40.4257725432976,-86.8844544520649,23,3413.01
106b7a4b-c510-4c36-84f3-e9ba6c6a9e1a,40.3999960413758,-86.852427391336,24,4987.24
ff80a8f5-2afb-449a-8e43-76f253357b41,40.4693791969341,-86.956118604897,33,3301.05
5a3bff2c-b3f2-4911-8ef6-442c2d85d857,40.3894004457832,-86.838635613837,59,11799.71
70814020-a9b7-44ef-a20e-fb5aff6b77a5,40.4460540679725,-86.9405179882358,24,1136.93
aacfedab-6f68-4a78-8641-b932f17dbff6,40.431280459838,-86.9153011986793,7,1705.26
12f97034-fc21-44ef-b9d2-1b478749ee65,40.448262178675,-86.9446498438536,61,1797.24
79dad13b-4042-4d5e-a786-240646d7578c,40.3847481539695,-86.9092903679186,46,6968.06
70814020-a9b7-44ef-a20e-fb5aff6b77a5,40.4313867089005,-86.9169225966827,55,5453.69
106b7a4b-c510-4c36-84f3-e9ba6c6a9e1a,40.3922607773381,-86.8500574360554,43,6308.98
62c1143c-029a-4b43-9f4f-6d6f9c55bc76,40.4137864892493,-86.825276491473,59,7824.99
12648a3c-ba8d-48be-8a85-8681ac0d9bff,40.455707399279,-86.9504049123227,55,9257.12
7218f1c2-a821-475e-840c-a049d1a625b1,40.4460622363634,-86.9402231148415,60,3898.07
007b678c-d15d-4e6a-8928-cab840ddf344,40.4220254970804,-86.910270715372,48,7350.79
12648a3c-ba8d-48be-8a85-8681ac0d9bff,40.4286826454408,-86.930977346631,28,4094.16
e335420d-ceb4-49cd-a60e-a8a967b18129,40.4165685425144,-86.9298910754854,22,3381.42
a793c083-222b-4293-9d4e-f7454bbd6855,40.4247616040445,-86.9217865314565,13,1096.53
cb61ff86-9f1a-46c0-9881-c76c0287240f,40.3838643660464,-86.8951618310906,50,4974.73
3081f37d-fdeb-4b5a-8813-07fa7cc93ba2,40.4313231142414,-86.9152729928089,27,1504.33
d1a4f0a7-715f-4996-8eb3-283cae447608,40.4241415960816,-86.9366764428665,44,4780.17
42719558-c2a4-467d-8614-840defe90744,40.4374972452738,-86.9160529557343,43,5263.24
7e415f9d-0dfe-4239-b4f5-b467213b6c43,40.4182605277237,-86.8905096020985,44,10276.47
cb61ff86-9f1a-46c0-9881-c76c0287240f,40.3874115876801,-86.9047346356353,62,6287.16
624d1f32-a356-47fb-b477-afd271f462cd,40.4656186542868,-86.928414111436,29,3284.14
5a3bff2c-b3f2-4911-8ef6-442c2d85d857,40.4063560310814,-86.8344339331647,43,9501.3
c5ec81b9-e850-475e-af29-7b3b1d08551d,40.459414151872,-86.9017466546146,33,3194.53
f8091890-6a74-4783-b6f3-0328c8090a51,40.4187468652833,-86.9113150698274,7,754.42
77ef10ae-585a-4bc9-adff-fc125f0932d2,40.4213442129648,-86.8499673793922,21,3761.65
7218f1c2-a821-475e-840c-a049d1a625b1,40.4190804007456,-86.9000973093194,138,9828.53
ff80a8f5-2afb-449a-8e43-76f253357b41,40.4543192955446,-86.9621406174982,45,5471.55
624d1f32-a356-47fb-b477-afd271f462cd,40.4777905635788,-86.9365789938468,9,766.95
f71ad2a5-ff13-4379-adc1-e257c3e59f53,40.3947903451198,-86.8988686441701,20,3305.11
3c435a70-bd1f-4d17-86ca-139de51f22c9,40.46052,-86.927399,6,958.24
7218f1c2-a821-475e-840c-a049d1a625b1,40.447777052144,-86.9232238671072,44,2140.89
2722571e-4f1d-44f8-adbb-bbb7443b4f43,40.39185,-86.84846,2,119.97
26ecb9dd-aec2-4972-9d24-ee2ae9653374,40.4207112145848,-86.8948077794795,106,13629.46
e585597e-0bea-47a2-b2ad-5525a03f22ee,40.4330349405805,-86.9221436779783,11,1856.33
b8c15b96-4ecb-4c22-87aa-527ace63b880,40.3934167524243,-86.8721943732299,37,5962.6
7218f1c2-a821-475e-840c-a049d1a625b1,40.442234736233,-86.9420415007222,73,4730.2
56fdf086-7941-45a1-afb3-b928148109a2,40.4520783097791,-86.9222467793373,38,3829.42
26ecb9dd-aec2-4972-9d24-ee2ae9653374,40.4055218640281,-86.8345009883941,39,4058.29
e8ff9056-010e-480e-be87-5fbfd502f830,40.4312233315424,-86.9495685049674,40,3329.67
7261420d-8225-42cc-8837-046368279776,40.4205824685444,-86.9011686385374,48,9540.98
12648a3c-ba8d-48be-8a85-8681ac0d9bff,40.4469812965055,-86.9367481402138,43,7098.4
27d96cf3-940c-495a-ba0e-94d497c2f149,40.3935197193371,-86.8764221318749,50,6386.42
79dad13b-4042-4d5e-a786-240646d7578c,40.4104531055959,-86.8941439327087,89,11903.72
12648a3c-ba8d-48be-8a85-8681ac0d9bff,40.4190268711408,-86.8998354353048,8,783.37
7218f1c2-a821-475e-840c-a049d1a625b1,40.4508267364719,-86.9254809317527,27,1741.16
7426c1e2-6b00-4c5f-8636-b34180893ecb,40.395135238301,-86.876390727853,36,6433.01
b8c15b96-4ecb-4c22-87aa-527ace63b880,40.3820541939381,-86.8443603117671,65,10495.1
5a3bff2c-b3f2-4911-8ef6-442c2d85d857,40.4320730526491,-86.8691376965724,18,3542.77
c5e3979b-c192-42fb-860c-c4c246c5eec0,40.4028974115381,-86.8447126310246,27,7300.93
27d96cf3-940c-495a-ba0e-94d497c2f149,40.3819726891603,-86.8549920209801,25,3317.32
bb92f4e4-7c69-4f9a-a86b-ab4a6ebf37f7,40.4182605277237,-86.8905096020985,55,11270.82
33ace3e0-53ff-4dc0-a898-bd50817a1644,40.4310417432214,-86.8689874928586,11,1754.98
7110f3dc-2167-4bfb-8a75-b40c6791c80c,40.403083,-86.813864,14,1388.6
7218f1c2-a821-475e-840c-a049d1a625b1,40.4540698188331,-86.9285637834144,21,1291.96
624d1f32-a356-47fb-b477-afd271f462cd,40.4520648987332,-86.9217492295354,39,5272.28
26ecb9dd-aec2-4972-9d24-ee2ae9653374,40.432257,-86.847354,78,8346.15
76f6f48e-6195-424d-9f43-c18c77e27a27,40.4025856424104,-86.8795137111386,15,3229.88
26ecb9dd-aec2-4972-9d24-ee2ae9653374,40.4247345283469,-86.847053727332,59,7199
8893a0f4-c34d-4fc9-a9fb-8e833fee37ca,40.4246688142221,-86.8866833678891,9,1227.49
fa1bfc2a-4aa5-4966-81d1-33a2a1ea14c6,40.4434040453079,-86.9128402717614,30,6231.98
c5ec81b9-e850-475e-af29-7b3b1d08551d,40.4732078040093,-86.8908574478856,1,46.01
7218f1c2-a821-475e-840c-a049d1a625b1,40.4173404424211,-86.8961858724433,143,10214.04
5394dfa6-526f-417d-96b5-51e5d4ce396d,40.4242920252016,-86.9231144981296,41,2072.1
42719558-c2a4-467d-8614-840defe90744,40.4651576638892,-86.9371014352312,28,1692.08
7426c1e2-6b00-4c5f-8636-b34180893ecb,40.4046903791839,-86.8741681798797,42,8118.66
77ef10ae-585a-4bc9-adff-fc125f0932d2,40.4177916298981,-86.823625971295,11,1131.49
20e15c6a-5b6f-40ca-9df9-888a18a65225,40.4246902718955,-86.880657784978,12,1737.54
56fdf086-7941-45a1-afb3-b928148109a2,40.4502873903765,-86.9194298736562,33,3467.66
bb92f4e4-7c69-4f9a-a86b-ab4a6ebf37f7,40.4028961965308,-86.8513027015932,38,6332.24
26ecb9dd-aec2-4972-9d24-ee2ae9653374,40.3888747327849,-86.8386758469746,13,1524.05
3c435a70-bd1f-4d17-86ca-139de51f22c9,40.4391367682917,-86.9078956683653,22,4522.54
6c20d044-6cfd-4f7b-af03-b2fd1fb8325b,40.4326001067519,-86.9056988898336,25,4827.44
0e410d81-233b-4f4e-b644-b926ae73d696,40.4330788277646,-86.9223692633852,20,2706.23
aacfedab-6f68-4a78-8641-b932f17dbff6,40.430362,-86.913149,9,1940.52
56fdf086-7941-45a1-afb3-b928148109a2,40.4651572940326,-86.9269355915388,59,5679.9
f71ad2a5-ff13-4379-adc1-e257c3e59f53,40.3925842280736,-86.9038146378884,27,3815.46
c5e3979b-c192-42fb-860c-c4c246c5eec0,40.4069730579865,-86.8290878748619,36,9082.09
7261420d-8225-42cc-8837-046368279776,40.4454183843981,-86.9441094663208,22,4265.77
a9ab1807-2920-4cd6-b08d-3a8d7d8d9820,40.3883677952509,-86.814294565576,40,11852.36
b4417114-9ce7-42e9-936b-536f4ec21247,40.4242262497083,-86.8505124360628,22,4120.61
7e415f9d-0dfe-4239-b4f5-b467213b6c43,40.4182681114532,-86.8884775300565,43,10104.56
ff80a8f5-2afb-449a-8e43-76f253357b41,40.4690537784486,-86.9437189745612,17,1909.81
55c5e2f3-e55e-4b4b-b0e1-0f46278e7d95,40.4722,-86.9459,65,8598.62
5394dfa6-526f-417d-96b5-51e5d4ce396d,40.4248449176065,-86.9136753924075,18,966.02
a793c083-222b-4293-9d4e-f7454bbd6855,40.4188285517582,-86.9060106984049,31,3176.62
2722571e-4f1d-44f8-adbb-bbb7443b4f43,40.410741,-86.871123,18,3162.32
aacfedab-6f68-4a78-8641-b932f17dbff6,40.4355780076965,-86.8992749850637,19,4290.18
9d713986-ad91-4d78-895f-ae03d84ed071,40.450319,-86.919401,25,3477.09
d1a4f0a7-715f-4996-8eb3-283cae447608,40.4242021098257,-86.9293586569642,45,5399.23
bc162fca-a6bc-4e4e-99d8-3f4648da05ea,40.4090977794638,-86.8954228878362,94,11722.55
7afb54ae-31a1-4536-b273-c1a67b17e963,40.4061203160878,-86.8288497009159,32,8195.62
56fdf086-7941-45a1-afb3-b928148109a2,40.4609617865659,-86.9244354620239,52,5024.84
7110f3dc-2167-4bfb-8a75-b40c6791c80c,40.4030072929268,-86.8410469198851,41,4506.91
79dad13b-4042-4d5e-a786-240646d7578c,40.3879721693976,-86.9017426313008,40,5968.66
7218f1c2-a821-475e-840c-a049d1a625b1,40.4207112145848,-86.8948077794795,149,10677.31
bc162fca-a6bc-4e4e-99d8-3f4648da05ea,40.393849,-86.901211,73,9200.8
bb92f4e4-7c69-4f9a-a86b-ab4a6ebf37f7,40.4175470685925,-86.8640436029857,45,8999.61
7218f1c2-a821-475e-840c-a049d1a625b1,40.4182007278363,-86.8954791588067,147,10375.63
6c20d044-6cfd-4f7b-af03-b2fd1fb8325b,40.445537,-86.91398,32,6500.29
62c1143c-029a-4b43-9f4f-6d6f9c55bc76,40.421497101873,-86.8502428740408,32,4870.47
aacfedab-6f68-4a78-8641-b932f17dbff6,40.4266722836036,-86.9091527899658,11,2471.89
2722571e-4f1d-44f8-adbb-bbb7443b4f43,40.39423349076,-86.8484154043852,8,504.58
f71ad2a5-ff13-4379-adc1-e257c3e59f53,40.3891818457354,-86.9129435368147,33,5135.66
7218f1c2-a821-475e-840c-a049d1a625b1,40.4509912012731,-86.9256914817146,26,1715.65
a9ab1807-2920-4cd6-b08d-3a8d7d8d9820,40.4029248919664,-86.8412929930732,24,6612.31
f71ad2a5-ff13-4379-adc1-e257c3e59f53,40.3670563022528,-86.8760349974653,89,10355.7
2713ba46-9e58-4dcd-8a32-2cb9dcf2490b,40.4218860222033,-86.8904746705576,21,3908.93
ae80f7da-68bb-4e11-82d9-4e434fd30733,40.4246232166662,-86.8868711225314,9,1236.65
bc162fca-a6bc-4e4e-99d8-3f4648da05ea,40.4131715245945,-86.894162708173,97,12211.15
12f97034-fc21-44ef-b9d2-1b478749ee65,40.447760495659,-86.9443890431645,53,1720.05
c5e3979b-c192-42fb-860c-c4c246c5eec0,40.4208143823632,-86.8953548651656,1,62.18
62c1143c-029a-4b43-9f4f-6d6f9c55bc76,40.4174576948558,-86.82486112862,71,8337.65
75965b70-7ad7-4945-be19-cfb16a1b3fa6,40.3824766598999,-86.8693562783365,31,4604.44
56fdf086-7941-45a1-afb3-b928148109a2,40.4608665681402,-86.9243979110955,51,5013.79
b2e6d44b-e65b-45c2-9323-7fe8ca8c9945,40.4641871430985,-86.8996692836088,34,7617.73
624d1f32-a356-47fb-b477-afd271f462cd,40.4587485311032,-86.9246058320587,35,4300.99
9d713986-ad91-4d78-895f-ae03d84ed071,40.4777343288518,-86.9362593368617,84,8392.42
70814020-a9b7-44ef-a20e-fb5aff6b77a5,40.447456161684,-86.9451566965386,87,11445.52
12f97034-fc21-44ef-b9d2-1b478749ee65,40.4482408158755,-86.9452692454918,63,1849.79
7218f1c2-a821-475e-840c-a049d1a625b1,40.4239320787014,-86.90818671189,120,8921.59
b4417114-9ce7-42e9-936b-536f4ec21247,40.41539,-86.8138,0,0
cb61ff86-9f1a-46c0-9881-c76c0287240f,40.3842157354484,-86.8950934347566,51,5014.2
cb61ff86-9f1a-46c0-9881-c76c0287240f,40.4051839056721,-86.8933178122829,93,10835.87
b8c15b96-4ecb-4c22-87aa-527ace63b880,40.388106753619,-86.8747202131163,49,6951.64
fa1bfc2a-4aa5-4966-81d1-33a2a1ea14c6,40.445537,-86.91398,31,6487.84
bc162fca-a6bc-4e4e-99d8-3f4648da05ea,40.4163512835712,-86.8941868480555,98,12564.49
27d96cf3-940c-495a-ba0e-94d497c2f149,40.41824428563,-86.8953314111259,76,11286.85
f8091890-6a74-4783-b6f3-0328c8090a51,40.4454857212114,-86.9468781873255,37,6113.18
b8c15b96-4ecb-4c22-87aa-527ace63b880,40.3934003898739,-86.8764618866428,35,5601.37
de154292-7fe9-40e4-9e11-8776303bf1c6,40.4189134952702,-86.8757903252634,46,6991.04
9e21239f-d54e-46e6-abcb-648b572ea90f,40.3921993630524,-86.8763367685691,3,722.23
132fa334-e471-472b-921c-7d18439221cb,40.4026571111443,-86.881287902017,8,2290.15
79dad13b-4042-4d5e-a786-240646d7578c,40.3842452397493,-86.8951014813841,35,4999.88
9e21239f-d54e-46e6-abcb-648b572ea90f,40.4028734328214,-86.8861462650804,10,2707.92
56fdf086-7941-45a1-afb3-b928148109a2,40.4653201930275,-86.929931335625,69,6052.71
b2e6d44b-e65b-45c2-9323-7fe8ca8c9945,40.4371008537472,-86.8993031620564,21,4457.63
9e21239f-d54e-46e6-abcb-648b572ea90f,40.4027068854992,-86.8772272394435,6,1946.49
de154292-7fe9-40e4-9e11-8776303bf1c6,40.4243177697188,-86.8505640377428,31,4146.92
3081f37d-fdeb-4b5a-8813-07fa7cc93ba2,40.4331875105612,-86.9259388402664,12,420.39
9d713986-ad91-4d78-895f-ae03d84ed071,40.431117,-86.913622,5,975.34
811f6866-bf6b-4d63-b690-9320b35cc663,40.432063,-86.847826,23,5362.26
ae80f7da-68bb-4e11-82d9-4e434fd30733,40.4377137385436,-86.8744940682944,30,4024.46
106b7a4b-c510-4c36-84f3-e9ba6c6a9e1a,40.4173106749239,-86.8788554922178,9,1697.38
f71ad2a5-ff13-4379-adc1-e257c3e59f53,40.4018123687394,-86.8930978711306,11,2318.53
b8c15b96-4ecb-4c22-87aa-527ace63b880,40.4030327739139,-86.8719191474866,25,3539.01
77ef10ae-585a-4bc9-adff-fc125f0932d2,40.4177125047274,-86.843884697192,16,2845.47
811f6866-bf6b-4d63-b690-9320b35cc663,40.4205430609062,-86.8457322763697,35,7003.89
cb61ff86-9f1a-46c0-9881-c76c0287240f,40.3848165503035,-86.8951162335346,52,5080.99
42719558-c2a4-467d-8614-840defe90744,40.4711922214718,-86.9456041796924,5,145.22
b8c15b96-4ecb-4c22-87aa-527ace63b880,40.3919070998711,-86.872003499744,42,6153.72
b2e6d44b-e65b-45c2-9323-7fe8ca8c9945,40.4595496034354,-86.9014609993375,32,7080.56
ae80f7da-68bb-4e11-82d9-4e434fd30733,40.4338325818677,-86.8744659050981,28,3593.18
f0bfdbab-3f2e-40c7-823b-27ed6dd81e54,40.4272225390531,-86.8469551216731,57,7455.48
e8ff9056-010e-480e-be87-5fbfd502f830,40.4240920953725,-86.9408032156056,50,4429.07
f0bfdbab-3f2e-40c7-823b-27ed6dd81e54,40.4321159679959,-86.880166940699,72,11091.09
bb92f4e4-7c69-4f9a-a86b-ab4a6ebf37f7,40.403567918556,-86.8322644023656,27,3699.82
b2e6d44b-e65b-45c2-9323-7fe8ca8c9945,40.4705938627059,-86.8973021912073,38,8493.9
bc162fca-a6bc-4e4e-99d8-3f4648da05ea,40.4202098385727,-86.8942206828641,99,12993.26
79dad13b-4042-4d5e-a786-240646d7578c,40.3821785975801,-86.8871125213571,24,4217.1
c5ec81b9-e850-475e-af29-7b3b1d08551d,40.4615014657204,-86.9010139430616,32,2954.46
12648a3c-ba8d-48be-8a85-8681ac0d9bff,40.444768,-86.9435,37,6198.36
ae80f7da-68bb-4e11-82d9-4e434fd30733,40.4320448894528,-86.8789492177337,22,3009.42
b8c15b96-4ecb-4c22-87aa-527ace63b880,40.4100967868763,-86.8772219303041,17,2563.83
ae80f7da-68bb-4e11-82d9-4e434fd30733,40.4217317951758,-86.8867866329424,7,915.25
20e15c6a-5b6f-40ca-9df9-888a18a65225,40.4319121200986,-86.8663039425793,23,3844.51
79dad13b-4042-4d5e-a786-240646d7578c,40.382035,-86.886537,22,4165.04
f71ad2a5-ff13-4379-adc1-e257c3e59f53,40.3921671445469,-86.9139158376405,31,4793.64
7218f1c2-a821-475e-840c-a049d1a625b1,40.4306439646782,-86.9322387379542,89,6275.05
bc162fca-a6bc-4e4e-99d8-3f4648da05ea,40.4054776075767,-86.8975758193478,90,11235.02
b4417114-9ce7-42e9-936b-536f4ec21247,40.417737481742,-86.8398018704686,11,2496.1
e585597e-0bea-47a2-b2ad-5525a03f22ee,40.4355373399771,-86.924736181918,31,2618.63
f8091890-6a74-4783-b6f3-0328c8090a51,40.4280195734923,-86.9396906854826,30,4024.26
bb92f4e4-7c69-4f9a-a86b-ab4a6ebf37f7,40.4195928452445,-86.8954793758512,59,11838.48
c5ec81b9-e850-475e-af29-7b3b1d08551d,40.428513,-86.900827,59,6979.66
bc162fca-a6bc-4e4e-99d8-3f4648da05ea,40.3879371071331,-86.8967284019488,45,5546.51
de154292-7fe9-40e4-9e11-8776303bf1c6,40.4189798485625,-86.8734453245071,45,6792.52
0e410d81-233b-4f4e-b644-b926ae73d696,40.4334136845725,-86.9239090127009,24,2842.23
77ef10ae-585a-4bc9-adff-fc125f0932d2,40.417737481742,-86.8398018704686,15,2500.05
d1a4f0a7-715f-4996-8eb3-283cae447608,40.453042,-86.958841,0,0
7426c1e2-6b00-4c5f-8636-b34180893ecb,40.388794,-86.870999,27,5327.59
2722571e-4f1d-44f8-adbb-bbb7443b4f43,40.418281995386,-86.8811654809826,24,4389.03
007b678c-d15d-4e6a-8928-cab840ddf344,40.4221689952713,-86.9044033828022,33,6182.54
c5ec81b9-e850-475e-af29-7b3b1d08551d,40.4421859093691,-86.8993531714329,51,5240.62
e8ff9056-010e-480e-be87-5fbfd502f830,40.439939238733,-86.9620151465779,26,1755.36
f0bfdbab-3f2e-40c7-823b-27ed6dd81e54,40.4034431519177,-86.8342528840454,35,3761.96
f0bfdbab-3f2e-40c7-823b-27ed6dd81e54,40.416057141127,-86.8388157493029,45,5564.26
5a3bff2c-b3f2-4911-8ef6-442c2d85d857,40.4280649822982,-86.8451539143301,27,6018.37
77ef10ae-585a-4bc9-adff-fc125f0932d2,40.4248532969844,-86.8606427461818,34,5067.19
56fdf086-7941-45a1-afb3-b928148109a2,40.4293452459183,-86.9117512948365,6,721.73
bc162fca-a6bc-4e4e-99d8-3f4648da05ea,40.3953589436907,-86.8965674558882,75,9629.64
7e415f9d-0dfe-4239-b4f5-b467213b6c43,40.4175958286283,-86.8579327677448,32,7487.93
6a4db531-9f9e-496b-a86e-3d422ec5feed,40.4027068854992,-86.8772272394435,6,1948.57
55c5e2f3-e55e-4b4b-b0e1-0f46278e7d95,40.4720184620162,-86.9457634422776,64,8575.38
5394dfa6-526f-417d-96b5-51e5d4ce396d,40.4240941151608,-86.914907872126,33,1376.98
26ecb9dd-aec2-4972-9d24-ee2ae9653374,40.392461,-86.845996,11,786.99
f71ad2a5-ff13-4379-adc1-e257c3e59f53,40.3845563760135,-86.910862142495,43,5724.69
79dad13b-4042-4d5e-a786-240646d7578c,40.3834539880427,-86.8900213772071,28,4503.89
b8c15b96-4ecb-4c22-87aa-527ace63b880,40.389442,-86.839644,70,11491.79
811f6866-bf6b-4d63-b690-9320b35cc663,40.392677,-86.848871,64,13123.07
5394dfa6-526f-417d-96b5-51e5d4ce396d,40.430362,-86.913149,76,4731.94
55c5e2f3-e55e-4b4b-b0e1-0f46278e7d95,40.4240493156376,-86.9114596521433,6,1150.17
ed975a1b-9d65-44e7-b9a1-fd5ab53a748b,40.4589162610212,-86.9347046544568,23,5751.89
75965b70-7ad7-4945-be19-cfb16a1b3fa6,40.418281995386,-86.8811654809826,69,10087.28
e8ff9056-010e-480e-be87-5fbfd502f830,40.453042,-86.958841,0,0
f71ad2a5-ff13-4379-adc1-e257c3e59f53,40.3844852974704,-86.9017976165889,53,6499.34
2722571e-4f1d-44f8-adbb-bbb7443b4f43,40.4137575872992,-86.8745061382357,20,3603.11
2713ba46-9e58-4dcd-8a32-2cb9dcf2490b,40.4257725432976,-86.8844544520649,15,2963.7
a793c083-222b-4293-9d4e-f7454bbd6855,40.425514577469,-86.9289031368563,0,0
ff80a8f5-2afb-449a-8e43-76f253357b41,40.4575235446444,-86.9330435600915,3,100.5
c5e3979b-c192-42fb-860c-c4c246c5eec0,40.4023716093523,-86.8053493979781,47,12220.73
ff80a8f5-2afb-449a-8e43-76f253357b41,40.469433,-86.957676,35,3433.8
f71ad2a5-ff13-4379-adc1-e257c3e59f53,40.3847414484466,-86.9099998122454,45,5801.8
55c5e2f3-e55e-4b4b-b0e1-0f46278e7d95,40.4324799655496,-86.9150713403669,18,3168.45
29c28934-efe6-48d7-bf29-bf7cd63335d7,40.4322953092235,-86.915189337057,38,5816.89
7afb54ae-31a1-4536-b273-c1a67b17e963,40.4209318883234,-86.8943167948148,4,154.21
56fdf086-7941-45a1-afb3-b928148109a2,40.4612970627127,-86.924490447312,54,5062.84
26ecb9dd-aec2-4972-9d24-ee2ae9653374,40.4223225659934,-86.8470504003102,56,6930.62
77ef10ae-585a-4bc9-adff-fc125f0932d2,40.4200902831608,-86.8902252251044,50,8162.64
7110f3dc-2167-4bfb-8a75-b40c6791c80c,40.4182816806676,-86.8866477638866,65,9989.24
70814020-a9b7-44ef-a20e-fb5aff6b77a5,40.4307184584891,-86.9322390951753,44,4098.78
a9ab1807-2920-4cd6-b08d-3a8d7d8d9820,40.4060145580076,-86.8289045668205,32,8207.48
624d1f32-a356-47fb-b477-afd271f462cd,40.446042,-86.921129,44,6172.16
aacfedab-6f68-4a78-8641-b932f17dbff6,40.4519602925754,-86.9030770303653,27,6215.4
de154292-7fe9-40e4-9e11-8776303bf1c6,40.4200902831608,-86.8902252251044,60,8236.52
ff80a8f5-2afb-449a-8e43-76f253357b41,40.4678238723266,-86.9432636805225,14,1758.19
bb92f4e4-7c69-4f9a-a86b-ab4a6ebf37f7,40.403048867169,-86.8341187735867,30,3901.85
7110f3dc-2167-4bfb-8a75-b40c6791c80c,40.4002258420125,-86.8048974457322,2,92.13
79dad13b-4042-4d5e-a786-240646d7578c,40.365249,-86.860616,0,0
aacfedab-6f68-4a78-8641-b932f17dbff6,40.4256442929399,-86.9021296673474,14,3081.46
e8ff9056-010e-480e-be87-5fbfd502f830,40.4299603474012,-86.9480566336264,42,3520.17
7110f3dc-2167-4bfb-8a75-b40c6791c80c,40.4054481032758,-86.8280556397471,20,2822.12
75965b70-7ad7-4945-be19-cfb16a1b3fa6,40.38449,-86.86938,32,4828.17
bc162fca-a6bc-4e4e-99d8-3f4648da05ea,40.3837490432005,-86.8951419883331,41,4953.88
26ecb9dd-aec2-4972-9d24-ee2ae9653374,40.3921054509634,-86.8481718343806,4,159.69
f71ad2a5-ff13-4379-adc1-e257c3e59f53,40.3966289995092,-86.8953267869548,15,2926.18
7261420d-8225-42cc-8837-046368279776,40.452088,-86.926868,10,1537.84
7afb54ae-31a1-4536-b273-c1a67b17e963,40.417262,-86.893175,6,652.88
007b678c-d15d-4e6a-8928-cab840ddf344,40.44019,-86.88508,6,2053.05
70814020-a9b7-44ef-a20e-fb5aff6b77a5,40.4492319434313,-86.9405485047955,7,339.21
7218f1c2-a821-475e-840c-a049d1a625b1,40.423931,-86.911286,116,8657.01
f8091890-6a74-4783-b6f3-0328c8090a51,40.4239139390899,-86.9104102597744,1,74.1
62c1143c-029a-4b43-9f4f-6d6f9c55bc76,40.4200205457223,-86.888530068906,4,575.3
7426c1e2-6b00-4c5f-8636-b34180893ecb,40.3934416992812,-86.8762902667298,35,6244.63
a9ab1807-2920-4cd6-b08d-3a8d7d8d9820,40.4059590641236,-86.832612713135,29,7721.23
55c5e2f3-e55e-4b4b-b0e1-0f46278e7d95,40.4438426254123,-86.9199455909954,27,4522.99
70814020-a9b7-44ef-a20e-fb5aff6b77a5,40.4313665249541,-86.9141501451196,57,5688.27
ae80f7da-68bb-4e11-82d9-4e434fd30733,40.42558,-86.886886,10,1342.98
12648a3c-ba8d-48be-8a85-8681ac0d9bff,40.4242878022272,-86.9305137932574,26,3601.97
9d713986-ad91-4d78-895f-ae03d84ed071,40.4708001298189,-86.93884697192,81,7416.02
5394dfa6-526f-417d-96b5-51e5d4ce396d,40.4240468326958,-86.9121329437422,15,746.39
56fdf086-7941-45a1-afb3-b928148109a2,40.4662159438527,-86.9280721575442,63,5840.27
7218f1c2-a821-475e-840c-a049d1a625b1,40.4502802860164,-86.9251337334716,35,1814.07
55c5e2f3-e55e-4b4b-b0e1-0f46278e7d95,40.4698773657982,-86.945695559864,58,8331.75
aacfedab-6f68-4a78-8641-b932f17dbff6,40.473533300968,-86.8964881835275,38,8845.16
cb61ff86-9f1a-46c0-9881-c76c0287240f,40.3816904355103,-86.88310530085,36,3889.97
26ecb9dd-aec2-4972-9d24-ee2ae9653374,40.4112560695348,-86.838716566553,46,5054.07
2a068c67-dc1e-4ead-a035-c4161cb0a07e,40.4182681114532,-86.8884775300565,36,5015.81
7110f3dc-2167-4bfb-8a75-b40c6791c80c,40.4064941648539,-86.8327441413846,29,3375.51
56fdf086-7941-45a1-afb3-b928148109a2,40.4437122528673,-86.9199069600604,20,2507.69
f0bfdbab-3f2e-40c7-823b-27ed6dd81e54,40.4040254967202,-86.83442805622,36,3828.35
3c435a70-bd1f-4d17-86ca-139de51f22c9,40.4482910304243,-86.9158470282464,15,3283.03
f8091890-6a74-4783-b6f3-0328c8090a51,40.453272510836,-86.9483732974417,41,6999.9
7218f1c2-a821-475e-840c-a049d1a625b1,40.4453772244471,-86.9440392356158,67,4341.31
55c5e2f3-e55e-4b4b-b0e1-0f46278e7d95,40.4243551792831,-86.9190620697276,10,1798.4
70814020-a9b7-44ef-a20e-fb5aff6b77a5,40.4262838889736,-86.9191285767802,67,7591.95
70814020-a9b7-44ef-a20e-fb5aff6b77a5,40.4242101564533,-86.9191045712891,66,7361.51
7afb54ae-31a1-4536-b273-c1a67b17e963,40.4068535808834,-86.8323565621588,30,7821.85
aacfedab-6f68-4a78-8641-b932f17dbff6,40.4724590761935,-86.8965445099201,37,8725.7
5394dfa6-526f-417d-96b5-51e5d4ce396d,40.430545898339,-86.913262430002,75,4709.37
e585597e-0bea-47a2-b2ad-5525a03f22ee,40.4353386423194,-86.9249517872901,33,2652.52
c5e3979b-c192-42fb-860c-c4c246c5eec0,40.417262,-86.893175,6,650.06
0b4c0e9d-9ceb-4424-84ef-0c222182a7ed,40.4203049988538,-86.9213761357497,10,1188.93
26ecb9dd-aec2-4972-9d24-ee2ae9653374,40.4007287562328,-86.8384223782076,30,3103.38
bc162fca-a6bc-4e4e-99d8-3f4648da05ea,40.3991484832626,-86.8939630785854,81,10116.59
9d713986-ad91-4d78-895f-ae03d84ed071,40.4781173274724,-86.9345915696115,88,8553.49
7261420d-8225-42cc-8837-046368279776,40.4242021098257,-86.9293586569642,37,7050.08
62c1143c-029a-4b43-9f4f-6d6f9c55bc76,40.4138701986858,-86.8251560765164,60,7838.79
b8c15b96-4ecb-4c22-87aa-527ace63b880,40.3818386492992,-86.8588956586837,62,9264.49
12f97034-fc21-44ef-b9d2-1b478749ee65,40.4463900083459,-86.9446063626152,67,2086.23
f71ad2a5-ff13-4379-adc1-e257c3e59f53,40.3926192970827,-86.9029028989088,25,3736.98
624d1f32-a356-47fb-b477-afd271f462cd,40.4793810463735,-86.9343417958443,4,420.2
d1a4f0a7-715f-4996-8eb3-283cae447608,40.4428186992445,-86.9619259745663,21,1433.86
cb61ff86-9f1a-46c0-9881-c76c0287240f,40.3893870347373,-86.9128295429247,73,7652.29
bc162fca-a6bc-4e4e-99d8-3f4648da05ea,40.3879200483378,-86.9021670010974,50,6009.09
624d1f32-a356-47fb-b477-afd271f462cd,40.4327959080217,-86.9151898869985,53,7833.81
6c20d044-6cfd-4f7b-af03-b2fd1fb8325b,40.459531387183,-86.9350130285807,45,9887.48
f0bfdbab-3f2e-40c7-823b-27ed6dd81e54,40.432202,-86.87349,70,10526.25
5394dfa6-526f-417d-96b5-51e5d4ce396d,40.4291914152794,-86.9216300423279,61,3711.54
2713ba46-9e58-4dcd-8a32-2cb9dcf2490b,40.4257966831801,-86.8824427951838,14,2793.51
d1a4f0a7-715f-4996-8eb3-283cae447608,40.4455657250662,-86.9620466265817,17,1127.3
b8c15b96-4ecb-4c22-87aa-527ace63b880,40.4146853460679,-86.8772352585456,13,2053.45
76f6f48e-6195-424d-9f43-c18c77e27a27,40.3947890040153,-86.8860718241973,24,5095.5
12f97034-fc21-44ef-b9d2-1b478749ee65,40.4310651335876,-86.9309610173506,91,4307
9e21239f-d54e-46e6-abcb-648b572ea90f,40.4026690375594,-86.8793486373488,7,2126.05
26ecb9dd-aec2-4972-9d24-ee2ae9653374,40.4047915320988,-86.8352326289135,38,3956.22
007b678c-d15d-4e6a-8928-cab840ddf344,40.4210143042215,-86.9014207661999,32,5899.47
7218f1c2-a821-475e-840c-a049d1a625b1,40.4507588283076,-86.9253707764746,28,1753.15
b4417114-9ce7-42e9-936b-536f4ec21247,40.419100007194,-86.8607180430604,31,5711.68
79dad13b-4042-4d5e-a786-240646d7578c,40.3874115876801,-86.9047346356353,42,6283.9
b8c15b96-4ecb-4c22-87aa-527ace63b880,40.3918758443396,-86.8715151513156,43,6195.2
f8091890-6a74-4783-b6f3-0328c8090a51,40.4206403252854,-86.9216440662114,19,1719.74
62c1143c-029a-4b43-9f4f-6d6f9c55bc76,40.4145737524534,-86.8245566194498,64,7975.42
b2e6d44b-e65b-45c2-9323-7fe8ca8c9945,40.4351334533175,-86.898751968071,19,4226.2
9d713986-ad91-4d78-895f-ae03d84ed071,40.432242,-86.914828,6,1136.69
b2e6d44b-e65b-45c2-9323-7fe8ca8c9945,40.4313689727407,-86.9191045712891,6,1384.01
b4417114-9ce7-42e9-936b-536f4ec21247,40.4238976790844,-86.850814184595,20,4075.88
a9ab1807-2920-4cd6-b08d-3a8d7d8d9820,40.4173101733512,-86.8755280599313,12,2146.98
56fdf086-7941-45a1-afb3-b928148109a2,40.4459515767052,-86.921318450055,24,2794.1
75965b70-7ad7-4945-be19-cfb16a1b3fa6,40.4207112145848,-86.8948077794795,78,11591.56
624d1f32-a356-47fb-b477-afd271f462cd,40.4745229812867,-86.9390023523617,12,1318.98
75965b70-7ad7-4945-be19-cfb16a1b3fa6,40.4183357610341,-86.8954608346197,76,11300.66
6c20d044-6cfd-4f7b-af03-b2fd1fb8325b,40.434932,-86.905752,26,5086.6
e8ff9056-010e-480e-be87-5fbfd502f830,40.4530313284604,-86.9619161534353,7,265.12
9d713986-ad91-4d78-895f-ae03d84ed071,40.4691773932682,-86.9387061559383,80,7235.31
12f97034-fc21-44ef-b9d2-1b478749ee65,40.4474363606236,-86.945127007081,49,1647.16
007b678c-d15d-4e6a-8928-cab840ddf344,40.4197424075591,-86.9001670273094,28,5720.64
70814020-a9b7-44ef-a20e-fb5aff6b77a5,40.4304873960729,-86.9191676637295,72,8060.87
26ecb9dd-aec2-4972-9d24-ee2ae9653374,40.3924079016467,-86.8381921198325,16,1924.17
42719558-c2a4-467d-8614-840defe90744,40.4721852978156,-86.9461263521035,1,19.2
79dad13b-4042-4d5e-a786-240646d7578c,40.3743318416015,-86.8759291254668,12,2439.77
5394dfa6-526f-417d-96b5-51e5d4ce396d,40.4256873564609,-86.9289507045577,47,2721.12
62c1143c-029a-4b43-9f4f-6d6f9c55bc76,40.420014,-86.894267,1,89.97
7218f1c2-a821-475e-840c-a049d1a625b1,40.4201779018835,-86.8954774593737,148,10595.33
2a068c67-dc1e-4ead-a035-c4161cb0a07e,40.3927018990995,-86.8489247438967,5,250.34
de154292-7fe9-40e4-9e11-8776303bf1c6,40.4239846619161,-86.8508986511572,29,4100.19
7426c1e2-6b00-4c5f-8636-b34180893ecb,40.3920088942056,-86.8722490592151,31,5747.37
9e21239f-d54e-46e6-abcb-648b572ea90f,40.4207112145848,-86.8948077794795,25,5463.36
7110f3dc-2167-4bfb-8a75-b40c6791c80c,40.407039994421,-86.8289300399381,23,3023.96
f71ad2a5-ff13-4379-adc1-e257c3e59f53,40.3980760513589,-86.8945610162354,14,2752.82
f71ad2a5-ff13-4379-adc1-e257c3e59f53,40.3730711563272,-86.8760256097332,86,9686.96
5a3bff2c-b3f2-4911-8ef6-442c2d85d857,40.4320663471262,-86.8632824339439,20,4038.02
ff80a8f5-2afb-449a-8e43-76f253357b41,40.457352855044,-86.9337056936757,2,41.39
7261420d-8225-42cc-8837-046368279776,40.42672338645,-86.9306045431259,35,6664.64
d1a4f0a7-715f-4996-8eb3-283cae447608,40.4529800651456,-86.9589816985033,1,13.74
6c20d044-6cfd-4f7b-af03-b2fd1fb8325b,40.4249222829892,-86.8931045766535,5,857.21
f8091890-6a74-4783-b6f3-0328c8090a51,40.4227671279172,-86.9103860503665,2,201.55
f0bfdbab-3f2e-40c7-823b-27ed6dd81e54,40.4321173091005,-86.8842774262594,74,11438.77
70814020-a9b7-44ef-a20e-fb5aff6b77a5,40.4477781911898,-86.9444139960352,89,11519.51
a0020965-2b60-4e70-a047-a1b071f6ff20,40.433859584169,-86.9268513469508,4,236.02
7261420d-8225-42cc-8837-046368279776,40.4299138742634,-86.9318316538234,31,6291.01
db416ff3-0f30-49ce-a448-0bba8f984215,40.4358509442718,-86.8621679760318,4,894.41
b8c15b96-4ecb-4c22-87aa-527ace63b880,40.4082550351772,-86.8769026921334,19,2772.79
cb61ff86-9f1a-46c0-9881-c76c0287240f,40.383573,-86.89251,46,4735.08
bb92f4e4-7c69-4f9a-a86b-ab4a6ebf37f7,40.406302386898,-86.857529095264,41,7224.27
42719558-c2a4-467d-8614-840defe90744,40.4389651079508,-86.9174259603131,42,5063.02
e335420d-ceb4-49cd-a60e-a8a967b18129,40.428627,-86.911277,1,249.48
007b678c-d15d-4e6a-8928-cab840ddf344,40.4193145264493,-86.900123794443,26,5672.65
70814020-a9b7-44ef-a20e-fb5aff6b77a5,40.4470254428682,-86.9449605116047,36,1975.81
12648a3c-ba8d-48be-8a85-8681ac0d9bff,40.4591232105161,-86.9435090459429,58,9954.33
3c435a70-bd1f-4d17-86ca-139de51f22c9,40.4245092227762,-86.89331110676,43,8325.91
624d1f32-a356-47fb-b477-afd271f462cd,40.4648001890617,-86.9313028634022,25,3013.68
7218f1c2-a821-475e-840c-a049d1a625b1,40.4480778114289,-86.9234635895082,42,2097.6
f0bfdbab-3f2e-40c7-823b-27ed6dd81e54,40.3950077004858,-86.8383856339629,28,2465.11
77ef10ae-585a-4bc9-adff-fc125f0932d2,40.4190469037918,-86.8700670820515,41,6438.07
79dad13b-4042-4d5e-a786-240646d7578c,40.3756635114946,-86.8759987876414,13,2587.86
cb61ff86-9f1a-46c0-9881-c76c0287240f,40.367140758077,-86.87168358196,15,1308.61
0e410d81-233b-4f4e-b644-b926ae73d696,40.4241819561254,-86.9304768798626,4,890.02
9e21239f-d54e-46e6-abcb-648b572ea90f,40.4182605277237,-86.8905096020985,19,4742.33
f71ad2a5-ff13-4379-adc1-e257c3e59f53,40.367103,-86.8681922178383,92,11019.79
7e415f9d-0dfe-4239-b4f5-b467213b6c43,40.3988766907976,-86.8055800679672,4,254.34
20e15c6a-5b6f-40ca-9df9-888a18a65225,40.4353627822019,-86.8622672177712,26,4362.81
79dad13b-4042-4d5e-a786-240646d7578c,40.3851585319733,-86.9112617916621,51,7153.09
bb92f4e4-7c69-4f9a-a86b-ab4a6ebf37f7,40.3988512722489,-86.8076292015844,7,431.99
b4417114-9ce7-42e9-936b-536f4ec21247,40.4176923881586,-86.8498499303967,14,3346.19
2a068c67-dc1e-4ead-a035-c4161cb0a07e,40.418249496843,-86.891552804858,38,5275.98
bc162fca-a6bc-4e4e-99d8-3f4648da05ea,40.3870696060103,-86.8951966998098,43,5322.97
b4417114-9ce7-42e9-936b-536f4ec21247,40.4249246095994,-86.8505179264368,25,4201.84
7218f1c2-a821-475e-840c-a049d1a625b1,40.4242021098257,-86.9293586569642,103,7121.08
27d96cf3-940c-495a-ba0e-94d497c2f149,40.3929774762274,-86.8482085042886,6,316.67
6c20d044-6cfd-4f7b-af03-b2fd1fb8325b,40.430746,-86.905845,24,4621.04
56fdf086-7941-45a1-afb3-b928148109a2,40.4777343288518,-86.9362593368617,86,8421.72
26ecb9dd-aec2-4972-9d24-ee2ae9653374,40.416057141127,-86.8388157493029,48,5587.64
5394dfa6-526f-417d-96b5-51e5d4ce396d,40.4273511688144,-86.9224046783961,53,3464.41
9e21239f-d54e-46e6-abcb-648b572ea90f,40.3978082742218,-86.8763976191943,4,1345.51
db416ff3-0f30-49ce-a448-0bba8f984215,40.4213160527537,-86.8942592677032,29,4750.42
56fdf086-7941-45a1-afb3-b928148109a2,40.455337,-86.9244715651229,42,4388.81
42719558-c2a4-467d-8614-840defe90744,40.4668837321839,-86.9398367126178,25,1389.86
62c1143c-029a-4b43-9f4f-6d6f9c55bc76,40.4200124990948,-86.89084079211,3,379.82
12648a3c-ba8d-48be-8a85-8681ac0d9bff,40.4243335380753,-86.9294847207954,25,3514.77
6c20d044-6cfd-4f7b-af03-b2fd1fb8325b,40.4293452459183,-86.9117512948365,16,3058.36
7e415f9d-0dfe-4239-b4f5-b467213b6c43,40.4030981669803,-86.8274422122658,13,2533.45
7afb54ae-31a1-4536-b273-c1a67b17e963,40.402934873279,-86.8367071054403,25,6999.25
0b4c0e9d-9ceb-4424-84ef-0c222182a7ed,40.4202740144893,-86.9197617125369,11,1325.55
5a3bff2c-b3f2-4911-8ef6-442c2d85d857,40.42558,-86.886886,10,1306.18
5001d1c6-c1ea-4d03-b8eb-45705b3c0f70,40.420844158678,-86.9232248550663,33,2706.69
5394dfa6-526f-417d-96b5-51e5d4ce396d,40.423991491248,-86.9103721140414,12,596.36
75965b70-7ad7-4945-be19-cfb16a1b3fa6,40.3819233060846,-86.8587451625682,26,3635.05
9d713986-ad91-4d78-895f-ae03d84ed071,40.4663479082711,-86.9317649712122,73,6322.72
76f6f48e-6195-424d-9f43-c18c77e27a27,40.389712923152,-86.8859551480982,26,5659.64
b2e6d44b-e65b-45c2-9323-7fe8ca8c9945,40.443813082207,-86.899512374372,23,5204.25
9d713986-ad91-4d78-895f-ae03d84ed071,40.465280831886,-86.930242878773,68,6059.71
79dad13b-4042-4d5e-a786-240646d7578c,40.3876301877278,-86.9122099526054,53,7439.35
624d1f32-a356-47fb-b477-afd271f462cd,40.4779057465334,-86.9348005279554,7,614.13
7261420d-8225-42cc-8837-046368279776,40.4499355825697,-86.9248249725394,13,1836.32
e8ff9056-010e-480e-be87-5fbfd502f830,40.4384770319325,-86.96196212051,30,1920.68
7261420d-8225-42cc-8837-046368279776,40.4460782078551,-86.9444916811282,21,4185.64
7218f1c2-a821-475e-840c-a049d1a625b1,40.4267467086287,-86.9305834372258,100,6738.03
56fdf086-7941-45a1-afb3-b928148109a2,40.4606412625695,-86.9242865994148,48,4985.2
ae80f7da-68bb-4e11-82d9-4e434fd30733,40.4207112145848,-86.8948077794795,0,0
bc162fca-a6bc-4e4e-99d8-3f4648da05ea,40.3650432774667,-86.8622642117453,4,303.1
79dad13b-4042-4d5e-a786-240646d7578c,40.382767342494,-86.8880727522416,25,4321.44
8893a0f4-c34d-4fc9-a9fb-8e833fee37ca,40.4217264307574,-86.8906288975852,4,569.95
0b4c0e9d-9ceb-4424-84ef-0c222182a7ed,40.4293452459183,-86.9117512948365,23,3482.82
26ecb9dd-aec2-4972-9d24-ee2ae9653374,40.4282244221044,-86.8450111541901,72,7695.53
0e410d81-233b-4f4e-b644-b926ae73d696,40.4328844209244,-86.9214300466436,17,2613.32
de154292-7fe9-40e4-9e11-8776303bf1c6,40.4191004270538,-86.8653054273372,42,6103.76
716a1134-702e-43b2-8984-fd6f12a926a3,40.426237,-86.903733,35,7385.42
c5ec81b9-e850-475e-af29-7b3b1d08551d,40.4707625788905,-86.8900951379594,13,560.91
7218f1c2-a821-475e-840c-a049d1a625b1,40.4285834985127,-86.9310162622342,94,6527.38
70814020-a9b7-44ef-a20e-fb5aff6b77a5,40.4474323737575,-86.9391787896993,1,26.75
aacfedab-6f68-4a78-8641-b932f17dbff6,40.4667017141999,-86.8994399547243,34,7898.87
c5ec81b9-e850-475e-af29-7b3b1d08551d,40.4730154634624,-86.8890328764106,4,209.24
62c1143c-029a-4b43-9f4f-6d6f9c55bc76,40.4158235371633,-86.8315690001011,46,7118.02
9d713986-ad91-4d78-895f-ae03d84ed071,40.4396112162606,-86.9177669763213,12,2018.12
106b7a4b-c510-4c36-84f3-e9ba6c6a9e1a,40.4095907753462,-86.870029531123,15,2842.79
7afb54ae-31a1-4536-b273-c1a67b17e963,40.4027699174148,-86.857681981187,20,5224.07
db416ff3-0f30-49ce-a448-0bba8f984215,40.4281771438228,-86.8740756436631,15,2390.6
ed975a1b-9d65-44e7-b9a1-fd5ab53a748b,40.4669444541302,-86.9402041697624,15,4547.49
f8091890-6a74-4783-b6f3-0328c8090a51,40.4203883291166,-86.9134391499625,10,1017.46
a793c083-222b-4293-9d4e-f7454bbd6855,40.4251006552353,-86.9219172419206,12,1057.27
7218f1c2-a821-475e-840c-a049d1a625b1,40.4196986806213,-86.9007140040823,134,9739.97
8893a0f4-c34d-4fc9-a9fb-8e833fee37ca,40.4350033661725,-86.8624160803804,24,3976.96
5394dfa6-526f-417d-96b5-51e5d4ce396d,40.4250667786849,-86.9079999008959,4,267.25
b4417114-9ce7-42e9-936b-536f4ec21247,40.4193185599836,-86.8788919200608,39,7256.16
29c28934-efe6-48d7-bf29-bf7cd63335d7,40.4640091605876,-86.936229985391,22,1803.74
26ecb9dd-aec2-4972-9d24-ee2ae9653374,40.3949789792625,-86.838380003597,27,2464.38
d1a4f0a7-715f-4996-8eb3-283cae447608,40.4529181044368,-86.9613795726726,3,216.84
624d1f32-a356-47fb-b477-afd271f462cd,40.4314182532764,-86.916422877511,55,8138.39
0b4c0e9d-9ceb-4424-84ef-0c222182a7ed,40.4231430323152,-86.9102941286527,20,2746.15
7e415f9d-0dfe-4239-b4f5-b467213b6c43,40.4175470685925,-86.8640436029857,34,8005.09
6a4db531-9f9e-496b-a86e-3d422ec5feed,40.4182605277237,-86.8905096020985,19,4742.16
7218f1c2-a821-475e-840c-a049d1a625b1,40.4194696406764,-86.9005092229283,137,9772.99
33ace3e0-53ff-4dc0-a898-bd50817a1644,40.4239620521046,-86.893964224694,30,4482.95
f0bfdbab-3f2e-40c7-823b-27ed6dd81e54,40.3923770386086,-86.8458370986417,12,809.06
cb61ff86-9f1a-46c0-9881-c76c0287240f,40.4008562448851,-86.8932408635214,90,10324.07
bc162fca-a6bc-4e4e-99d8-3f4648da05ea,40.3753514547832,-86.8760554681262,26,2585.4
7218f1c2-a821-475e-840c-a049d1a625b1,40.4242554104876,-86.9278254923621,105,7251.4
79dad13b-4042-4d5e-a786-240646d7578c,40.392726,-86.902611,62,9027.4
f71ad2a5-ff13-4379-adc1-e257c3e59f53,40.3751079775247,-86.8761373650386,84,9460.36
26ecb9dd-aec2-4972-9d24-ee2ae9653374,40.4263082238121,-86.8471260900417,60,7373.98
55c5e2f3-e55e-4b4b-b0e1-0f46278e7d95,40.4373474892961,-86.9158790733282,23,3718.62
42719558-c2a4-467d-8614-840defe90744,40.4332247076129,-86.9152163808512,46,5749.64
a9ab1807-2920-4cd6-b08d-3a8d7d8d9820,40.405455,-86.828217,33,8292.63
7218f1c2-a821-475e-840c-a049d1a625b1,40.4304828479395,-86.9321658316031,91,6294.51
55c5e2f3-e55e-4b4b-b0e1-0f46278e7d95,40.4506080441161,-86.9249957272681,32,5401.54
f71ad2a5-ff13-4379-adc1-e257c3e59f53,40.3818433214332,-86.885783486711,73,7929.83
3c435a70-bd1f-4d17-86ca-139de51f22c9,40.428627,-86.911277,34,6639.24
27d96cf3-940c-495a-ba0e-94d497c2f149,40.3914893243616,-86.8490158978646,2,60.07
55c5e2f3-e55e-4b4b-b0e1-0f46278e7d95,40.4680579762172,-86.9433588383226,48,7977.99
7110f3dc-2167-4bfb-8a75-b40c6791c80c,40.4174027095677,-86.8786286937373,57,9272.28
26ecb9dd-aec2-4972-9d24-ee2ae9653374,40.3949605158594,-86.8371133033799,26,2357.16
d1a4f0a7-715f-4996-8eb3-283cae447608,40.4378263762047,-86.9619474028678,29,1996.12
b2e6d44b-e65b-45c2-9323-7fe8ca8c9945,40.4565093193358,-86.9029308499653,31,6720.59
bc162fca-a6bc-4e4e-99d8-3f4648da05ea,40.3819425006224,-86.885869235817,33,4120.65
007b678c-d15d-4e6a-8928-cab840ddf344,40.4241502983737,-86.9159777225449,59,8049.18
56fdf086-7941-45a1-afb3-b928148109a2,40.4608008540154,-86.9243120804019,50,5003.5
fa1bfc2a-4aa5-4966-81d1-33a2a1ea14c6,40.4574747648632,-86.9341416475481,47,10102.9
76f6f48e-6195-424d-9f43-c18c77e27a27,40.4045849036707,-86.8863466982879,11,2433.68
12f97034-fc21-44ef-b9d2-1b478749ee65,40.4309724729585,-86.9325379046931,81,4100.41
fa1bfc2a-4aa5-4966-81d1-33a2a1ea14c6,40.4607083177989,-86.921175236772,40,8652.06
12f97034-fc21-44ef-b9d2-1b478749ee65,40.431280459838,-86.9153011986793,101,5640.75
5394dfa6-526f-417d-96b5-51e5d4ce396d,40.4314449214605,-86.9215351575579,64,3962.35
29c28934-efe6-48d7-bf29-bf7cd63335d7,40.4672489768772,-86.9413088777564,18,1228.33
75965b70-7ad7-4945-be19-cfb16a1b3fa6,40.3954410596502,-86.8716744516866,52,6996.82
42719558-c2a4-467d-8614-840defe90744,40.4319219913848,-86.91472465363,49,5906.47
de154292-7fe9-40e4-9e11-8776303bf1c6,40.4200648029859,-86.8834473196361,56,7663.08
5a3bff2c-b3f2-4911-8ef6-442c2d85d857,40.422628,-86.890628,6,671.32
a0020965-2b60-4e70-a047-a1b071f6ff20,40.4337347771191,-86.9270078641732,5,255.19
12f97034-fc21-44ef-b9d2-1b478749ee65,40.4491108641737,-86.9415123368184,25,777.96
f0bfdbab-3f2e-40c7-823b-27ed6dd81e54,40.4212794020564,-86.8942885436477,87,13518.38
12f97034-fc21-44ef-b9d2-1b478749ee65,40.43139727473,-86.9185145988881,99,5367.03
7426c1e2-6b00-4c5f-8636-b34180893ecb,40.4182605277237,-86.8905096020985,54,10715.77
12f97034-fc21-44ef-b9d2-1b478749ee65,40.4307029778223,-86.9322753170827,84,4139.41
77ef10ae-585a-4bc9-adff-fc125f0932d2,40.4177031169953,-86.8479978649615,17,3193.45
ff80a8f5-2afb-449a-8e43-76f253357b41,40.469666,-86.945745,19,2108.77
27d96cf3-940c-495a-ba0e-94d497c2f149,40.3925603951902,-86.8720620174158,45,5919.46
811f6866-bf6b-4d63-b690-9320b35cc663,40.432045,-86.873718,16,3172.22
5001d1c6-c1ea-4d03-b8eb-45705b3c0f70,40.4193692702574,-86.9247083775356,24,2403.58
55c5e2f3-e55e-4b4b-b0e1-0f46278e7d95,40.4332135086632,-86.9151270460883,19,3250.1
106b7a4b-c510-4c36-84f3-e9ba6c6a9e1a,40.3925316531316,-86.8494245131389,42,6247.54
bc162fca-a6bc-4e4e-99d8-3f4648da05ea,40.3932976957141,-86.9135000952184,65,8091.45
bc162fca-a6bc-4e4e-99d8-3f4648da05ea,40.4105215019298,-86.8941144284078,96,11916.65
ed975a1b-9d65-44e7-b9a1-fd5ab53a748b,40.4657834883372,-86.9378640689384,16,4783.67
56fdf086-7941-45a1-afb3-b928148109a2,40.4658166896516,-86.9284827582709,65,5903.68
b2e6d44b-e65b-45c2-9323-7fe8ca8c9945,40.4240813101271,-86.9118721362696,0,0
2a068c67-dc1e-4ead-a035-c4161cb0a07e,40.4014528851855,-86.8586080008153,21,1690.29
b8c15b96-4ecb-4c22-87aa-527ace63b880,40.3882308227352,-86.8711176192947,47,6631.05
b4417114-9ce7-42e9-936b-536f4ec21247,40.4244153454551,-86.8503877133362,23,4144.12
e335420d-ceb4-49cd-a60e-a8a967b18129,40.4180707720103,-86.9305026663413,19,3164.13
26ecb9dd-aec2-4972-9d24-ee2ae9653374,40.3929018146593,-86.8368102650502,18,2091.03
811f6866-bf6b-4d63-b690-9320b35cc663,40.4317040793926,-86.8449340412322,25,5628.89
2722571e-4f1d-44f8-adbb-bbb7443b4f43,40.4218377424382,-86.8942753609583,32,5882.55
007b678c-d15d-4e6a-8928-cab840ddf344,40.4196068312592,-86.9060163051763,35,6498.26
a793c083-222b-4293-9d4e-f7454bbd6855,40.4189005958684,-86.8998578848505,46,4078.99
a793c083-222b-4293-9d4e-f7454bbd6855,40.4269101277998,-86.9222464386456,6,846.57
12648a3c-ba8d-48be-8a85-8681ac0d9bff,40.4499973622368,-86.9469660779874,53,8555.53
b8c15b96-4ecb-4c22-87aa-527ace63b880,40.3955571014068,-86.8708047106208,32,4893.75
e8ff9056-010e-480e-be87-5fbfd502f830,40.441641351694,-86.961943529555,24,1562.39
79dad13b-4042-4d5e-a786-240646d7578c,40.3952617569048,-86.8969063059615,67,9598.34
811f6866-bf6b-4d63-b690-9320b35cc663,40.4062553041249,-86.8387304069316,41,9164.09
624d1f32-a356-47fb-b477-afd271f462cd,40.4676989916005,-86.9386108010306,18,2097.21
c5ec81b9-e850-475e-af29-7b3b1d08551d,40.4732519902734,-86.8895488132884,3,158.32
c5e3979b-c192-42fb-860c-c4c246c5eec0,40.4173846572331,-86.871389480299,13,2493.27
fa1bfc2a-4aa5-4966-81d1-33a2a1ea14c6,40.4252521947176,-86.8936732049986,8,1378.03
f0bfdbab-3f2e-40c7-823b-27ed6dd81e54,40.4063654188136,-86.8385001622736,41,4486.82
bc162fca-a6bc-4e4e-99d8-3f4648da05ea,40.392726,-86.902611,70,9025.56
fa1bfc2a-4aa5-4966-81d1-33a2a1ea14c6,40.4276541130337,-86.9082376008176,12,2661.23
9d713986-ad91-4d78-895f-ae03d84ed071,40.4520428071912,-86.9242743479695,31,3996.97
42719558-c2a4-467d-8614-840defe90744,40.4553087112121,-86.9299681974891,31,2944.21
75965b70-7ad7-4945-be19-cfb16a1b3fa6,40.4081598842922,-86.8767878979474,60,8757.32
de154292-7fe9-40e4-9e11-8776303bf1c6,40.4207112145848,-86.8948077794795,63,8766.22
9d713986-ad91-4d78-895f-ae03d84ed071,40.4605548143542,-86.9244609465036,37,4958.37
bb92f4e4-7c69-4f9a-a86b-ab4a6ebf37f7,40.403042161646,-86.8365676305632,31,4109.07
f42d1f15-dd59-4025-b28f-99a130b2d962,40.4321077313226,-86.8823600771036,10,2122.85
aacfedab-6f68-4a78-8641-b932f17dbff6,40.4438706207096,-86.8995754869759,22,5212.74
7afb54ae-31a1-4536-b273-c1a67b17e963,40.405455,-86.828217,33,8286.9
42719558-c2a4-467d-8614-840defe90744,40.430362,-86.913149,51,6125.74
42719558-c2a4-467d-8614-840defe90744,40.4674740132174,-86.9472438010644,11,613.2
106b7a4b-c510-4c36-84f3-e9ba6c6a9e1a,40.4201372218214,-86.8942565854941,1,79.01
ae80f7da-68bb-4e11-82d9-4e434fd30733,40.4300506669313,-86.8789438533154,20,2787.82
106b7a4b-c510-4c36-84f3-e9ba6c6a9e1a,40.3987007556657,-86.853395367248,30,5215.81
e335420d-ceb4-49cd-a60e-a8a967b18129,40.4208681994858,-86.9219094887933,10,2131.72
7110f3dc-2167-4bfb-8a75-b40c6791c80c,40.40707,-86.830272,24,3137.56
3c435a70-bd1f-4d17-86ca-139de51f22c9,40.4604941921872,-86.9324984672988,4,526.91
2713ba46-9e58-4dcd-8a32-2cb9dcf2490b,40.427864,-86.882285,13,2563.4
f71ad2a5-ff13-4379-adc1-e257c3e59f53,40.3709898333118,-86.8760950138189,88,9918.58
7218f1c2-a821-475e-840c-a049d1a625b1,40.4573487043391,-86.933757390335,2,40.65
62c1143c-029a-4b43-9f4f-6d6f9c55bc76,40.4224425015006,-86.8509782448955,29,4730.12
76f6f48e-6195-424d-9f43-c18c77e27a27,40.3976172562333,-86.8766216879477,17,4005.54
70814020-a9b7-44ef-a20e-fb5aff6b77a5,40.4240376835489,-86.9114244047826,61,6710.16
0e410d81-233b-4f4e-b644-b926ae73d696,40.430362,-86.913149,69,5163.13
bb92f4e4-7c69-4f9a-a86b-ab4a6ebf37f7,40.3995369997896,-86.8053389527572,3,179.45
de154292-7fe9-40e4-9e11-8776303bf1c6,40.4167308105859,-86.814016852917,4,207.43
811f6866-bf6b-4d63-b690-9320b35cc663,40.4279863588618,-86.8452307892813,27,6044.47
62c1143c-029a-4b43-9f4f-6d6f9c55bc76,40.4248721927444,-86.8505433741639,24,4447.24
7218f1c2-a821-475e-840c-a049d1a625b1,40.446104176298,-86.9227237694842,51,2416.55
e585597e-0bea-47a2-b2ad-5525a03f22ee,40.4336888782693,-86.9269669577763,24,2330.19
77ef10ae-585a-4bc9-adff-fc125f0932d2,40.41539,-86.8138,0,0
ed975a1b-9d65-44e7-b9a1-fd5ab53a748b,40.467205850925,-86.9620047429928,10,2695.91
ed975a1b-9d65-44e7-b9a1-fd5ab53a748b,40.4674007777971,-86.9495004440862,12,3753.25
7218f1c2-a821-475e-840c-a049d1a625b1,40.4429742184848,-86.9425692688986,69,4635.85
75965b70-7ad7-4945-be19-cfb16a1b3fa6,40.3920055661553,-86.8723096288539,42,5852.91
c5ec81b9-e850-475e-af29-7b3b1d08551d,40.4745450621382,-86.8955764480181,22,1257.73
f71ad2a5-ff13-4379-adc1-e257c3e59f53,40.3839126458116,-86.9004779696749,55,6628.08
6c20d044-6cfd-4f7b-af03-b2fd1fb8325b,40.4200299334544,-86.893073731248,3,313.46
77ef10ae-585a-4bc9-adff-fc125f0932d2,40.4176350770427,-86.8201674053014,10,838.38
e8ff9056-010e-480e-be87-5fbfd502f830,40.4399491143187,-86.9619584023192,25,1750.44
716a1134-702e-43b2-8984-fd6f12a926a3,40.4604481435089,-86.9325907190198,3,511.59
811f6866-bf6b-4d63-b690-9320b35cc663,40.4320596416032,-86.8870655826965,13,2043.25
3c435a70-bd1f-4d17-86ca-139de51f22c9,40.426237,-86.903733,39,7384.64
7110f3dc-2167-4bfb-8a75-b40c6791c80c,40.4195893305695,-86.895489030637,71,10884.04
12f97034-fc21-44ef-b9d2-1b478749ee65,40.431507321132,-86.9255645026508,96,4770.59
db416ff3-0f30-49ce-a448-0bba8f984215,40.4310417432214,-86.8689848106494,11,1766.65
7261420d-8225-42cc-8837-046368279776,40.4172793279457,-86.8954474863677,57,10189.68
70814020-a9b7-44ef-a20e-fb5aff6b77a5,40.431150968839,-86.9307436133613,50,4280.03
2a068c67-dc1e-4ead-a035-c4161cb0a07e,40.4165636905592,-86.8776609856829,31,4021.08
f71ad2a5-ff13-4379-adc1-e257c3e59f53,40.3757614121295,-86.8762415275718,83,9387.22
62c1143c-029a-4b43-9f4f-6d6f9c55bc76,40.4212945950803,-86.8500873059086,33,4896.54
f8091890-6a74-4783-b6f3-0328c8090a51,40.4512580525823,-86.9472348190964,40,6756.23
0e410d81-233b-4f4e-b644-b926ae73d696,40.4334178702721,-86.9271149907406,32,3121.44
7218f1c2-a821-475e-840c-a049d1a625b1,40.4504433317045,-86.9251235641134,33,1795.91
f8091890-6a74-4783-b6f3-0328c8090a51,40.4531619454052,-86.9563412813009,45,7903.71
26ecb9dd-aec2-4972-9d24-ee2ae9653374,40.3914708417697,-86.849210593491,1,44.57
fa1bfc2a-4aa5-4966-81d1-33a2a1ea14c6,40.4207112145848,-86.8948077794795,0,0
bc162fca-a6bc-4e4e-99d8-3f4648da05ea,40.3679320435483,-86.8758123741038,17,1757.99
b8c15b96-4ecb-4c22-87aa-527ace63b880,40.3929842833419,-86.8482550248807,78,12615.73
cb61ff86-9f1a-46c0-9881-c76c0287240f,40.392726,-86.902611,81,9035.19
5001d1c6-c1ea-4d03-b8eb-45705b3c0f70,40.4283480709001,-86.9191991439452,8,926.23
9d713986-ad91-4d78-895f-ae03d84ed071,40.4649675942805,-86.9313641607751,71,6161.19
79dad13b-4042-4d5e-a786-240646d7578c,40.3932870273711,-86.9020551943556,63,9105.5
9d713986-ad91-4d78-895f-ae03d84ed071,40.4649487924619,-86.9245533810371,46,5452.7
7110f3dc-2167-4bfb-8a75-b40c6791c80c,40.4058517757566,-86.8327374358617,31,3447.27
12f97034-fc21-44ef-b9d2-1b478749ee65,40.4303908420067,-86.9321018295181,87,4180.11
c5e3979b-c192-42fb-860c-c4c246c5eec0,40.4173101733512,-86.8755280599313,12,2143.05
7261420d-8225-42cc-8837-046368279776,40.4574747648632,-86.9341416475481,0,0
76f6f48e-6195-424d-9f43-c18c77e27a27,40.387925230737,-86.8855152657935,27,5861.75
0e410d81-233b-4f4e-b644-b926ae73d696,40.4337883036502,-86.9268207886392,34,3170.14
77ef10ae-585a-4bc9-adff-fc125f0932d2,40.4200755310104,-86.8954179820668,52,8601.94
811f6866-bf6b-4d63-b690-9320b35cc663,40.4320663471262,-86.8632824339439,20,4054.91
cb61ff86-9f1a-46c0-9881-c76c0287240f,40.3920971699227,-86.9138411533454,75,7965.64
56fdf086-7941-45a1-afb3-b928148109a2,40.432242,-86.914828,9,1135.83
ff80a8f5-2afb-449a-8e43-76f253357b41,40.4691103380388,-86.9450884726696,18,2025.75
0b4c0e9d-9ceb-4424-84ef-0c222182a7ed,40.4220254970804,-86.910270715372,19,2621.95
76f6f48e-6195-424d-9f43-c18c77e27a27,40.402539,-86.885713,13,2705.27
db416ff3-0f30-49ce-a448-0bba8f984215,40.4369332156738,-86.8661591032838,2,430.94
624d1f32-a356-47fb-b477-afd271f462cd,40.4439257349924,-86.9201653850177,47,6503.8
cb61ff86-9f1a-46c0-9881-c76c0287240f,40.3958706960616,-86.8956946988116,86,9730.73
2a068c67-dc1e-4ead-a035-c4161cb0a07e,40.3929867687424,-86.8482235839718,6,317.6
62c1143c-029a-4b43-9f4f-6d6f9c55bc76,40.4217522153246,-86.860492126124,19,3254.33
7426c1e2-6b00-4c5f-8636-b34180893ecb,40.406348,-86.87663,43,8396.72
29c28934-efe6-48d7-bf29-bf7cd63335d7,40.4722,-86.9459,0,0
f8091890-6a74-4783-b6f3-0328c8090a51,40.4204199995959,-86.9103528286362,3,462.38
b2e6d44b-e65b-45c2-9323-7fe8ca8c9945,40.428378,-86.900634,15,3410.21
70814020-a9b7-44ef-a20e-fb5aff6b77a5,40.4314396959267,-86.9298634900898,77,9073.67
2713ba46-9e58-4dcd-8a32-2cb9dcf2490b,40.4218471301703,-86.8942445155528,23,4227.92
55c5e2f3-e55e-4b4b-b0e1-0f46278e7d95,40.4361815204928,-86.9153498689743,21,3580.45
bc162fca-a6bc-4e4e-99d8-3f4648da05ea,40.3893870347373,-86.9128295429247,63,7644.32
62c1143c-029a-4b43-9f4f-6d6f9c55bc76,40.41539,-86.8138,82,9583.56
bb92f4e4-7c69-4f9a-a86b-ab4a6ebf37f7,40.413743,-86.857816,42,8051.43
bb92f4e4-7c69-4f9a-a86b-ab4a6ebf37f7,40.4060080534625,-86.8287046961493,17,2900.5
aacfedab-6f68-4a78-8641-b932f17dbff6,40.449890968197,-86.9008601844824,25,5913.82
811f6866-bf6b-4d63-b690-9320b35cc663,40.4111329785537,-86.8388943049668,40,8621.91
79dad13b-4042-4d5e-a786-240646d7578c,40.4051772001491,-86.8952409562612,77,10990.87
007b678c-d15d-4e6a-8928-cab840ddf344,40.4198983902969,-86.9004151463672,30,5748.87
7261420d-8225-42cc-8837-046368279776,40.4424277211683,-86.9422211910618,24,4634.54
79dad13b-4042-4d5e-a786-240646d7578c,40.4051798823583,-86.896281653421,78,11078.93
12648a3c-ba8d-48be-8a85-8681ac0d9bff,40.424234,-86.918942,23,2622.83
33ace3e0-53ff-4dc0-a898-bd50817a1644,40.4369935653802,-86.8622041858556,3,758.71
76f6f48e-6195-424d-9f43-c18c77e27a27,40.413437,-86.886683,8,1449.62
007b678c-d15d-4e6a-8928-cab840ddf344,40.45141,-86.87723,2,618.9
de154292-7fe9-40e4-9e11-8776303bf1c6,40.4176740784636,-86.8499257177771,17,3355.1
106b7a4b-c510-4c36-84f3-e9ba6c6a9e1a,40.392986,-86.848269,41,6137.48
ff80a8f5-2afb-449a-8e43-76f253357b41,40.4678332359637,-86.9473175422508,22,2379.79
76f6f48e-6195-424d-9f43-c18c77e27a27,40.417284692364,-86.8942324456115,2,395.06
0b4c0e9d-9ceb-4424-84ef-0c222182a7ed,40.420295,-86.91458,12,1763.91
7218f1c2-a821-475e-840c-a049d1a625b1,40.4461616075283,-86.9242155455055,52,2542.86
bc162fca-a6bc-4e4e-99d8-3f4648da05ea,40.3816421903415,-86.8830743536267,31,3879.6
27d96cf3-940c-495a-ba0e-94d497c2f149,40.3918825738783,-86.8711074573775,40,5749.15
bb92f4e4-7c69-4f9a-a86b-ab4a6ebf37f7,40.3988619386471,-86.805584091281,4,257.28
c5e3979b-c192-42fb-860c-c4c246c5eec0,40.4172699402135,-86.8942485388666,5,559.23
f71ad2a5-ff13-4379-adc1-e257c3e59f53,40.3818527091654,-86.8863923481937,72,7878.28
de154292-7fe9-40e4-9e11-8776303bf1c6,40.4223961469012,-86.8508660791608,27,3923.45
624d1f32-a356-47fb-b477-afd271f462cd,40.451936,-86.92413,38,5070.46
811f6866-bf6b-4d63-b690-9320b35cc663,40.3925316531316,-86.8494245131389,65,13172.62
7218f1c2-a821-475e-840c-a049d1a625b1,40.4554281195146,-86.9300595914689,18,1094.11
77ef10ae-585a-4bc9-adff-fc125f0932d2,40.4186298005971,-86.8499334228265,20,3460.01
26ecb9dd-aec2-4972-9d24-ee2ae9653374,40.4321843643298,-86.8685073774163,85,10137.24
7218f1c2-a821-475e-840c-a049d1a625b1,40.4281449573126,-86.9308231431736,95,6578.78
70814020-a9b7-44ef-a20e-fb5aff6b77a5,40.4491110757261,-86.9393845999735,4,239.59
27d96cf3-940c-495a-ba0e-94d497c2f149,40.4202847985979,-86.8954844080749,78,11518.38
56fdf086-7941-45a1-afb3-b928148109a2,40.4372793389314,-86.9157795729205,15,1707.59
5394dfa6-526f-417d-96b5-51e5d4ce396d,40.424038773752,-86.9116664127676,13,705.97
62c1143c-029a-4b43-9f4f-6d6f9c55bc76,40.4189771663533,-86.868225745453,14,2315.22
716a1134-702e-43b2-8984-fd6f12a926a3,40.4308808106709,-86.9057552162263,24,5481.25
7110f3dc-2167-4bfb-8a75-b40c6791c80c,40.4059724751694,-86.8286859589032,21,2901.11
7218f1c2-a821-475e-840c-a049d1a625b1,40.4211699024294,-86.9021043777188,126,9521.72
75965b70-7ad7-4945-be19-cfb16a1b3fa6,40.3929774762274,-86.8482085042886,6,316.67
12648a3c-ba8d-48be-8a85-8681ac0d9bff,40.4301243786022,-86.9316686793077,29,4264.7
c5ec81b9-e850-475e-af29-7b3b1d08551d,40.4474555222664,-86.899512374372,46,4649.96
b2e6d44b-e65b-45c2-9323-7fe8ca8c9945,40.426621,-86.908275,12,2545.72
7426c1e2-6b00-4c5f-8636-b34180893ecb,40.3831292220866,-86.8434725212102,13,2227.56
42719558-c2a4-467d-8614-840defe90744,40.4664588292702,-86.9389539113606,26,1478.17
811f6866-bf6b-4d63-b690-9320b35cc663,40.4218310369152,-86.8930992122352,3,396.58
26ecb9dd-aec2-4972-9d24-ee2ae9653374,40.398659,-86.838397,29,2873.38
132fa334-e471-472b-921c-7d18439221cb,40.414034,-86.886556,15,3944.35
2a068c67-dc1e-4ead-a035-c4161cb0a07e,40.3920779883494,-86.8481837389972,4,156.86
de154292-7fe9-40e4-9e11-8776303bf1c6,40.4177916298981,-86.823625971295,10,1130.01
79dad13b-4042-4d5e-a786-240646d7578c,40.4101969546197,-86.8942927953179,88,11872.59
a0020965-2b60-4e70-a047-a1b071f6ff20,40.431280459838,-86.9153011986793,30,1499.3
62c1143c-029a-4b43-9f4f-6d6f9c55bc76,40.4243869316548,-86.8605546840816,20,3547.15
b4417114-9ce7-42e9-936b-536f4ec21247,40.4200715076966,-86.8954126176484,46,8667.02
27d96cf3-940c-495a-ba0e-94d497c2f149,40.4093129626712,-86.876896592459,62,8886.91
0e410d81-233b-4f4e-b644-b926ae73d696,40.433754818231,-86.9269857617801,49,3677.73
7e415f9d-0dfe-4239-b4f5-b467213b6c43,40.3995237600387,-86.8053126162654,3,178.96
77ef10ae-585a-4bc9-adff-fc125f0932d2,40.4220482958584,-86.860636434593,36,5378.92
55c5e2f3-e55e-4b4b-b0e1-0f46278e7d95,40.4711961938064,-86.9455963471058,63,8482.92
f71ad2a5-ff13-4379-adc1-e257c3e59f53,40.387018644036,-86.9121938593503,34,5384.27
716a1134-702e-43b2-8984-fd6f12a926a3,40.4510563880835,-86.9158430049326,13,2968.51
624d1f32-a356-47fb-b477-afd271f462cd,40.4721138474382,-86.9390830195452,13,1586.77
cb61ff86-9f1a-46c0-9881-c76c0287240f,40.4202184380001,-86.894243274008,111,12996.76
42719558-c2a4-467d-8614-840defe90744,40.4668880588455,-86.9470349320999,15,695.6
a9ab1807-2920-4cd6-b08d-3a8d7d8d9820,40.4029737653121,-86.8321393032157,27,7386.91
2722571e-4f1d-44f8-adbb-bbb7443b4f43,40.39168,-86.84966,0,0
70814020-a9b7-44ef-a20e-fb5aff6b77a5,40.4308521164984,-86.9320122080927,82,9272.54
a9ab1807-2920-4cd6-b08d-3a8d7d8d9820,40.39684,-86.809643,45,13164.52
a9ab1807-2920-4cd6-b08d-3a8d7d8d9820,40.420934156481,-86.894816393924,3,112.48
db416ff3-0f30-49ce-a448-0bba8f984215,40.425894583815,-86.8774082885628,18,2792.83
0e410d81-233b-4f4e-b644-b926ae73d696,40.4272102074152,-86.9219798995244,13,1978.02
27d96cf3-940c-495a-ba0e-94d497c2f149,40.3934377263544,-86.8720943145599,46,6016.99
7110f3dc-2167-4bfb-8a75-b40c6791c80c,40.4201565662379,-86.895628431776,73,10959.7
f42d1f15-dd59-4025-b28f-99a130b2d962,40.4218860222033,-86.8904746705576,22,3939.67
70814020-a9b7-44ef-a20e-fb5aff6b77a5,40.4315537322043,-86.9284937293848,75,8956.62
ff80a8f5-2afb-449a-8e43-76f253357b41,40.4598148675056,-86.9340055120325,6,391.13
811f6866-bf6b-4d63-b690-9320b35cc663,40.420813,-86.839346,37,7545.24
2090d1c1-77f9-4733-97f2-b4e97249c6ab,40.44019,-86.88508,6,2053.05
f71ad2a5-ff13-4379-adc1-e257c3e59f53,40.3845013907255,-86.911375785552,40,5676.14
fa1bfc2a-4aa5-4966-81d1-33a2a1ea14c6,40.4293452459183,-86.9117512948365,14,3043.56
7218f1c2-a821-475e-840c-a049d1a625b1,40.4240138845285,-86.9110540519744,118,8678.73
a793c083-222b-4293-9d4e-f7454bbd6855,40.4320596416032,-86.8870655826965,64,6871.25
f0bfdbab-3f2e-40c7-823b-27ed6dd81e54,40.4322648306051,-86.8558379623794,64,9033.08
ae80f7da-68bb-4e11-82d9-4e434fd30733,40.4377271495895,-86.8713813645471,31,4287.72
12f97034-fc21-44ef-b9d2-1b478749ee65,40.4473010188003,-86.9408605647778,37,1008.01
56fdf086-7941-45a1-afb3-b928148109a2,40.4520218718436,-86.9244819230384,41,4020.43
33ace3e0-53ff-4dc0-a898-bd50817a1644,40.4281771438228,-86.8740756436631,16,2385.38
7110f3dc-2167-4bfb-8a75-b40c6791c80c,40.4182328533073,-86.8797967958329,61,9409.37
007b678c-d15d-4e6a-8928-cab840ddf344,40.425327439999,-86.9289336991006,63,9263.84
3081f37d-fdeb-4b5a-8813-07fa7cc93ba2,40.4241004603311,-86.9117837614022,33,2641.56
a9ab1807-2920-4cd6-b08d-3a8d7d8d9820,40.4069730579865,-86.8290878748619,31,8099.85
bb92f4e4-7c69-4f9a-a86b-ab4a6ebf37f7,40.3987953702393,-86.807144725871,6,390.52
7e415f9d-0dfe-4239-b4f5-b467213b6c43,40.4174197009031,-86.8757738078906,37,8997.57
5394dfa6-526f-417d-96b5-51e5d4ce396d,40.4257047496037,-86.914867800958,29,1197.14
42719558-c2a4-467d-8614-840defe90744,40.4397427705542,-86.9179113014666,41,4967.35
26ecb9dd-aec2-4972-9d24-ee2ae9653374,40.4321159679959,-86.880166940699,89,11123.52
55c5e2f3-e55e-4b4b-b0e1-0f46278e7d95,40.4345660903018,-86.915227316387,20,3400.64
7426c1e2-6b00-4c5f-8636-b34180893ecb,40.4200876009517,-86.8954273697989,57,11328.69
e585597e-0bea-47a2-b2ad-5525a03f22ee,40.4241700468812,-86.9166049236817,1,400.48
007b678c-d15d-4e6a-8928-cab840ddf344,40.4248015835763,-86.8869864575259,13,3786.27
8893a0f4-c34d-4fc9-a9fb-8e833fee37ca,40.4263210550738,-86.8728029354097,17,2573.35
12f97034-fc21-44ef-b9d2-1b478749ee65,40.4464699201007,-86.9405001527126,41,1109.8
12f97034-fc21-44ef-b9d2-1b478749ee65,40.4468551043012,-86.9448525525157,66,2030.51
a793c083-222b-4293-9d4e-f7454bbd6855,40.4261988745332,-86.9223965136232,8,926.8
27d96cf3-940c-495a-ba0e-94d497c2f149,40.4015190212813,-86.8695428401736,56,7746.49
c5ec81b9-e850-475e-af29-7b3b1d08551d,40.4517953367111,-86.903172248791,38,4061.86
db416ff3-0f30-49ce-a448-0bba8f984215,40.4307,-86.8707,13,1947.56
a9ab1807-2920-4cd6-b08d-3a8d7d8d9820,40.3887901396123,-86.8096814274113,42,12267.51
811f6866-bf6b-4d63-b690-9320b35cc663,40.4320328195114,-86.8777046726766,15,2835.02
12f97034-fc21-44ef-b9d2-1b478749ee65,40.4492070048575,-86.940420087601,6,332.18
7110f3dc-2167-4bfb-8a75-b40c6791c80c,40.4066470507769,-86.8326784272598,28,3357.63
fa1bfc2a-4aa5-4966-81d1-33a2a1ea14c6,40.432242,-86.914828,16,3457.49
d1a4f0a7-715f-4996-8eb3-283cae447608,40.4370993212484,-86.962124535658,32,2079.76
5001d1c6-c1ea-4d03-b8eb-45705b3c0f70,40.4242502446188,-86.9191815178449,10,1381.63
27d96cf3-940c-495a-ba0e-94d497c2f149,40.416095132595,-86.8771709130508,67,9645.14
7e415f9d-0dfe-4239-b4f5-b467213b6c43,40.4052455964831,-86.8279255526021,15,2788.63
e585597e-0bea-47a2-b2ad-5525a03f22ee,40.4332250807272,-86.9261825327946,21,2211.05
56fdf086-7941-45a1-afb3-b928148109a2,40.4660966333005,-86.9277857820658,62,5812.67
75965b70-7ad7-4945-be19-cfb16a1b3fa6,40.3942144834175,-86.8484753197126,10,510.73
e335420d-ceb4-49cd-a60e-a8a967b18129,40.424302941576,-86.9217937006617,8,1749.88
3081f37d-fdeb-4b5a-8813-07fa7cc93ba2,40.4352623974098,-86.9249749406694,1,8.7
5001d1c6-c1ea-4d03-b8eb-45705b3c0f70,40.4172054776172,-86.9244414075842,42,3252.26
56fdf086-7941-45a1-afb3-b928148109a2,40.4363806805838,-86.9153011986793,13,1599.39
33ace3e0-53ff-4dc0-a898-bd50817a1644,40.434413,-86.86357,6,1090.11
b2e6d44b-e65b-45c2-9323-7fe8ca8c9945,40.4256397739434,-86.902135574945,14,3080.49
cb61ff86-9f1a-46c0-9881-c76c0287240f,40.4051973167179,-86.8941908713693,94,10909.76
76f6f48e-6195-424d-9f43-c18c77e27a27,40.388000332594,-86.879344843587,29,6384.07
56fdf086-7941-45a1-afb3-b928148109a2,40.4777478705228,-86.9351567538729,87,8514.93
811f6866-bf6b-4d63-b690-9320b35cc663,40.4320367875618,-86.8451710229927,24,5586.84
a793c083-222b-4293-9d4e-f7454bbd6855,40.44021,-86.88472,68,7803.49
0e410d81-233b-4f4e-b644-b926ae73d696,40.4332943920259,-86.9266448172888,31,3079.37
12f97034-fc21-44ef-b9d2-1b478749ee65,40.449047465679,-86.9415213923978,26,785.05
5394dfa6-526f-417d-96b5-51e5d4ce396d,40.4276342638352,-86.921808469102,56,3535.25
0b4c0e9d-9ceb-4424-84ef-0c222182a7ed,40.4281405845635,-86.9103049996057,22,3301.48
6c20d044-6cfd-4f7b-af03-b2fd1fb8325b,40.4203939818602,-86.8954882762076,1,67.5
29c28934-efe6-48d7-bf29-bf7cd63335d7,40.4501533931225,-86.9252041067028,30,3615.99
70814020-a9b7-44ef-a20e-fb5aff6b77a5,40.4455391738851,-86.9440527438219,86,11212.95
3c435a70-bd1f-4d17-86ca-139de51f22c9,40.430362,-86.913149,33,6389.76
70814020-a9b7-44ef-a20e-fb5aff6b77a5,40.4481536164973,-86.9445305827425,91,11564.68
0e410d81-233b-4f4e-b644-b926ae73d696,40.4331915338749,-86.92314800162,60,4082.39
9d713986-ad91-4d78-895f-ae03d84ed071,40.450424121287,-86.9193746659126,26,3488.98
f0bfdbab-3f2e-40c7-823b-27ed6dd81e54,40.4064157004464,-86.8348438399349,40,4177.39
a9ab1807-2920-4cd6-b08d-3a8d7d8d9820,40.4029630364754,-86.8345130583354,26,7186.04
70814020-a9b7-44ef-a20e-fb5aff6b77a5,40.4240970292889,-86.9155432659325,64,7059.81
106b7a4b-c510-4c36-84f3-e9ba6c6a9e1a,40.399188707075,-86.8537313653166,27,5147.33
bb92f4e4-7c69-4f9a-a86b-ab4a6ebf37f7,40.4030981669803,-86.8274422122658,13,2534.2
5394dfa6-526f-417d-96b5-51e5d4ce396d,40.4254945729018,-86.9137486563109,21,1039.52
f0bfdbab-3f2e-40c7-823b-27ed6dd81e54,40.3924296082366,-86.8382503962515,17,1921.96
007b678c-d15d-4e6a-8928-cab840ddf344,40.419735141563,-86.9102795391967,46,7095.82
56fdf086-7941-45a1-afb3-b928148109a2,40.4648024842656,-86.9245277129466,56,5452.41
7110f3dc-2167-4bfb-8a75-b40c6791c80c,40.403048867169,-86.8341187735867,39,3920.64
5a3bff2c-b3f2-4911-8ef6-442c2d85d857,40.4062825243599,-86.8387160023037,41,9138.86
ff80a8f5-2afb-449a-8e43-76f253357b41,40.4680229776129,-86.9551818097458,29,3088.56
7426c1e2-6b00-4c5f-8636-b34180893ecb,40.39185,-86.84846,2,119.89
62c1143c-029a-4b43-9f4f-6d6f9c55bc76,40.4152902329665,-86.8269249467158,54,7525.21
de154292-7fe9-40e4-9e11-8776303bf1c6,40.420085,-86.884236,57,7729.84
0b4c0e9d-9ceb-4424-84ef-0c222182a7ed,40.4388207282837,-86.9188655973018,32,4833.61
7110f3dc-2167-4bfb-8a75-b40c6791c80c,40.4175470685925,-86.8640436029857,52,8038.22
70814020-a9b7-44ef-a20e-fb5aff6b77a5,40.4477732621784,-86.9443999624502,28,1705.68
624d1f32-a356-47fb-b477-afd271f462cd,40.4649092142236,-86.9264144699716,32,3479.85
cb61ff86-9f1a-46c0-9881-c76c0287240f,40.3851585319733,-86.911268497185,70,7164.05
a9ab1807-2920-4cd6-b08d-3a8d7d8d9820,40.3924163470563,-86.8109279178583,38,11292.13
a9ab1807-2920-4cd6-b08d-3a8d7d8d9820,40.413971,-86.8582,18,3979.73
cb61ff86-9f1a-46c0-9881-c76c0287240f,40.367268,-86.865301,11,765.7
a9ab1807-2920-4cd6-b08d-3a8d7d8d9820,40.4172962620423,-86.881858922984,11,1611.38
f8091890-6a74-4783-b6f3-0328c8090a51,40.4234980299174,-86.9216714454694,21,2038.98
7218f1c2-a821-475e-840c-a049d1a625b1,40.420805,-86.901506,129,9590.1
716a1134-702e-43b2-8984-fd6f12a926a3,40.4605558865622,-86.9307033238947,4,671.61
811f6866-bf6b-4d63-b690-9320b35cc663,40.3913824437331,-86.8436927634403,58,12355.15
5001d1c6-c1ea-4d03-b8eb-45705b3c0f70,40.4359850547305,-86.9186553012523,0,0
e585597e-0bea-47a2-b2ad-5525a03f22ee,40.433148669331,-86.9227973654631,12,1913.05
bb92f4e4-7c69-4f9a-a86b-ab4a6ebf37f7,40.4043849137078,-86.8326551884772,25,3602.97
75965b70-7ad7-4945-be19-cfb16a1b3fa6,40.3910339111706,-86.8710715693874,38,5653.67
cb61ff86-9f1a-46c0-9881-c76c0287240f,40.3953999101234,-86.8965150293978,85,9643.8
27d96cf3-940c-495a-ba0e-94d497c2f149,40.382042559712,-86.8445599893864,23,2434.26
7e415f9d-0dfe-4239-b4f5-b467213b6c43,40.4202862055788,-86.8955977507531,51,10936.07
12648a3c-ba8d-48be-8a85-8681ac0d9bff,40.4198219456768,-86.9002101751873,11,880.51
5a3bff2c-b3f2-4911-8ef6-442c2d85d857,40.3924373954043,-86.8458257432463,64,12561.86
5001d1c6-c1ea-4d03-b8eb-45705b3c0f70,40.4206998469617,-86.9221109264494,17,2011.58
f8091890-6a74-4783-b6f3-0328c8090a51,40.4530462301222,-86.9574057671735,46,7994.63
132fa334-e471-472b-921c-7d18439221cb,40.3921993630524,-86.8763367685691,3,722.23
106b7a4b-c510-4c36-84f3-e9ba6c6a9e1a,40.4059255365089,-86.8650580564176,17,3428.35
12648a3c-ba8d-48be-8a85-8681ac0d9bff,40.4194963871038,-86.9001717368824,10,844.19
bc162fca-a6bc-4e4e-99d8-3f4648da05ea,40.3964761135862,-86.8952369329474,78,9800.19
aacfedab-6f68-4a78-8641-b932f17dbff6,40.4371008537472,-86.8993031620564,20,4459.42
f0bfdbab-3f2e-40c7-823b-27ed6dd81e54,40.4277520136685,-86.8870856992654,78,12177.4
3c435a70-bd1f-4d17-86ca-139de51f22c9,40.4603998637438,-86.9189771663533,9,1671.8
12648a3c-ba8d-48be-8a85-8681ac0d9bff,40.4307505339191,-86.9317816059217,30,4334.93
56fdf086-7941-45a1-afb3-b928148109a2,40.4340002199411,-86.9151375839196,11,1334.5
7e415f9d-0dfe-4239-b4f5-b467213b6c43,40.4032115282862,-86.8322620226112,22,3728.87
b8c15b96-4ecb-4c22-87aa-527ace63b880,40.388125364001,-86.8710768966818,48,6643.27
2722571e-4f1d-44f8-adbb-bbb7443b4f43,40.4165636905592,-86.8776609856829,22,4013.57
5a3bff2c-b3f2-4911-8ef6-442c2d85d857,40.4200326156636,-86.8942311045069,1,89.81
75965b70-7ad7-4945-be19-cfb16a1b3fa6,40.4182816806676,-86.8866477638866,71,10551.08
cb61ff86-9f1a-46c0-9881-c76c0287240f,40.3847296377023,-86.9046648927928,63,6585.24
007b678c-d15d-4e6a-8928-cab840ddf344,40.4195935796556,-86.9001820648281,27,5704.05
55c5e2f3-e55e-4b4b-b0e1-0f46278e7d95,40.4313690353094,-86.9139683670818,16,3013.71
79dad13b-4042-4d5e-a786-240646d7578c,40.3672413746858,-86.8710313362498,8,1248.11
12f97034-fc21-44ef-b9d2-1b478749ee65,40.4500746995255,-86.9418416584636,12,537.46
b2e6d44b-e65b-45c2-9323-7fe8ca8c9945,40.4479678242188,-86.8994976222216,26,5668.07
75965b70-7ad7-4945-be19-cfb16a1b3fa6,40.3819726891603,-86.8549920209801,25,3317.32
76f6f48e-6195-424d-9f43-c18c77e27a27,40.406408,-86.88642,10,2231
0e410d81-233b-4f4e-b644-b926ae73d696,40.4346798468042,-86.9252810393237,38,3336.08
bc162fca-a6bc-4e4e-99d8-3f4648da05ea,40.3879115189385,-86.9046754009793,51,6221.4
b8c15b96-4ecb-4c22-87aa-527ace63b880,40.3836149205932,-86.8762871251278,54,7584.98
12f97034-fc21-44ef-b9d2-1b478749ee65,40.4481178957598,-86.9455604333548,64,1877.95
5394dfa6-526f-417d-96b5-51e5d4ce396d,40.42497,-86.908061,5,279.18
7426c1e2-6b00-4c5f-8636-b34180893ecb,40.3888905826427,-86.8389278995047,10,1480.58
5a3bff2c-b3f2-4911-8ef6-442c2d85d857,40.3938117680837,-86.8492471790468,68,12945.91
bb92f4e4-7c69-4f9a-a86b-ab4a6ebf37f7,40.4182909224353,-86.8837724577338,52,10700.86
bb92f4e4-7c69-4f9a-a86b-ab4a6ebf37f7,40.4028979255134,-86.8561252701099,39,6740.32
c5ec81b9-e850-475e-af29-7b3b1d08551d,40.4727769179807,-86.8967161713073,24,1489.98
7218f1c2-a821-475e-840c-a049d1a625b1,40.4239527852023,-86.9083331736224,119,8908.99
ed975a1b-9d65-44e7-b9a1-fd5ab53a748b,40.4457222434857,-86.9620991091795,1,210.24
132fa334-e471-472b-921c-7d18439221cb,40.4183297415957,-86.8930130111406,22,4953.52
ed975a1b-9d65-44e7-b9a1-fd5ab53a748b,40.4543166133354,-86.9618965364633,6,1263.58
27d96cf3-940c-495a-ba0e-94d497c2f149,40.3918880402065,-86.8719866574125,42,5823.75
75965b70-7ad7-4945-be19-cfb16a1b3fa6,40.395135238301,-86.876390727853,50,6564.83
62c1143c-029a-4b43-9f4f-6d6f9c55bc76,40.4157811269942,-86.829315619707,48,7308.82
f71ad2a5-ff13-4379-adc1-e257c3e59f53,40.3815871704571,-86.8765660748819,80,8714.45
624d1f32-a356-47fb-b477-afd271f462cd,40.4523409115877,-86.9245518263463,37,5013.04
e8ff9056-010e-480e-be87-5fbfd502f830,40.4299180811076,-86.9479764401506,43,3528.42
3081f37d-fdeb-4b5a-8813-07fa7cc93ba2,40.4240199539953,-86.9104005093347,32,2524.21
bb92f4e4-7c69-4f9a-a86b-ab4a6ebf37f7,40.403043088625,-86.832619662467,29,3775
9e21239f-d54e-46e6-abcb-648b572ea90f,40.4164102921731,-86.886651181379,16,4212.76
42719558-c2a4-467d-8614-840defe90744,40.4699012002691,-86.9457060033128,7,289.99
9e21239f-d54e-46e6-abcb-648b572ea90f,40.4182681114532,-86.8884775300565,18,4570.42
e8ff9056-010e-480e-be87-5fbfd502f830,40.4527907704318,-86.9622747829334,12,317.12
7218f1c2-a821-475e-840c-a049d1a625b1,40.452088,-86.926868,23,1555.97
70814020-a9b7-44ef-a20e-fb5aff6b77a5,40.4313251736108,-86.9327165445144,83,9351.99
fa1bfc2a-4aa5-4966-81d1-33a2a1ea14c6,40.4389354848227,-86.9074436669018,27,5555.92
12648a3c-ba8d-48be-8a85-8681ac0d9bff,40.4465493110174,-86.9369654830278,47,7212.56
811f6866-bf6b-4d63-b690-9320b35cc663,40.4179066636917,-86.8390657766615,38,7869.06
f42d1f15-dd59-4025-b28f-99a130b2d962,40.4386525117548,-86.881294809657,6,1325.49
c5ec81b9-e850-475e-af29-7b3b1d08551d,40.4319925863738,-86.8992522000821,58,6570.71
3081f37d-fdeb-4b5a-8813-07fa7cc93ba2,40.4314036118357,-86.9192493137371,23,1163.68
c5e3979b-c192-42fb-860c-c4c246c5eec0,40.4059590641236,-86.832612713135,34,8705.46
a0020965-2b60-4e70-a047-a1b071f6ff20,40.4330540073146,-86.9226402883489,17,704.25
27d96cf3-940c-495a-ba0e-94d497c2f149,40.3917025262356,-86.8446633861562,14,937.92
75965b70-7ad7-4945-be19-cfb16a1b3fa6,40.3914893243616,-86.8490158978646,2,60.07
79dad13b-4042-4d5e-a786-240646d7578c,40.3837275733785,-86.8951229390575,33,4941.37
f0bfdbab-3f2e-40c7-823b-27ed6dd81e54,40.421887,-86.892951,85,13345.81
12f97034-fc21-44ef-b9d2-1b478749ee65,40.4311020929278,-86.93265509204,80,4082.93
56fdf086-7941-45a1-afb3-b928148109a2,40.452315685291,-86.9219343019685,37,3792.09
2a068c67-dc1e-4ead-a035-c4161cb0a07e,40.4026805850601,-86.8603329963172,22,1890.08
12f97034-fc21-44ef-b9d2-1b478749ee65,40.4418092361785,-86.9416091272929,75,2662.18
62c1143c-029a-4b43-9f4f-6d6f9c55bc76,40.4157715706976,-86.8285303130176,49,7375.27
56fdf086-7941-45a1-afb3-b928148109a2,40.4792395487015,-86.9345695808104,90,8707.19
7218f1c2-a821-475e-840c-a049d1a625b1,40.4241272599978,-86.9171491571242,113,8159
db416ff3-0f30-49ce-a448-0bba8f984215,40.4331539829465,-86.8654308834929,8,1311.27
bc162fca-a6bc-4e4e-99d8-3f4648da05ea,40.405164770206,-86.8929737062019,84,10797
9d713986-ad91-4d78-895f-ae03d84ed071,40.436737,-86.915429,9,1641.25
a9ab1807-2920-4cd6-b08d-3a8d7d8d9820,40.417262,-86.893175,6,653.99
62c1143c-029a-4b43-9f4f-6d6f9c55bc76,40.4248234058328,-86.8555342669224,22,4025
42719558-c2a4-467d-8614-840defe90744,40.4305706396751,-86.9132814023053,50,6099.99
716a1134-702e-43b2-8984-fd6f12a926a3,40.4308459419516,-86.9080364351294,25,5674.24
bc162fca-a6bc-4e4e-99d8-3f4648da05ea,40.3933015702106,-86.9021351004759,71,9101.14
7426c1e2-6b00-4c5f-8636-b34180893ecb,40.3924343748975,-86.8476922626758,3,211.75
7afb54ae-31a1-4536-b273-c1a67b17e963,40.4029536487432,-86.8098300284046,36,10089.5
d1a4f0a7-715f-4996-8eb3-283cae447608,40.4399253101334,-86.9619638010962,24,1755.46
7afb54ae-31a1-4536-b273-c1a67b17e963,40.4172699402135,-86.8942592677032,5,561.15
c5ec81b9-e850-475e-af29-7b3b1d08551d,40.471575339133,-86.8885591258693,9,388.97
27d96cf3-940c-495a-ba0e-94d497c2f149,40.3939753012104,-86.8487275895167,9,476.64
27d96cf3-940c-495a-ba0e-94d497c2f149,40.3996935041277,-86.8717498116897,55,7470.76
d1a4f0a7-715f-4996-8eb3-283cae447608,40.4242630035403,-86.9411834111708,40,4389.55
2a068c67-dc1e-4ead-a035-c4161cb0a07e,40.4218538356932,-86.8930938478168,40,5791.99
b4417114-9ce7-42e9-936b-536f4ec21247,40.4190737600264,-86.8675121440035,34,6286.49
f71ad2a5-ff13-4379-adc1-e257c3e59f53,40.3846422067071,-86.9027229787542,51,6418.8
de154292-7fe9-40e4-9e11-8776303bf1c6,40.4200690691061,-86.8881568576724,59,8061.53
c5ec81b9-e850-475e-af29-7b3b1d08551d,40.457171825002,-86.9027846695652,34,3458.7
a9ab1807-2920-4cd6-b08d-3a8d7d8d9820,40.4174536498338,-86.8642709099534,15,3099.49
27d96cf3-940c-495a-ba0e-94d497c2f149,40.4207112145848,-86.8948077794795,79,11592.69
42719558-c2a4-467d-8614-840defe90744,40.4503624126846,-86.9251241748746,35,3630.55
5001d1c6-c1ea-4d03-b8eb-45705b3c0f70,40.41925111346,-86.9220462520651,39,2941.1
fa1bfc2a-4aa5-4966-81d1-33a2a1ea14c6,40.4480804770041,-86.9156713435454,33,6804.9
79dad13b-4042-4d5e-a786-240646d7578c,40.3924828036141,-86.9033861631738,60,8949.1
27d96cf3-940c-495a-ba0e-94d497c2f149,40.3820355233045,-86.8489263930326,24,2803.85
5394dfa6-526f-417d-96b5-51e5d4ce396d,40.4258210154089,-86.908091845173,2,181.35
7426c1e2-6b00-4c5f-8636-b34180893ecb,40.4182816806676,-86.8866477638866,52,10389.06
5394dfa6-526f-417d-96b5-51e5d4ce396d,40.4313632956425,-86.9150987506038,73,4511.14
62c1143c-029a-4b43-9f4f-6d6f9c55bc76,40.41787505996,-86.8499479656778,35,5276.79
7261420d-8225-42cc-8837-046368279776,40.4460885921751,-86.9225823648235,17,2332.86
b8c15b96-4ecb-4c22-87aa-527ace63b880,40.4092775200384,-86.876887651471,18,2659.16
b8c15b96-4ecb-4c22-87aa-527ace63b880,40.3816730011507,-86.8724904580409,57,8113.58
7218f1c2-a821-475e-840c-a049d1a625b1,40.4242537324113,-86.9231876849668,109,7646.74
26ecb9dd-aec2-4972-9d24-ee2ae9653374,40.4059220819901,-86.8343738044326,40,4104.05
f0bfdbab-3f2e-40c7-823b-27ed6dd81e54,40.4112560695348,-86.838716566553,43,5030.69
12648a3c-ba8d-48be-8a85-8681ac0d9bff,40.4591050484133,-86.9349664698591,66,10709.62
6c20d044-6cfd-4f7b-af03-b2fd1fb8325b,40.4607552564594,-86.9241310312826,41,8929.9
7afb54ae-31a1-4536-b273-c1a67b17e963,40.4172766457365,-86.891884171479,7,762.1
a9ab1807-2920-4cd6-b08d-3a8d7d8d9820,40.4022173823248,-86.807894814485,50,13924.86
106b7a4b-c510-4c36-84f3-e9ba6c6a9e1a,40.396992,-86.852573,34,5475
cb61ff86-9f1a-46c0-9881-c76c0287240f,40.3828209866775,-86.888169311772,42,4351.03
e8ff9056-010e-480e-be87-5fbfd502f830,40.4385094439548,-86.9619917371867,29,1916.29
d1a4f0a7-715f-4996-8eb3-283cae447608,40.431817800233,-86.9503691846021,35,3235.23
ae80f7da-68bb-4e11-82d9-4e434fd30733,40.4320448894528,-86.874427013065,24,3391.92
7261420d-8225-42cc-8837-046368279776,40.4542169893091,-86.9287727177906,9,1251.65
624d1f32-a356-47fb-b477-afd271f462cd,40.4677746232659,-86.938909044303,17,2070.63
bb92f4e4-7c69-4f9a-a86b-ab4a6ebf37f7,40.400129552202,-86.8049180950668,2,104.59
7426c1e2-6b00-4c5f-8636-b34180893ecb,40.38449,-86.86938,23,4764.78
c5ec81b9-e850-475e-af29-7b3b1d08551d,40.423842,-86.903363,61,7541.39
12f97034-fc21-44ef-b9d2-1b478749ee65,40.4309050649816,-86.932396232658,82,4114.54
fa1bfc2a-4aa5-4966-81d1-33a2a1ea14c6,40.4472665693229,-86.9150433277702,32,6700.02
aacfedab-6f68-4a78-8641-b932f17dbff6,40.4241982727174,-86.9184293246693,1,554.84
9d713986-ad91-4d78-895f-ae03d84ed071,40.4652433434197,-86.9305210092696,69,6083.59
c5ec81b9-e850-475e-af29-7b3b1d08551d,40.4713467561335,-86.8915818095946,16,710.81
811f6866-bf6b-4d63-b690-9320b35cc663,40.4207112145848,-86.8948077794795,0,0
7426c1e2-6b00-4c5f-8636-b34180893ecb,40.3934665498085,-86.8724353259258,33,5918.37
12f97034-fc21-44ef-b9d2-1b478749ee65,40.4312943591483,-86.9141357249359,104,5743.83
33ace3e0-53ff-4dc0-a898-bd50817a1644,40.4267864183656,-86.8921014304222,28,4131.73
bb92f4e4-7c69-4f9a-a86b-ab4a6ebf37f7,40.4070252010923,-86.8289462730183,19,3016.37
9d713986-ad91-4d78-895f-ae03d84ed071,40.4658889713529,-86.9284569370825,61,5873.82
106b7a4b-c510-4c36-84f3-e9ba6c6a9e1a,40.4138702400846,-86.8748306855458,13,2217.37
cb61ff86-9f1a-46c0-9881-c76c0287240f,40.3817755694526,-86.8761520569594,32,3299.99
5a3bff2c-b3f2-4911-8ef6-442c2d85d857,40.3925493593544,-86.8384652935544,57,11447.23
de154292-7fe9-40e4-9e11-8776303bf1c6,40.4200705126917,-86.8823531120368,55,7570.51
3c435a70-bd1f-4d17-86ca-139de51f22c9,40.426621,-86.908275,37,6994.99
f42d1f15-dd59-4025-b28f-99a130b2d962,40.4435649778584,-86.8696312230606,1,194.03
e585597e-0bea-47a2-b2ad-5525a03f22ee,40.4338861245303,-86.9266657946136,26,2363.83
bc162fca-a6bc-4e4e-99d8-3f4648da05ea,40.3703674213598,-86.8759528600469,19,2030.14
12648a3c-ba8d-48be-8a85-8681ac0d9bff,40.4462885616764,-86.9367558111367,40,7019.89
2722571e-4f1d-44f8-adbb-bbb7443b4f43,40.4218498123795,-86.8931032355489,31,5783.39
6c20d044-6cfd-4f7b-af03-b2fd1fb8325b,40.4258127764352,-86.9017547012421,10,2078.54
26ecb9dd-aec2-4972-9d24-ee2ae9653374,40.4284337029796,-86.8449153073656,73,7720.16
3081f37d-fdeb-4b5a-8813-07fa7cc93ba2,40.4279083449824,-86.9104432029678,31,2092.12
2713ba46-9e58-4dcd-8a32-2cb9dcf2490b,40.4318222660912,-86.8823676933269,10,2123.49
ff80a8f5-2afb-449a-8e43-76f253357b41,40.4684414600198,-86.9582002577064,38,3573.49
5001d1c6-c1ea-4d03-b8eb-45705b3c0f70,40.4207015174586,-86.922312474019,18,2028.63
c5e3979b-c192-42fb-860c-c4c246c5eec0,40.40296437758,-86.8321245510652,31,8366.15
42719558-c2a4-467d-8614-840defe90744,40.4722,-86.9459,0,0
7218f1c2-a821-475e-840c-a049d1a625b1,40.4207816898392,-86.9013450967504,130,9603.96
cb61ff86-9f1a-46c0-9881-c76c0287240f,40.3855206302119,-86.9114428407814,71,7206.91
7218f1c2-a821-475e-840c-a049d1a625b1,40.4361905834181,-86.9361043142011,82,5575.78
de154292-7fe9-40e4-9e11-8776303bf1c6,40.4189322328049,-86.8774693947436,50,7136.54
b8c15b96-4ecb-4c22-87aa-527ace63b880,40.4173071020559,-86.8837213440157,7,1286.61
7110f3dc-2167-4bfb-8a75-b40c6791c80c,40.4182550122835,-86.8929220084798,69,10520.05
bb92f4e4-7c69-4f9a-a86b-ab4a6ebf37f7,40.402981506246,-86.844450588425,33,4776.15
db416ff3-0f30-49ce-a448-0bba8f984215,40.4321897287482,-86.8660142639884,9,1429.23
106b7a4b-c510-4c36-84f3-e9ba6c6a9e1a,40.3951248139102,-86.8498800371809,35,5783.2
5a3bff2c-b3f2-4911-8ef6-442c2d85d857,40.420813,-86.839346,37,7523
12f97034-fc21-44ef-b9d2-1b478749ee65,40.4493153163094,-86.9422438321586,17,695.95
2722571e-4f1d-44f8-adbb-bbb7443b4f43,40.391500615567,-86.8489580958461,1,62.66
624d1f32-a356-47fb-b477-afd271f462cd,40.479493134954,-86.9312058302101,2,150.29
12f97034-fc21-44ef-b9d2-1b478749ee65,40.4308110244978,-86.9323200032736,83,4126.82
20e15c6a-5b6f-40ca-9df9-888a18a65225,40.424682225268,-86.8842090299254,10,1437.11
6c20d044-6cfd-4f7b-af03-b2fd1fb8325b,40.4331834872474,-86.910508090884,21,3969.83
e8ff9056-010e-480e-be87-5fbfd502f830,40.4529658652133,-86.961835306323,6,255.14
7afb54ae-31a1-4536-b273-c1a67b17e963,40.4173987048969,-86.858374585535,17,3597.45
56fdf086-7941-45a1-afb3-b928148109a2,40.461857955364,-86.9244737528741,55,5125.18
ae80f7da-68bb-4e11-82d9-4e434fd30733,40.4276862995438,-86.8822617460645,14,1965.73
7afb54ae-31a1-4536-b273-c1a67b17e963,40.4174536498338,-86.8642709099534,15,3098.38
aacfedab-6f68-4a78-8641-b932f17dbff6,40.4595496034354,-86.9014609993375,31,7081.61
33ace3e0-53ff-4dc0-a898-bd50817a1644,40.4207112145848,-86.8948077794795,33,4862.92
27d96cf3-940c-495a-ba0e-94d497c2f149,40.4182315122027,-86.879721693976,69,9966.14
cb61ff86-9f1a-46c0-9881-c76c0287240f,40.3835840751877,-86.8909427160586,45,4602.42
2a068c67-dc1e-4ead-a035-c4161cb0a07e,40.39185,-86.84846,3,122.39
b2e6d44b-e65b-45c2-9323-7fe8ca8c9945,40.4245414092864,-86.9190750669882,2,625.3
6a4db531-9f9e-496b-a86e-3d422ec5feed,40.4164102921731,-86.886651181379,16,4213.03
106b7a4b-c510-4c36-84f3-e9ba6c6a9e1a,40.3989359391162,-86.8533864797114,28,5187.84
26ecb9dd-aec2-4972-9d24-ee2ae9653374,40.4321924109574,-86.8589667593817,82,9330.27
6c20d044-6cfd-4f7b-af03-b2fd1fb8325b,40.4508190125715,-86.9156793901729,34,7121.36
5a3bff2c-b3f2-4911-8ef6-442c2d85d857,40.4214702594079,-86.8464553885453,34,6861.83
cb61ff86-9f1a-46c0-9881-c76c0287240f,40.3987114397307,-86.8941597893144,88,10072.95
26ecb9dd-aec2-4972-9d24-ee2ae9653374,40.4206019604965,-86.8459430152106,54,6716.71
79dad13b-4042-4d5e-a786-240646d7578c,40.3848460546044,-86.9108111805207,49,7097.83
62c1143c-029a-4b43-9f4f-6d6f9c55bc76,40.4244783773707,-86.8505566925142,25,4491.02
a9ab1807-2920-4cd6-b08d-3a8d7d8d9820,40.4174854976074,-86.8609208681023,16,3382.93
b4417114-9ce7-42e9-936b-536f4ec21247,40.4165591547822,-86.8134872206144,2,156.56
70814020-a9b7-44ef-a20e-fb5aff6b77a5,40.448048290494,-86.9444165792714,29,1736.27
29c28934-efe6-48d7-bf29-bf7cd63335d7,40.4675097694962,-86.9434743600128,16,1042.53
f0bfdbab-3f2e-40c7-823b-27ed6dd81e54,40.4321802813078,-86.8871897071407,75,11685.2
12f97034-fc21-44ef-b9d2-1b478749ee65,40.4491226338299,-86.9393827032961,4,243.65
cb61ff86-9f1a-46c0-9881-c76c0287240f,40.4098348563811,-86.8946039315822,105,11832.5
6c20d044-6cfd-4f7b-af03-b2fd1fb8325b,40.4332290848034,-86.9129582889651,20,3762.53
7218f1c2-a821-475e-840c-a049d1a625b1,40.4240390790937,-86.9117490594395,114,8615.91
106b7a4b-c510-4c36-84f3-e9ba6c6a9e1a,40.3981709900945,-86.8540131942504,31,5294.54
007b678c-d15d-4e6a-8928-cab840ddf344,40.4232907031664,-86.9103291234563,52,7492.48
12f97034-fc21-44ef-b9d2-1b478749ee65,40.4478990101627,-86.944450621105,54,1736.3
b4417114-9ce7-42e9-936b-536f4ec21247,40.4167308105859,-86.814016852917,3,205.26
5394dfa6-526f-417d-96b5-51e5d4ce396d,40.4274636083911,-86.9098305270991,82,5161.71
70814020-a9b7-44ef-a20e-fb5aff6b77a5,40.4482595895634,-86.9446514874758,93,11581.91
70814020-a9b7-44ef-a20e-fb5aff6b77a5,40.4315953097652,-86.9268298003347,74,8815.81
7218f1c2-a821-475e-840c-a049d1a625b1,40.4272562809719,-86.930625089036,99,6681.3
b4417114-9ce7-42e9-936b-536f4ec21247,40.4223961469012,-86.8508660791608,19,3908.97
7218f1c2-a821-475e-840c-a049d1a625b1,40.4601700545252,-86.9334373525673,11,468.33
56fdf086-7941-45a1-afb3-b928148109a2,40.4502474884284,-86.9194547116101,32,3462.75
7218f1c2-a821-475e-840c-a049d1a625b1,40.4520558071483,-86.9267269407744,24,1568.42
c5ec81b9-e850-475e-af29-7b3b1d08551d,40.4653085350583,-86.8996292932787,30,2514.96
f71ad2a5-ff13-4379-adc1-e257c3e59f53,40.3816408146406,-86.8763488159388,81,8733.78
f8091890-6a74-4783-b6f3-0328c8090a51,40.4266204150119,-86.9389637053345,28,3857.07
3081f37d-fdeb-4b5a-8813-07fa7cc93ba2,40.4338936419653,-86.9267651174155,7,234.31
56fdf086-7941-45a1-afb3-b928148109a2,40.4777412899566,-86.938677040364,85,8217.36
56fdf086-7941-45a1-afb3-b928148109a2,40.4275092737382,-86.9104128724583,4,478.88
7261420d-8225-42cc-8837-046368279776,40.4185252141074,-86.8991596638656,54,9840.45
f0bfdbab-3f2e-40c7-823b-27ed6dd81e54,40.432257,-86.847354,63,8315.49
9d713986-ad91-4d78-895f-ae03d84ed071,40.4653201930275,-86.929931335625,67,6033.01
132fa334-e471-472b-921c-7d18439221cb,40.412688261347,-86.886525166174,14,3794.79
bc162fca-a6bc-4e4e-99d8-3f4648da05ea,40.4050576709651,-86.8965820054813,88,11106.26
9d713986-ad91-4d78-895f-ae03d84ed071,40.4613581424169,-86.9245377587948,43,5053.27
ae80f7da-68bb-4e11-82d9-4e434fd30733,40.437735196217,-86.8696218353284,32,4436.53
6c20d044-6cfd-4f7b-af03-b2fd1fb8325b,40.4307788867223,-86.9082550351772,23,4417.16
12f97034-fc21-44ef-b9d2-1b478749ee65,40.4454181355253,-86.9440442795448,71,2209.77
a793c083-222b-4293-9d4e-f7454bbd6855,40.4206167766047,-86.9012119303725,42,3849.5
cb61ff86-9f1a-46c0-9881-c76c0287240f,40.401953,-86.892955,91,10448.32
5001d1c6-c1ea-4d03-b8eb-45705b3c0f70,40.4342730877159,-86.9198666619542,3,256.87
0b4c0e9d-9ceb-4424-84ef-0c222182a7ed,40.4167729443458,-86.9298317191474,1,23.26
a9ab1807-2920-4cd6-b08d-3a8d7d8d9820,40.388318,-86.810195,41,12199.38
c5ec81b9-e850-475e-af29-7b3b1d08551d,40.4368943236407,-86.8981350599608,55,5928.19
7426c1e2-6b00-4c5f-8636-b34180893ecb,40.3934573280735,-86.8735638078983,34,6013.88
70814020-a9b7-44ef-a20e-fb5aff6b77a5,40.4492070048575,-86.940420087601,6,328
db416ff3-0f30-49ce-a448-0bba8f984215,40.4257725432976,-86.8844544520649,21,3391.7
70814020-a9b7-44ef-a20e-fb5aff6b77a5,40.4316331658739,-86.9329785174325,40,3978.72
6c20d044-6cfd-4f7b-af03-b2fd1fb8325b,40.4434040453079,-86.9128402717614,31,6244.43
de154292-7fe9-40e4-9e11-8776303bf1c6,40.4177031169953,-86.8479978649615,16,3191.97
a0020965-2b60-4e70-a047-a1b071f6ff20,40.4326143398196,-86.9192453552645,22,1025.72
7218f1c2-a821-475e-840c-a049d1a625b1,40.4415723873099,-86.9413005281833,75,4826.89
bb92f4e4-7c69-4f9a-a86b-ab4a6ebf37f7,40.3992602467096,-86.8096798246908,10,614.2
7e415f9d-0dfe-4239-b4f5-b467213b6c43,40.4032190446712,-86.8277528773104,14,2562.97
29c28934-efe6-48d7-bf29-bf7cd63335d7,40.4588001651155,-86.9321449868182,24,2478.01
56fdf086-7941-45a1-afb3-b928148109a2,40.4649663372247,-86.9263863262254,58,5628.85
0b4c0e9d-9ceb-4424-84ef-0c222182a7ed,40.4184852309289,-86.911169285397,15,2135.81
cb61ff86-9f1a-46c0-9881-c76c0287240f,40.3656143550253,-86.86266158136,7,375.64
d1a4f0a7-715f-4996-8eb3-283cae447608,40.4458763693269,-86.9618921747457,15,1089.55
f71ad2a5-ff13-4379-adc1-e257c3e59f53,40.3671032409133,-86.862885466986,93,11469.08
12f97034-fc21-44ef-b9d2-1b478749ee65,40.4489675283612,-86.9414118198858,28,798.44
12f97034-fc21-44ef-b9d2-1b478749ee65,40.4314633025929,-86.9236219676469,97,4934.97
5001d1c6-c1ea-4d03-b8eb-45705b3c0f70,40.4207538802026,-86.9232279055134,32,2696.65
3c435a70-bd1f-4d17-86ca-139de51f22c9,40.4575790321856,-86.9328462074209,2,111.73
c5e3979b-c192-42fb-860c-c4c246c5eec0,40.4174854976074,-86.8609208681023,16,3379
a9ab1807-2920-4cd6-b08d-3a8d7d8d9820,40.3990121423609,-86.8082569127236,47,13551.48
9d713986-ad91-4d78-895f-ae03d84ed071,40.44786,-86.919464,23,3201.56
007b678c-d15d-4e6a-8928-cab840ddf344,40.4182891797,-86.8867987028836,16,4510.16
26ecb9dd-aec2-4972-9d24-ee2ae9653374,40.432186,-86.865217,84,9858.93
55c5e2f3-e55e-4b4b-b0e1-0f46278e7d95,40.4256518438847,-86.9080726449533,3,677.31
79dad13b-4042-4d5e-a786-240646d7578c,40.4051839056721,-86.8933178122829,75,10828.09
70814020-a9b7-44ef-a20e-fb5aff6b77a5,40.4489637929856,-86.9413003709022,18,792.99
b2e6d44b-e65b-45c2-9323-7fe8ca8c9945,40.4700613511171,-86.8994924810828,36,8271.17
5a3bff2c-b3f2-4911-8ef6-442c2d85d857,40.4041885059509,-86.8346634993424,47,9793.47
5a3bff2c-b3f2-4911-8ef6-442c2d85d857,40.4218055805272,-86.8920117859304,4,478.39
f0bfdbab-3f2e-40c7-823b-27ed6dd81e54,40.3928089607574,-86.8368410416162,19,2082.04
f71ad2a5-ff13-4379-adc1-e257c3e59f53,40.4200218868269,-86.8954890606099,1,95.86
f42d1f15-dd59-4025-b28f-99a130b2d962,40.4218404246473,-86.8942525621803,24,4259.38
12648a3c-ba8d-48be-8a85-8681ac0d9bff,40.4469540542595,-86.9370524201534,45,7165.67
6c20d044-6cfd-4f7b-af03-b2fd1fb8325b,40.4276541130337,-86.9082376008176,14,2675.9
b8c15b96-4ecb-4c22-87aa-527ace63b880,40.3924164833699,-86.8458083255263,72,12109.39
e585597e-0bea-47a2-b2ad-5525a03f22ee,40.4351140139175,-86.924989553135,30,2566.94
56fdf086-7941-45a1-afb3-b928148109a2,40.4458949263121,-86.9213862318822,23,2785.59
2713ba46-9e58-4dcd-8a32-2cb9dcf2490b,40.4303054768029,-86.882322095771,11,2292.08
f71ad2a5-ff13-4379-adc1-e257c3e59f53,40.412823,-86.893106,8,1095
0e410d81-233b-4f4e-b644-b926ae73d696,40.4353386423194,-86.9249517872901,40,3420.01
a9ab1807-2920-4cd6-b08d-3a8d7d8d9820,40.402934873279,-86.8367071054403,25,7000.36
27d96cf3-940c-495a-ba0e-94d497c2f149,40.3873388340268,-86.8400801903706,18,1727.75
26ecb9dd-aec2-4972-9d24-ee2ae9653374,40.4321347434601,-86.8773586676931,88,10885.98
cb61ff86-9f1a-46c0-9881-c76c0287240f,40.3819908429379,-86.8844544520649,38,4009.39
12f97034-fc21-44ef-b9d2-1b478749ee65,40.4441637452306,-86.9432747008077,72,2363.6
f0bfdbab-3f2e-40c7-823b-27ed6dd81e54,40.4047915320988,-86.8352326289135,37,3937.35
132fa334-e471-472b-921c-7d18439221cb,40.4027095677083,-86.8765633926727,5,1890.32
12f97034-fc21-44ef-b9d2-1b478749ee65,40.4398155607006,-86.9391558665294,77,2965.7
20e15c6a-5b6f-40ca-9df9-888a18a65225,40.424666132013,-86.8884415560032,8,1079.07
de154292-7fe9-40e4-9e11-8776303bf1c6,40.4242548259655,-86.8606636478303,37,5139.79
b2e6d44b-e65b-45c2-9323-7fe8ca8c9945,40.431280459838,-86.9153011986793,7,1705.86
b8c15b96-4ecb-4c22-87aa-527ace63b880,40.3938087150736,-86.8492256398689,76,12492.6
42719558-c2a4-467d-8614-840defe90744,40.4500591828496,-86.9248804455999,37,3674.31
27d96cf3-940c-495a-ba0e-94d497c2f149,40.3899787997869,-86.8410561199282,16,1298.41
2722571e-4f1d-44f8-adbb-bbb7443b4f43,40.418249496843,-86.891552804858,29,5267.8
bc162fca-a6bc-4e4e-99d8-3f4648da05ea,40.3817494441669,-86.8762103482474,28,3296.63
cb61ff86-9f1a-46c0-9881-c76c0287240f,40.3816421557452,-86.8825661768059,35,3844.02
c5e3979b-c192-42fb-860c-c4c246c5eec0,40.4072639588871,-86.8504561096702,24,6335.95
d1a4f0a7-715f-4996-8eb3-283cae447608,40.4398512579832,-86.9619556929388,26,1771.06
f71ad2a5-ff13-4379-adc1-e257c3e59f53,40.4164961228666,-86.8955695268851,3,487.7
75965b70-7ad7-4945-be19-cfb16a1b3fa6,40.3919087974256,-86.8715665753686,40,5786.99
9e21239f-d54e-46e6-abcb-648b572ea90f,40.409628,-86.886396,13,3458.79
de154292-7fe9-40e4-9e11-8776303bf1c6,40.4165989359539,-86.8137205173914,3,178.39
c5e3979b-c192-42fb-860c-c4c246c5eec0,40.4000582039391,-86.8079658930281,44,11749.02
bb92f4e4-7c69-4f9a-a86b-ab4a6ebf37f7,40.418236876621,-86.8798155712971,50,10366
f0bfdbab-3f2e-40c7-823b-27ed6dd81e54,40.3941493614988,-86.8370747928367,24,2251.42
007b678c-d15d-4e6a-8928-cab840ddf344,40.4336662848989,-86.88723322077,8,2800.98
716a1134-702e-43b2-8984-fd6f12a926a3,40.4248887553745,-86.8933768208848,37,8283.68
9d713986-ad91-4d78-895f-ae03d84ed071,40.465503333343,-86.9317445080631,72,6228.85
bb92f4e4-7c69-4f9a-a86b-ab4a6ebf37f7,40.4182550122835,-86.8929220084798,57,11474.92
c5ec81b9-e850-475e-af29-7b3b1d08551d,40.4240813101271,-86.9118721362696,64,8442.86
55c5e2f3-e55e-4b4b-b0e1-0f46278e7d95,40.4240813101271,-86.9118721362696,7,1185.24
de154292-7fe9-40e4-9e11-8776303bf1c6,40.4193185599836,-86.8788919200608,51,7264.31
2722571e-4f1d-44f8-adbb-bbb7443b4f43,40.3995257073349,-86.8558419226578,11,1365.53
e585597e-0bea-47a2-b2ad-5525a03f22ee,40.4346413413519,-86.9253163968773,29,2507.59
007b678c-d15d-4e6a-8928-cab840ddf344,40.422861,-86.886934,14,4001.95
cb61ff86-9f1a-46c0-9881-c76c0287240f,40.3876301877278,-86.9122099526054,72,7450.15
aacfedab-6f68-4a78-8641-b932f17dbff6,40.4544171961795,-86.9029670597891,28,6488.57
7e415f9d-0dfe-4239-b4f5-b467213b6c43,40.4070534054669,-86.8289447920886,17,3015.89
7110f3dc-2167-4bfb-8a75-b40c6791c80c,40.418249496843,-86.891552804858,68,10404.21
f42d1f15-dd59-4025-b28f-99a130b2d962,40.422861,-86.886934,19,3530.17
624d1f32-a356-47fb-b477-afd271f462cd,40.438373,-86.917026,50,7175.53
0e410d81-233b-4f4e-b644-b926ae73d696,40.4347656519771,-86.9253002861902,42,3490.24
77ef10ae-585a-4bc9-adff-fc125f0932d2,40.4200895819904,-86.8820916483941,46,7474.55
70814020-a9b7-44ef-a20e-fb5aff6b77a5,40.4311764988769,-86.9308462057813,78,9161.79
624d1f32-a356-47fb-b477-afd271f462cd,40.4314413923884,-86.9192306351203,56,8375.89
bb92f4e4-7c69-4f9a-a86b-ab4a6ebf37f7,40.4039520698294,-86.8324065064062,26,3655.47
7e415f9d-0dfe-4239-b4f5-b467213b6c43,40.4182816806676,-86.8866477638866,42,9949.76
ff80a8f5-2afb-449a-8e43-76f253357b41,40.4693643666453,-86.9573634502517,34,3406.3
f71ad2a5-ff13-4379-adc1-e257c3e59f53,40.4009768605814,-86.8932802613545,12,2412.65
12648a3c-ba8d-48be-8a85-8681ac0d9bff,40.4460550539452,-86.9369347993364,49,7268.07
7218f1c2-a821-475e-840c-a049d1a625b1,40.4240934887021,-86.9172436713025,112,8150.17
624d1f32-a356-47fb-b477-afd271f462cd,40.4677914645512,-86.9320255699488,21,2654.21
7218f1c2-a821-475e-840c-a049d1a625b1,40.4461179684217,-86.9220580996097,49,2358.27
70814020-a9b7-44ef-a20e-fb5aff6b77a5,40.4315386208472,-86.9292580508593,76,9021.29
ed975a1b-9d65-44e7-b9a1-fd5ab53a748b,40.467332,-86.956453,11,3165.45
f71ad2a5-ff13-4379-adc1-e257c3e59f53,40.3846448889163,-86.909311825592,46,5861.01
bb92f4e4-7c69-4f9a-a86b-ab4a6ebf37f7,40.3992649456772,-86.8090287980897,9,559.11
70814020-a9b7-44ef-a20e-fb5aff6b77a5,40.4309031767914,-86.9323574710445,43,4075.94
20e15c6a-5b6f-40ca-9df9-888a18a65225,40.4247063651506,-86.8728337808152,17,2743.15
a793c083-222b-4293-9d4e-f7454bbd6855,40.4242272264154,-86.9217574846866,15,1156.27
ed975a1b-9d65-44e7-b9a1-fd5ab53a748b,40.446059135808,-86.9618597240079,5,346
7426c1e2-6b00-4c5f-8636-b34180893ecb,40.4165636905592,-86.8776609856829,48,9549.11
12f97034-fc21-44ef-b9d2-1b478749ee65,40.4460608412355,-86.944360905054,47,1481.15
aacfedab-6f68-4a78-8641-b932f17dbff6,40.426621,-86.908275,12,2546.36
007b678c-d15d-4e6a-8928-cab840ddf344,40.4354445895818,-86.8864996365606,7,2593.86
db416ff3-0f30-49ce-a448-0bba8f984215,40.4264833287289,-86.8915636474826,25,4051.55
f0bfdbab-3f2e-40c7-823b-27ed6dd81e54,40.414271,-86.838761,44,5365.73
0e410d81-233b-4f4e-b644-b926ae73d696,40.4242021098257,-86.9293586569642,5,984.64
007b678c-d15d-4e6a-8928-cab840ddf344,40.4198425800011,-86.9002572524214,29,5734.14
42719558-c2a4-467d-8614-840defe90744,40.4321601764611,-86.9150056406135,48,5870.9
e585597e-0bea-47a2-b2ad-5525a03f22ee,40.4330260555138,-86.9214853212972,10,1800.64
c5e3979b-c192-42fb-860c-c4c246c5eec0,40.4067744557127,-86.8324450750616,35,8797.17
70814020-a9b7-44ef-a20e-fb5aff6b77a5,40.4313530689864,-86.9157322986684,56,5554.44
a793c083-222b-4293-9d4e-f7454bbd6855,40.4239768042551,-86.9103753215298,18,2119.88
75965b70-7ad7-4945-be19-cfb16a1b3fa6,40.3920814186563,-86.8481947339104,4,156.01
f8091890-6a74-4783-b6f3-0328c8090a51,40.4408583068661,-86.9468739289631,36,5598.98
12f97034-fc21-44ef-b9d2-1b478749ee65,40.4489902691596,-86.9414752089424,27,792.51
7426c1e2-6b00-4c5f-8636-b34180893ecb,40.3824766598999,-86.8693562783365,22,4541.05
de154292-7fe9-40e4-9e11-8776303bf1c6,40.4248615156759,-86.8606431943727,36,5072.35
9d713986-ad91-4d78-895f-ae03d84ed071,40.4521225662305,-86.9216633988418,27,3759.3
132fa334-e471-472b-921c-7d18439221cb,40.4029585009494,-86.8861462650804,10,2713.14
7110f3dc-2167-4bfb-8a75-b40c6791c80c,40.403042161646,-86.8365676305632,40,4127.86
70814020-a9b7-44ef-a20e-fb5aff6b77a5,40.4312335659853,-86.9327007610652,41,4028.96
132fa334-e471-472b-921c-7d18439221cb,40.418249496843,-86.891552804858,20,4826.36
e335420d-ceb4-49cd-a60e-a8a967b18129,40.4180486558929,-86.9279869579964,18,2951.29
132fa334-e471-472b-921c-7d18439221cb,40.4182550122835,-86.8929220084798,21,4942.2
e8ff9056-010e-480e-be87-5fbfd502f830,40.4530411390161,-86.9621322507619,9,283.8
7e415f9d-0dfe-4239-b4f5-b467213b6c43,40.4028961965308,-86.8513027015932,27,5341.21
ff80a8f5-2afb-449a-8e43-76f253357b41,40.4684013637612,-86.9587390226549,39,3619.25
7e415f9d-0dfe-4239-b4f5-b467213b6c43,40.4068817440797,-86.8324289818066,19,3311.9
a9ab1807-2920-4cd6-b08d-3a8d7d8d9820,40.4172766457365,-86.891884171479,7,763.21
7426c1e2-6b00-4c5f-8636-b34180893ecb,40.4182221244706,-86.8797163295577,49,9802.48
7110f3dc-2167-4bfb-8a75-b40c6791c80c,40.4052536431106,-86.8279081182425,19,2797.17
a793c083-222b-4293-9d4e-f7454bbd6855,40.42001154702,-86.8924421221722,53,5050.13
55c5e2f3-e55e-4b4b-b0e1-0f46278e7d95,40.4547372915757,-86.928721014901,36,5959.49
bc162fca-a6bc-4e4e-99d8-3f4648da05ea,40.394259679408,-86.9003803988062,74,9284.61
d1a4f0a7-715f-4996-8eb3-283cae447608,40.4375300656361,-86.9619545611472,30,2029.05
811f6866-bf6b-4d63-b690-9320b35cc663,40.3928806121874,-86.8464126793392,59,12639.23
7218f1c2-a821-475e-840c-a049d1a625b1,40.4220566939494,-86.9043630731177,124,9306.67
cb61ff86-9f1a-46c0-9881-c76c0287240f,40.3879280413287,-86.901277588768,58,5941.81
9d713986-ad91-4d78-895f-ae03d84ed071,40.4606537776187,-86.9243558402837,38,4972.51
29c28934-efe6-48d7-bf29-bf7cd63335d7,40.4499879966106,-86.92493388888,31,3645.31
3c435a70-bd1f-4d17-86ca-139de51f22c9,40.4212463153152,-86.8942619499124,46,8710.04
de154292-7fe9-40e4-9e11-8776303bf1c6,40.4175790072928,-86.8139048475702,8,307.26
f42d1f15-dd59-4025-b28f-99a130b2d962,40.4418698216599,-86.8744524940522,3,643.23
0e410d81-233b-4f4e-b644-b926ae73d696,40.4263112975108,-86.9223094860384,11,1873.86
f42d1f15-dd59-4025-b28f-99a130b2d962,40.4418188596856,-86.8696352463743,0,0
b2e6d44b-e65b-45c2-9323-7fe8ca8c9945,40.4734109505293,-86.8966022016594,41,8846.39
5394dfa6-526f-417d-96b5-51e5d4ce396d,40.4313482349232,-86.9215291144598,63,3951.59
007b678c-d15d-4e6a-8928-cab840ddf344,40.418317080654,-86.8979170385803,23,5452.54
12f97034-fc21-44ef-b9d2-1b478749ee65,40.4500382230206,-86.9424790442486,14,593.1
e8ff9056-010e-480e-be87-5fbfd502f830,40.424172202778,-86.9402272236842,52,4480.32
75965b70-7ad7-4945-be19-cfb16a1b3fa6,40.4109721130712,-86.8771601842141,63,9074.03
b4417114-9ce7-42e9-936b-536f4ec21247,40.4200895819904,-86.8820916483941,40,7540.08
12f97034-fc21-44ef-b9d2-1b478749ee65,40.4313283365371,-86.9153823503484,100,5632.07
f8091890-6a74-4783-b6f3-0328c8090a51,40.4204547202612,-86.9160134937344,13,1237.19
5394dfa6-526f-417d-96b5-51e5d4ce396d,40.428946104416,-86.9216328942273,59,3682.57
42719558-c2a4-467d-8614-840defe90744,40.4444372651731,-86.9204749621045,39,4401.92
12f97034-fc21-44ef-b9d2-1b478749ee65,40.4471094397462,-86.9406839809772,38,1034.01
e8ff9056-010e-480e-be87-5fbfd502f830,40.4242523100881,-86.9412075176273,48,4389.65
79dad13b-4042-4d5e-a786-240646d7578c,40.401108288831,-86.8930643435159,72,10345.05
811f6866-bf6b-4d63-b690-9320b35cc663,40.4275068369154,-86.845933667603,28,6124.31
f71ad2a5-ff13-4379-adc1-e257c3e59f53,40.3821034957232,-86.8872466318158,70,7799.87
aacfedab-6f68-4a78-8641-b932f17dbff6,40.4344513457793,-86.8979556253338,18,4122.47
56fdf086-7941-45a1-afb3-b928148109a2,40.4458843309812,-86.9192212740638,25,2971.6
0e410d81-233b-4f4e-b644-b926ae73d696,40.431280459838,-86.9153011986793,67,4929.91
c5e3979b-c192-42fb-860c-c4c246c5eec0,40.4172766457365,-86.891884171479,7,759.28
b8c15b96-4ecb-4c22-87aa-527ace63b880,40.381701164347,-86.8668859819702,59,8587.98
de154292-7fe9-40e4-9e11-8776303bf1c6,40.4214601736731,-86.8500299432542,22,3777.03
c5e3979b-c192-42fb-860c-c4c246c5eec0,40.4209088479552,-86.895221701622,2,77.58
7218f1c2-a821-475e-840c-a049d1a625b1,40.4454183843981,-86.9441094663208,66,4333.81
db416ff3-0f30-49ce-a448-0bba8f984215,40.4369975886939,-86.862186751496,3,766.98
b2e6d44b-e65b-45c2-9323-7fe8ca8c9945,40.4282278040181,-86.9191214514328,4,1034.96
26ecb9dd-aec2-4972-9d24-ee2ae9653374,40.4314065236692,-86.8448382225536,76,8051.83
29c28934-efe6-48d7-bf29-bf7cd63335d7,40.467188,-86.947349,8,615.57
c5ec81b9-e850-475e-af29-7b3b1d08551d,40.4464376238846,-86.8995298087316,47,4763.08
d1a4f0a7-715f-4996-8eb3-283cae447608,40.4341839512696,-86.9555584761833,33,2722.68
716a1134-702e-43b2-8984-fd6f12a926a3,40.4207112145848,-86.8948077794795,40,8776.33
7afb54ae-31a1-4536-b273-c1a67b17e963,40.4209318883234,-86.8947828672172,3,114.78
ae80f7da-68bb-4e11-82d9-4e434fd30733,40.432693,-86.874373,26,3465.05
2713ba46-9e58-4dcd-8a32-2cb9dcf2490b,40.4218954099354,-86.8869100145644,19,3607.35
a793c083-222b-4293-9d4e-f7454bbd6855,40.4200125704614,-86.895452389479,52,4795.47
55c5e2f3-e55e-4b4b-b0e1-0f46278e7d95,40.4264444366958,-86.9190764080928,12,2030.58
ff80a8f5-2afb-449a-8e43-76f253357b41,40.4646444597628,-86.9362707100076,9,1044.32
27d96cf3-940c-495a-ba0e-94d497c2f149,40.3927029160079,-86.848925801506,5,248.73
f71ad2a5-ff13-4379-adc1-e257c3e59f53,40.3925461315477,-86.9032391277779,26,3766.57
20e15c6a-5b6f-40ca-9df9-888a18a65225,40.4246983185231,-86.8762401864672,16,2455
75965b70-7ad7-4945-be19-cfb16a1b3fa6,40.4015190212813,-86.8695428401736,55,7745.36
716a1134-702e-43b2-8984-fd6f12a926a3,40.4578879748516,-86.9326859374455,1,131.37
7e415f9d-0dfe-4239-b4f5-b467213b6c43,40.4182355355165,-86.8798008191467,39,9370.4
f71ad2a5-ff13-4379-adc1-e257c3e59f53,40.3848031392576,-86.9114388174676,38,5640.45
42719558-c2a4-467d-8614-840defe90744,40.4501710542101,-86.9251009625627,36,3651.9
75965b70-7ad7-4945-be19-cfb16a1b3fa6,40.3822582540499,-86.8440657465049,22,2386.05
cb61ff86-9f1a-46c0-9881-c76c0287240f,40.3820941079911,-86.8868241838708,40,4210.92
55c5e2f3-e55e-4b4b-b0e1-0f46278e7d95,40.4503558436282,-86.9245865237008,30,5355.66
5001d1c6-c1ea-4d03-b8eb-45705b3c0f70,40.4194143664488,-86.9240948214588,28,2516.92
fa1bfc2a-4aa5-4966-81d1-33a2a1ea14c6,40.4607552564594,-86.9241310312826,41,8902.01
79dad13b-4042-4d5e-a786-240646d7578c,40.3931005533398,-86.9109493142932,58,8305.35
811f6866-bf6b-4d63-b690-9320b35cc663,40.4296818631698,-86.8869985274672,12,1778.97
c5e3979b-c192-42fb-860c-c4c246c5eec0,40.3989987313151,-86.8082649593511,43,11628.6
42719558-c2a4-467d-8614-840defe90744,40.4509929131979,-86.925802489489,34,3540
bb92f4e4-7c69-4f9a-a86b-ab4a6ebf37f7,40.3988102774464,-86.8057451293656,5,272.07
de154292-7fe9-40e4-9e11-8776303bf1c6,40.4213377025584,-86.8499806092251,21,3762.8
55c5e2f3-e55e-4b4b-b0e1-0f46278e7d95,40.4511767784772,-86.9256720968008,34,5487.24
bc162fca-a6bc-4e4e-99d8-3f4648da05ea,40.3816261022529,-86.8777028294171,30,3424.92
70814020-a9b7-44ef-a20e-fb5aff6b77a5,40.4304571488047,-86.9318346442888,47,4157.94
a793c083-222b-4293-9d4e-f7454bbd6855,40.456775,-86.876203,74,9885.29
7218f1c2-a821-475e-840c-a049d1a625b1,40.4180177444246,-86.8954587524383,145,10353.41
ed975a1b-9d65-44e7-b9a1-fd5ab53a748b,40.4454179121398,-86.9616958882759,3,265.28
9d713986-ad91-4d78-895f-ae03d84ed071,40.446097,-86.91917,21,3000.99
6c20d044-6cfd-4f7b-af03-b2fd1fb8325b,40.4266630367436,-86.9038280489342,11,2277.75
12f97034-fc21-44ef-b9d2-1b478749ee65,40.4422447798356,-86.9420539967624,74,2600.88
624d1f32-a356-47fb-b477-afd271f462cd,40.4367098147608,-86.9155698599596,51,7397.62
8893a0f4-c34d-4fc9-a9fb-8e833fee37ca,40.4247385516607,-86.872853897384,15,2397.41
ff80a8f5-2afb-449a-8e43-76f253357b41,40.4682343348865,-86.9553468919411,30,3115.88
