shape_id,shape_pt_lat,shape_pt_lon,shape_pt_sequence,shape_dist_traveled
96c76f87-236b-4d10-a004-d18116c5a5a0,40.4387114641495,-86.9171690751377,29,1915.29
01b692f1-d433-46dc-bbc7-f1ccd7a75e1d,40.4173731088977,-86.8759535996543,57,5586.59
ade7b7b0-935b-439e-966d-c3f250810c1a,40.4268186922206,-86.8919924038821,10,817.57
4b95220c-b38a-4e29-86e4-87b6928ae673,40.3838743114886,-86.8424898962432,3,96.17
c7cc28c1-7c0e-4520-ae19-cb46fb733b6b,40.4494111949932,-86.9244315134646,39,1927.9
0fd3c4b0-ae9d-40b2-a07c-715b3b3b553a,40.3944334381096,-86.899990551766,43,3409.15
28e019d7-aabd-407a-8617-6fb357801f08,40.3849457482248,-86.8415136945798,7,293.25
13bf0b02-f652-4609-943f-dbc509710e91,40.4321605290286,-86.8653043256714,145,8200.31
9172832a-d99f-4400-b801-baf4cfd054b7,40.4304608726042,-86.9322069734966,86,4168.29
a05e2688-6ec0-45d9-a447-37df08b14d0b,40.42558,-86.886886,22,1336.86
3326e01b-3c23-4fa9-bcd3-2acaafb07d2d,40.3983389078581,-86.8385538064572,192,12266.55
dd423f77-d4ba-47f0-98c9-7d78e756d475,40.3991556405518,-86.8670925120766,68,4248.03
28e019d7-aabd-407a-8617-6fb357801f08,40.3870480302215,-86.8401774166609,10,574.04
0fd3c4b0-ae9d-40b2-a07c-715b3b3b553a,40.3817786265748,-86.8649255545246,141,10440.29
e81bb089-9706-4260-bf6e-57a054f3429f,40.4319315376909,-86.8663489927622,55,3375
e81bb089-9706-4260-bf6e-57a054f3429f,40.4264661111435,-86.8773462741823,43,2257.95
e81bb089-9706-4260-bf6e-57a054f3429f,40.424696518153,-86.8885614351092,22,1100.54
e81bb089-9706-4260-bf6e-57a054f3429f,40.4280413701681,-86.8741924422957,46,2578.22
e81bb089-9706-4260-bf6e-57a054f3429f,40.4361238523035,-86.8621617741674,72,3991.85
e81bb089-9706-4260-bf6e-57a054f3429f,40.4335146644561,-86.8649520952468,64,3596.16
e81bb089-9706-4260-bf6e-57a054f3429f,40.424714887173,-86.8824013580542,31,1625.24
e81bb089-9706-4260-bf6e-57a054f3429f,40.427984155775,-86.8742947703442,44,2566.3
e81bb089-9706-4260-bf6e-57a054f3429f,40.4306331003266,-86.8690342031877,52,3105.02
e81bb089-9706-4260-bf6e-57a054f3429f,40.4361781737911,-86.8621156729529,73,3999.04
e81bb089-9706-4260-bf6e-57a054f3429f,40.4332344492217,-86.8652431288506,62,3554.48
e81bb089-9706-4260-bf6e-57a054f3429f,40.4246886905482,-86.8823106834754,32,1633.44
e81bb089-9706-4260-bf6e-57a054f3429f,40.4310542632512,-86.8681929398519,53,3190.19
e81bb089-9706-4260-bf6e-57a054f3429f,40.4247127990156,-86.8822093457855,33,1642.42
e81bb089-9706-4260-bf6e-57a054f3429f,40.4247115757251,-86.880770935456,34,1764.1
1f6ab1b9-203d-4800-9c2f-0575ebaff4a6,40.4313792556822,-86.9129767979665,164,6277.51
3326e01b-3c23-4fa9-bcd3-2acaafb07d2d,40.4338718880537,-86.8871347406432,67,3954.99
afbfbe89-3824-47d8-a4f2-727023af88ac,40.4240813101271,-86.9118721362696,67,4674.34
1f6ab1b9-203d-4800-9c2f-0575ebaff4a6,40.4604455676944,-86.917950421177,80,1827.78
a05e2688-6ec0-45d9-a447-37df08b14d0b,40.422493206993,-86.8471240420488,114,6831.41
89055b80-8ef0-49cc-bbe3-6c7d5415021a,40.4196747776944,-86.9007417703748,20,1137.05
1f1c7703-f37e-4cab-90b2-34b3f54726f7,40.4664034163696,-86.9620814456567,62,4140.93
3326e01b-3c23-4fa9-bcd3-2acaafb07d2d,40.4321371066271,-86.8871587240156,69,4148.68
01b692f1-d433-46dc-bbc7-f1ccd7a75e1d,40.4182210468961,-86.8930758366369,83,7081.91
3326e01b-3c23-4fa9-bcd3-2acaafb07d2d,40.4205742670559,-86.845633701806,162,9188.66
3fa1788a-9312-405f-9fad-405ff4e7cdb3,40.4464268950478,-86.8992522000821,64,3821.19
24732034-b22f-40df-870b-590d76e81a8c,40.3938571136422,-86.8096794654071,129,11238.07
d556586f-5536-47a5-9e1f-9ad30028e9c9,40.430779569946,-86.9057574972367,82,4422.03
24732034-b22f-40df-870b-590d76e81a8c,40.3925099571476,-86.809698227899,124,11069.23
e5c0c034-1aae-426b-a8b7-3e19ad8540c5,40.4347861405925,-86.8815371194959,37,2618.87
e81bb089-9706-4260-bf6e-57a054f3429f,40.4246902718955,-86.880657784978,35,1773.96
4aac4c21-daca-4d3b-abb9-c9efb54fea4a,40.4245414092864,-86.9190750669882,27,1867.88
4aac4c21-daca-4d3b-abb9-c9efb54fea4a,40.4244404009657,-86.9191242132172,26,1855.91
4aac4c21-daca-4d3b-abb9-c9efb54fea4a,40.4246123216494,-86.9191220623906,28,1876.71
4aac4c21-daca-4d3b-abb9-c9efb54fea4a,40.426357701047,-86.9191371181751,29,2070.66
4aac4c21-daca-4d3b-abb9-c9efb54fea4a,40.4265328914122,-86.9191457214808,31,2093.02
4aac4c21-daca-4d3b-abb9-c9efb54fea4a,40.4281816232409,-86.9191457214805,32,2276.23
4aac4c21-daca-4d3b-abb9-c9efb54fea4a,40.4282847699663,-86.9191521739597,34,2288.6
4aac4c21-daca-4d3b-abb9-c9efb54fea4a,40.4301544815956,-86.9191629280914,35,2496.36
4aac4c21-daca-4d3b-abb9-c9efb54fea4a,40.4302384215735,-86.9191072534983,36,2506.81
4aac4c21-daca-4d3b-abb9-c9efb54fea4a,40.4303427596582,-86.9191736822234,37,2519.69
4aac4c21-daca-4d3b-abb9-c9efb54fea4a,40.4264444366958,-86.9190764080928,30,2081.58
4aac4c21-daca-4d3b-abb9-c9efb54fea4a,40.4282278040181,-86.9191214514328,33,2281.76
d556586f-5536-47a5-9e1f-9ad30028e9c9,40.4604473036815,-86.916945426357,170,8142.97
56875f33-4f60-4591-a742-8e882d645c09,40.4505790150408,-86.9246990052492,67,5451.5
1f1c7703-f37e-4cab-90b2-34b3f54726f7,40.451708604979,-86.962014109712,79,5788.64
002a917d-6cdc-46ab-bb61-4e54c64205ee,40.4200500468177,-86.8954484040621,66,4523.88
93c1bdef-1567-4615-ab23-04d3cc324ca3,40.430362,-86.913149,4,239.59
c7cc28c1-7c0e-4520-ae19-cb46fb733b6b,40.4190916599699,-86.9000312184518,137,9831
c7cc28c1-7c0e-4520-ae19-cb46fb733b6b,40.41824428563,-86.8953314111259,149,10773.42
170011b0-977b-444b-a647-c0e01b5f04fb,40.3885356251809,-86.8857890149428,20,1755.29
f45e2fd4-e04e-476c-87ff-d079f18a5c71,40.4172645757952,-86.8894339733978,9,805.44
9172832a-d99f-4400-b801-baf4cfd054b7,40.44918801603,-86.9415381958879,23,766.89
96c76f87-236b-4d10-a004-d18116c5a5a0,40.4794529059688,-86.9311751689955,155,10407.38
01b692f1-d433-46dc-bbc7-f1ccd7a75e1d,40.4165919554727,-86.8135159383291,2,160.22
d556586f-5536-47a5-9e1f-9ad30028e9c9,40.4608048773292,-86.9304033774378,226,9315.91
e0c92e87-ef25-4f24-8979-fce9c3bc02dd,40.462022,-86.935988,54,5355.86
e8cb7b35-8b91-4734-bc08-322ef94d7dcd,40.450260928961,-86.9251253197379,48,4352
28e019d7-aabd-407a-8617-6fb357801f08,40.3830363038111,-86.8427490938001,0,0
01f4d3e9-bd6a-4bca-ab3c-3b44e6831475,40.3846897131172,-86.9046561204262,91,6978.44
01f4d3e9-bd6a-4bca-ab3c-3b44e6831475,40.3846956457519,-86.903466391766,92,7079.14
01f4d3e9-bd6a-4bca-ab3c-3b44e6831475,40.3846857041781,-86.902887769634,93,7128.13
01f4d3e9-bd6a-4bca-ab3c-3b44e6831475,40.3846310254957,-86.902730062474,94,7142.8
28e019d7-aabd-407a-8617-6fb357801f08,40.3838336966487,-86.8425177176988,2,90.76
28e019d7-aabd-407a-8617-6fb357801f08,40.3839897751704,-86.84234867299,3,113.24
28e019d7-aabd-407a-8617-6fb357801f08,40.3841419513809,-86.84196448047,4,149.89
01f4d3e9-bd6a-4bca-ab3c-3b44e6831475,40.384673828738,-86.9025898628405,95,7155.58
01f4d3e9-bd6a-4bca-ab3c-3b44e6831475,40.3845818570007,-86.9021798313963,96,7191.76
01f4d3e9-bd6a-4bca-ab3c-3b44e6831475,40.3844852974704,-86.9017976165889,97,7225.84
01f4d3e9-bd6a-4bca-ab3c-3b44e6831475,40.3842345109126,-86.9011364520274,98,7288.36
01f4d3e9-bd6a-4bca-ab3c-3b44e6831475,40.3839126458116,-86.9004779696749,99,7354.58
01f4d3e9-bd6a-4bca-ab3c-3b44e6831475,40.3837597598886,-86.9000595450437,100,7393.86
96c76f87-236b-4d10-a004-d18116c5a5a0,40.4650879034344,-86.9268792551493,97,5698.04
170011b0-977b-444b-a647-c0e01b5f04fb,40.3639261759183,-86.8603344650205,99,8158.54
56875f33-4f60-4591-a742-8e882d645c09,40.4578320886455,-86.930939588261,76,6421.62
a05e2688-6ec0-45d9-a447-37df08b14d0b,40.4218877278182,-86.886835918918,14,923.63
170011b0-977b-444b-a647-c0e01b5f04fb,40.3836192557645,-86.8426179234317,136,12941.92
002a917d-6cdc-46ab-bb61-4e54c64205ee,40.4182514872414,-86.8867646828371,50,3585.6
c7cc28c1-7c0e-4520-ae19-cb46fb733b6b,40.4460622363634,-86.9400064153254,56,3878.39
28e019d7-aabd-407a-8617-6fb357801f08,40.4013175608151,-86.8584454376952,67,3942.06
dd423f77-d4ba-47f0-98c9-7d78e756d475,40.4030220614041,-86.8718204171174,59,3638.17
3326e01b-3c23-4fa9-bcd3-2acaafb07d2d,40.4320863964148,-86.8692417153062,88,5672.23
28e019d7-aabd-407a-8617-6fb357801f08,40.402617667856,-86.8602496179809,68,4152.25
fa3c48c4-e5ed-42ea-a149-8f48abc3adb2,40.4173114328726,-86.8920164172161,5,585
cf98ced7-c172-4e65-98ed-b92c8d5118ed,40.381816,-86.872818,32,3136.46
fa3c48c4-e5ed-42ea-a149-8f48abc3adb2,40.3914813307308,-86.8490540048146,72,5872.77
e8cb7b35-8b91-4734-bc08-322ef94d7dcd,40.4463979424199,-86.9220771662735,52,4853.32
e8cb7b35-8b91-4734-bc08-322ef94d7dcd,40.4592673413755,-86.9401700797689,27,2395.81
e8cb7b35-8b91-4734-bc08-322ef94d7dcd,40.430362,-86.913149,66,6833.08
e8cb7b35-8b91-4734-bc08-322ef94d7dcd,40.4325433346765,-86.9151752284881,62,6534.48
4aac4c21-daca-4d3b-abb9-c9efb54fea4a,40.459531387183,-86.9350130285807,76,6970.11
e8cb7b35-8b91-4734-bc08-322ef94d7dcd,40.4439265936552,-86.9201208685901,53,5173.92
e8cb7b35-8b91-4734-bc08-322ef94d7dcd,40.4396461111791,-86.9178496774212,55,5687.2
e8cb7b35-8b91-4734-bc08-322ef94d7dcd,40.4552802137105,-86.9299439668611,42,3654.3
4aac4c21-daca-4d3b-abb9-c9efb54fea4a,40.4313503815091,-86.9157140217719,41,2936.24
e8cb7b35-8b91-4734-bc08-322ef94d7dcd,40.4501464181674,-86.9250224815788,49,4367.41
e8cb7b35-8b91-4734-bc08-322ef94d7dcd,40.4305514727454,-86.9132313952763,65,6810.9
e8cb7b35-8b91-4734-bc08-322ef94d7dcd,40.452548102389,-86.9272078320215,45,4037.06
e8cb7b35-8b91-4734-bc08-322ef94d7dcd,40.4592797429771,-86.9425715091019,26,2192.77
4aac4c21-daca-4d3b-abb9-c9efb54fea4a,40.4313721204289,-86.913963265151,43,3084.42
4aac4c21-daca-4d3b-abb9-c9efb54fea4a,40.4589580434792,-86.9377528343734,81,7218.59
e81bb089-9706-4260-bf6e-57a054f3429f,40.432179528154,-86.8659536423404,57,3419.48
e81bb089-9706-4260-bf6e-57a054f3429f,40.4342763356077,-86.8636375848229,67,3737.78
e81bb089-9706-4260-bf6e-57a054f3429f,40.4218099569073,-86.8906664889126,12,592.29
e81bb089-9706-4260-bf6e-57a054f3429f,40.4234077874522,-86.8906807125854,18,772.97
e81bb089-9706-4260-bf6e-57a054f3429f,40.437697171356,-86.8621640677739,76,4169.09
e81bb089-9706-4260-bf6e-57a054f3429f,40.4247065967114,-86.8865622959624,27,1272.38
e81bb089-9706-4260-bf6e-57a054f3429f,40.4227130284884,-86.8906770803784,15,693.88
e81bb089-9706-4260-bf6e-57a054f3429f,40.4247255745161,-86.8772810781136,37,2059.83
e81bb089-9706-4260-bf6e-57a054f3429f,40.4200124990948,-86.89084079211,6,380.56
e81bb089-9706-4260-bf6e-57a054f3429f,40.422515482616,-86.8906638410463,13,670.69
e81bb089-9706-4260-bf6e-57a054f3429f,40.4346554026598,-86.8629689233342,68,3808.3
e81bb089-9706-4260-bf6e-57a054f3429f,40.429218141413,-86.8717983245451,48,2820.24
e81bb089-9706-4260-bf6e-57a054f3429f,40.4323035997588,-86.8657897363514,58,3439.03
e81bb089-9706-4260-bf6e-57a054f3429f,40.4245050252585,-86.8907035590427,19,894.91
e81bb089-9706-4260-bf6e-57a054f3429f,40.4247086124228,-86.8843327924367,28,1460.98
e8cb7b35-8b91-4734-bc08-322ef94d7dcd,40.4319665660223,-86.9147332156498,63,6608.68
e8cb7b35-8b91-4734-bc08-322ef94d7dcd,40.4593570277626,-86.9352054764682,37,2833.92
e8cb7b35-8b91-4734-bc08-322ef94d7dcd,40.458787811022,-86.944136241337,23,2046.8
e8cb7b35-8b91-4734-bc08-322ef94d7dcd,40.4591143881,-86.9435060019645,24,2111.27
89055b80-8ef0-49cc-bbe3-6c7d5415021a,40.4232626965581,-86.9103453275116,56,2525.67
89055b80-8ef0-49cc-bbe3-6c7d5415021a,40.4230238782682,-86.9103364489916,54,2497.97
89055b80-8ef0-49cc-bbe3-6c7d5415021a,40.4240512414936,-86.9122749258572,60,2769.93
89055b80-8ef0-49cc-bbe3-6c7d5415021a,40.4240264587935,-86.9116297534042,58,2714.3
89055b80-8ef0-49cc-bbe3-6c7d5415021a,40.4241323484484,-86.9158440908948,61,3071.99
e81bb089-9706-4260-bf6e-57a054f3429f,40.437781624945,-86.8621248784718,77,4179.04
e81bb089-9706-4260-bf6e-57a054f3429f,40.4232475896755,-86.8906758750292,16,753.28
e81bb089-9706-4260-bf6e-57a054f3429f,40.4255079055568,-86.8772732920534,39,2147.18
e81bb089-9706-4260-bf6e-57a054f3429f,40.4200561895178,-86.8906611931796,7,396.51
e81bb089-9706-4260-bf6e-57a054f3429f,40.424666132013,-86.8884415560032,23,1111.23
e81bb089-9706-4260-bf6e-57a054f3429f,40.4292737993003,-86.8717567435456,49,2827.35
e81bb089-9706-4260-bf6e-57a054f3429f,40.4326537561643,-86.865538896799,59,3483.35
e81bb089-9706-4260-bf6e-57a054f3429f,40.422628,-86.890628,14,683.56
e81bb089-9706-4260-bf6e-57a054f3429f,40.4350269138245,-86.8624962220841,69,3865.77
e81bb089-9706-4260-bf6e-57a054f3429f,40.42460465532,-86.8906625717493,20,906.51
e81bb089-9706-4260-bf6e-57a054f3429f,40.424682225268,-86.8842090299254,29,1471.85
e81bb089-9706-4260-bf6e-57a054f3429f,40.425423319797,-86.8773058503523,38,2137.39
e81bb089-9706-4260-bf6e-57a054f3429f,40.4233344151577,-86.8906288975852,17,763.71
e81bb089-9706-4260-bf6e-57a054f3429f,40.4263214488215,-86.8773317766164,41,2238.39
e81bb089-9706-4260-bf6e-57a054f3429f,40.4208645408567,-86.8906744325117,8,486.34
28e019d7-aabd-407a-8617-6fb357801f08,40.4051203590796,-86.863666077258,72,4554.29
cf98ced7-c172-4e65-98ed-b92c8d5118ed,40.3817468925799,-86.8757640859281,36,3387.94
cf98ced7-c172-4e65-98ed-b92c8d5118ed,40.3817428205148,-86.8762238168172,37,3426.86
01f4d3e9-bd6a-4bca-ab3c-3b44e6831475,40.3835403102887,-86.8964504649629,103,7702.74
01f4d3e9-bd6a-4bca-ab3c-3b44e6831475,40.383469154991,-86.8961369950847,104,7730.43
01f4d3e9-bd6a-4bca-ab3c-3b44e6831475,40.3835286843596,-86.8959353507843,105,7748.74
fa3c48c4-e5ed-42ea-a149-8f48abc3adb2,40.3924433846472,-86.8477219028554,77,6029.1
fa3c48c4-e5ed-42ea-a149-8f48abc3adb2,40.3928844964761,-86.8480445859386,78,6085.21
fa3c48c4-e5ed-42ea-a149-8f48abc3adb2,40.4173152926365,-86.8896209925224,8,788.64
cf98ced7-c172-4e65-98ed-b92c8d5118ed,40.3925484758919,-86.9029104977124,106,9057.57
cf98ced7-c172-4e65-98ed-b92c8d5118ed,40.392726,-86.902611,107,9089.69
01f4d3e9-bd6a-4bca-ab3c-3b44e6831475,40.3836430224729,-86.8426031345524,161,12835.94
e81bb089-9706-4260-bf6e-57a054f3429f,40.4305689951003,-86.8691600757429,50,3089.94
e81bb089-9706-4260-bf6e-57a054f3429f,40.4329901251675,-86.8654420020982,60,3521.62
e81bb089-9706-4260-bf6e-57a054f3429f,40.4356224302218,-86.862223649141,70,3935.84
e81bb089-9706-4260-bf6e-57a054f3429f,40.4246985338648,-86.8883443100628,24,1120.21
e81bb089-9706-4260-bf6e-57a054f3429f,40.4247025652882,-86.8868191390049,25,1249.23
e81bb089-9706-4260-bf6e-57a054f3429f,40.4246884553053,-86.8907273898405,21,917.32
e81bb089-9706-4260-bf6e-57a054f3429f,40.4255942385935,-86.8773206327959,40,2157.58
e81bb089-9706-4260-bf6e-57a054f3429f,40.4319286270981,-86.8664281547067,54,3368.3
e81bb089-9706-4260-bf6e-57a054f3429f,40.426407021794,-86.877275121637,42,2249.04
e81bb089-9706-4260-bf6e-57a054f3429f,40.4279881208567,-86.8742369302454,45,2571.21
e81bb089-9706-4260-bf6e-57a054f3429f,40.4305671225901,-86.869079839574,51,3096.73
e81bb089-9706-4260-bf6e-57a054f3429f,40.4331989442631,-86.8653162767762,61,3547.14
e81bb089-9706-4260-bf6e-57a054f3429f,40.4333037142672,-86.8652429265821,63,3562.18
e81bb089-9706-4260-bf6e-57a054f3429f,40.4246688142221,-86.8866833678891,26,1261.31
e81bb089-9706-4260-bf6e-57a054f3429f,40.4359126047034,-86.8621747490117,71,3968.35
fa3c48c4-e5ed-42ea-a149-8f48abc3adb2,40.3914834313002,-86.8492332731942,71,5857.6
cf98ced7-c172-4e65-98ed-b92c8d5118ed,40.3876301877278,-86.9122099526054,98,7504.65
fa3c48c4-e5ed-42ea-a149-8f48abc3adb2,40.4173114328726,-86.8930176793897,4,500.29
28e019d7-aabd-407a-8617-6fb357801f08,40.3889349733373,-86.8387604295256,11,815.59
28e019d7-aabd-407a-8617-6fb357801f08,40.3893031567733,-86.8394717235345,12,888.38
28e019d7-aabd-407a-8617-6fb357801f08,40.389442,-86.839644,13,909.61
01f4d3e9-bd6a-4bca-ab3c-3b44e6831475,40.3835867573969,-86.8993930160638,101,7453.46
cf98ced7-c172-4e65-98ed-b92c8d5118ed,40.3893870347373,-86.9128295429247,99,7706.79
cf98ced7-c172-4e65-98ed-b92c8d5118ed,40.3896900862392,-86.912993743034,100,7743.22
cf98ced7-c172-4e65-98ed-b92c8d5118ed,40.3920971699227,-86.9138411533454,101,8020.14
28e019d7-aabd-407a-8617-6fb357801f08,40.3850862165915,-86.8417493326588,8,318.58
cf98ced7-c172-4e65-98ed-b92c8d5118ed,40.3817705430898,-86.8730308394904,33,3155.17
cf98ced7-c172-4e65-98ed-b92c8d5118ed,40.3817509646447,-86.8754219606152,34,3357.58
fa3c48c4-e5ed-42ea-a149-8f48abc3adb2,40.39185,-86.84846,75,5938.18
28e019d7-aabd-407a-8617-6fb357801f08,40.3854503026687,-86.8414272413283,9,367.37
e81bb089-9706-4260-bf6e-57a054f3429f,40.4247107108584,-86.8840883229896,30,1482.54
4aac4c21-daca-4d3b-abb9-c9efb54fea4a,40.455933818216,-86.929813277302,70,6192.65
4aac4c21-daca-4d3b-abb9-c9efb54fea4a,40.4574098016112,-86.9306852872122,71,6372.47
4aac4c21-daca-4d3b-abb9-c9efb54fea4a,40.4240792296205,-86.9143915939448,20,1425.89
4aac4c21-daca-4d3b-abb9-c9efb54fea4a,40.4240992545072,-86.9156220705586,21,1530
4aac4c21-daca-4d3b-abb9-c9efb54fea4a,40.4241415292484,-86.916004950455,22,1562.73
01f4d3e9-bd6a-4bca-ab3c-3b44e6831475,40.4065099489326,-86.8930096523769,25,1791.76
28e019d7-aabd-407a-8617-6fb357801f08,40.402701516001,-86.8603268128213,69,4163.63
28e019d7-aabd-407a-8617-6fb357801f08,40.4027652766752,-86.8604546384679,70,4176.56
fa3c48c4-e5ed-42ea-a149-8f48abc3adb2,40.4172827394576,-86.891915750893,6,594.09
01f4d3e9-bd6a-4bca-ab3c-3b44e6831475,40.3835438420501,-86.8987801312673,102,7505.55
cf98ced7-c172-4e65-98ed-b92c8d5118ed,40.3817896492487,-86.8756023782607,35,3373.45
cf98ced7-c172-4e65-98ed-b92c8d5118ed,40.3932976957141,-86.9135000952184,102,8156.63
cf98ced7-c172-4e65-98ed-b92c8d5118ed,40.3931005533398,-86.9109493142932,103,8373.61
cf98ced7-c172-4e65-98ed-b92c8d5118ed,40.3925923164968,-86.9048052173681,104,8896.65
cf98ced7-c172-4e65-98ed-b92c8d5118ed,40.3925099821843,-86.9034081390159,105,9015.24
01f4d3e9-bd6a-4bca-ab3c-3b44e6831475,40.3838244909796,-86.8425311467121,160,12814.87
e1d33256-6b3d-4dd2-9b32-5f76612e652a,40.4504651585117,-86.9246405269511,113,8882.56
0fd3c4b0-ae9d-40b2-a07c-715b3b3b553a,40.3836430224729,-86.8426031345524,161,12835.94
24732034-b22f-40df-870b-590d76e81a8c,40.3949437796768,-86.8370618215645,34,1658.45
13bf0b02-f652-4609-943f-dbc509710e91,40.4313630985654,-86.8448921279987,126,6361.81
9172832a-d99f-4400-b801-baf4cfd054b7,40.4471094397462,-86.9406839809772,38,1034.01
3fa1788a-9312-405f-9fad-405ff4e7cdb3,40.45193981583,-86.9030859357638,74,4540.65
9172832a-d99f-4400-b801-baf4cfd054b7,40.4491190979509,-86.9390806829885,3,218.11
c7cc28c1-7c0e-4520-ae19-cb46fb733b6b,40.4460969833193,-86.9435153569886,60,4176.74
24732034-b22f-40df-870b-590d76e81a8c,40.3929428006208,-86.8101575176204,110,9561.79
0bb04145-d02a-46c3-a800-6d0d42233c5c,40.472494094313,-86.924651128144,13,1353.96
1f1c7703-f37e-4cab-90b2-34b3f54726f7,40.468439552006,-86.9553934182405,46,3157.3
1f1c7703-f37e-4cab-90b2-34b3f54726f7,40.4674012035881,-86.9620964111842,61,4030.05
eb71757f-5a3d-4a11-adc1-1d0b0e65c723,40.3820091033074,-86.8490867837612,14,1122.4
e1d33256-6b3d-4dd2-9b32-5f76612e652a,40.41824428563,-86.8953314111259,5,381.88
d556586f-5536-47a5-9e1f-9ad30028e9c9,40.4607146548862,-86.9309549685826,229,9364.59
3bbf4832-650a-47e3-8118-13ea10ec264c,40.4351916189191,-86.8866680798999,25,2643.29
89055b80-8ef0-49cc-bbe3-6c7d5415021a,40.419899,-86.900407,17,1096.55
3fa1788a-9312-405f-9fad-405ff4e7cdb3,40.4361476928007,-86.8994546512381,46,2671.01
1f6ab1b9-203d-4800-9c2f-0575ebaff4a6,40.4266949907544,-86.9088933673308,185,7077.43
4aac4c21-daca-4d3b-abb9-c9efb54fea4a,40.4534302017825,-86.9554103295652,92,8904.18
a05e2688-6ec0-45d9-a447-37df08b14d0b,40.4264840306202,-86.847281628809,105,6380.07
1f6ab1b9-203d-4800-9c2f-0575ebaff4a6,40.4605874324042,-86.9307636784794,25,713.46
b60e3152-a76d-4f75-998c-5ccb6225d74b,40.3924431566178,-86.8477284469234,44,2509.98
d556586f-5536-47a5-9e1f-9ad30028e9c9,40.4227093067781,-86.8930990114712,3,337.86
93c1bdef-1567-4615-ab23-04d3cc324ca3,40.4319209017581,-86.8991573949991,31,2124.4
b60e3152-a76d-4f75-998c-5ccb6225d74b,40.3925476408149,-86.8493266216766,32,2148.16
28e019d7-aabd-407a-8617-6fb357801f08,40.3992694387202,-86.8556005861997,61,3607.67
afbfbe89-3824-47d8-a4f2-727023af88ac,40.4242082855363,-86.9191060731022,74,5288.56
28e019d7-aabd-407a-8617-6fb357801f08,40.3995257073349,-86.8558419226578,62,3642.71
0bb04145-d02a-46c3-a800-6d0d42233c5c,40.4608115828521,-86.924727822824,58,3908.62
dd423f77-d4ba-47f0-98c9-7d78e756d475,40.4030327739139,-86.8719191474866,58,3629.73
0a1d1408-7910-4fd5-b3f7-3ce7064b408b,40.4241225963196,-86.9170654593348,21,1851.57
0fd3c4b0-ae9d-40b2-a07c-715b3b3b553a,40.3815641611095,-86.8826083186135,126,8933.09
a05e2688-6ec0-45d9-a447-37df08b14d0b,40.4320962047384,-86.8667289913546,57,3799.15
a05e2688-6ec0-45d9-a447-37df08b14d0b,40.4148956778032,-86.8390217217921,144,8334.17
e0c92e87-ef25-4f24-8979-fce9c3bc02dd,40.4648078569598,-86.9620290784043,28,2441.93
0fd3c4b0-ae9d-40b2-a07c-715b3b3b553a,40.3818386492992,-86.8588956586837,146,10951.84
0fd3c4b0-ae9d-40b2-a07c-715b3b3b553a,40.4184068093495,-86.8942580695836,4,378.45
eb71757f-5a3d-4a11-adc1-1d0b0e65c723,40.3835909119546,-86.8986253527087,69,5386.49
1f6ab1b9-203d-4800-9c2f-0575ebaff4a6,40.4605552912534,-86.9305768531389,28,730.97
d556586f-5536-47a5-9e1f-9ad30028e9c9,40.4256216386983,-86.9011685804495,31,1778.07
9172832a-d99f-4400-b801-baf4cfd054b7,40.4473657972059,-86.9408868259584,36,1000.48
e0c92e87-ef25-4f24-8979-fce9c3bc02dd,40.4674734620113,-86.9478147030542,37,3913.92
0bb04145-d02a-46c3-a800-6d0d42233c5c,40.4406122264532,-86.9183562849494,105,6823.2
9172832a-d99f-4400-b801-baf4cfd054b7,40.4474819660061,-86.9390922991542,1,35.81
a05e2688-6ec0-45d9-a447-37df08b14d0b,40.4227219809887,-86.8868493081738,15,1016.34
93c1bdef-1567-4615-ab23-04d3cc324ca3,40.4436139864976,-86.8995442560155,49,3517.1
b2d5f522-ef1c-4f6f-a88e-f9f90dc80c88,40.4688845347436,-86.9470984405092,10,450.65
0fd3c4b0-ae9d-40b2-a07c-715b3b3b553a,40.3973888983997,-86.8948702230175,36,2831.69
002a917d-6cdc-46ab-bb61-4e54c64205ee,40.4045967003375,-86.8741502467381,14,1341.02
b2d5f522-ef1c-4f6f-a88e-f9f90dc80c88,40.4518698960306,-86.9265557696863,44,3418.55
e0c92e87-ef25-4f24-8979-fce9c3bc02dd,40.4597722192073,-86.9372997024968,60,5694.22
3fa1788a-9312-405f-9fad-405ff4e7cdb3,40.4517725379332,-86.902642512479,73,4498.8
3fa1788a-9312-405f-9fad-405ff4e7cdb3,40.4500741637498,-86.9010624626392,71,4265.41
0fd3c4b0-ae9d-40b2-a07c-715b3b3b553a,40.3817283517495,-86.8691091943149,136,10083.07
b811b298-72d9-4efd-9671-3351c62aa1de,40.446857150188,-86.940488192759,50,1062.6
ade7b7b0-935b-439e-966d-c3f250810c1a,40.4321110177523,-86.887463885205,17,1532.89
1f6ab1b9-203d-4800-9c2f-0575ebaff4a6,40.4470062576938,-86.9148092751945,107,3554.24
f25f38ba-f752-43fd-baec-05c57d7fd482,40.417357860483,-86.8757531785761,21,1965.25
3326e01b-3c23-4fa9-bcd3-2acaafb07d2d,40.432076970684,-86.8824610734002,73,4546.25
3326e01b-3c23-4fa9-bcd3-2acaafb07d2d,40.4062446992277,-86.8386720931161,187,11386.79
24732034-b22f-40df-870b-590d76e81a8c,40.3896397191523,-86.8383584181293,12,905.61
a05e2688-6ec0-45d9-a447-37df08b14d0b,40.4218311605381,-86.8919767752719,7,485.45
13bf0b02-f652-4609-943f-dbc509710e91,40.4321462807643,-86.8709887807739,151,8686.22
e1d33256-6b3d-4dd2-9b32-5f76612e652a,40.4605310484855,-86.9330919509204,122,10219.58
3fa1788a-9312-405f-9fad-405ff4e7cdb3,40.439476595095,-86.899288488352,54,3044.76
3326e01b-3c23-4fa9-bcd3-2acaafb07d2d,40.4320261312054,-86.8870948821798,33,2053.05
63c2c448-4a2f-4a35-a796-66b635935f73,40.4189892598527,-86.8701445814399,17,1139.1
afbfbe89-3824-47d8-a4f2-727023af88ac,40.4467091906882,-86.8994186874753,15,965.36
93c1bdef-1567-4615-ab23-04d3cc324ca3,40.4464268950478,-86.8992522000821,52,3831.6
33064dc1-95a3-4a07-8352-58827f35895b,40.3861695114302,-86.9033493381821,173,13677.18
3bbf4832-650a-47e3-8118-13ea10ec264c,40.4369393771327,-86.8861267679043,22,2442.56
96c76f87-236b-4d10-a004-d18116c5a5a0,40.4653201930275,-86.929931335625,118,6082.69
1f6ab1b9-203d-4800-9c2f-0575ebaff4a6,40.4308808106709,-86.9057552162263,152,5612.3
24732034-b22f-40df-870b-590d76e81a8c,40.3925075318927,-86.8107586277549,111,9631.99
0fd3c4b0-ae9d-40b2-a07c-715b3b3b553a,40.3869464285431,-86.9046943557576,89,6727.6
c7cc28c1-7c0e-4520-ae19-cb46fb733b6b,40.4174767421338,-86.8967312124471,142,10164.24
33064dc1-95a3-4a07-8352-58827f35895b,40.3723247759858,-86.8760098074826,101,7441.38
01f4d3e9-bd6a-4bca-ab3c-3b44e6831475,40.3932807239111,-86.912667453785,61,4575.88
d556586f-5536-47a5-9e1f-9ad30028e9c9,40.4388438880576,-86.9073978983559,105,5365.2
3326e01b-3c23-4fa9-bcd3-2acaafb07d2d,40.4274222919764,-86.8461270491156,125,8295.03
4b95220c-b38a-4e29-86e4-87b6928ae673,40.3939531813278,-86.8370404065141,26,1533.56
4b95220c-b38a-4e29-86e4-87b6928ae673,40.4097515967531,-86.8290455094219,91,6088
270e300e-042e-44fa-b9c9-e21538746b2f,40.4010093634453,-86.838545216498,30,3699.49
eb71757f-5a3d-4a11-adc1-1d0b0e65c723,40.381703472176,-86.8767832011775,38,3474.41
4b95220c-b38a-4e29-86e4-87b6928ae673,40.4098791889061,-86.8290901391572,90,6073.33
01b692f1-d433-46dc-bbc7-f1ccd7a75e1d,40.4182545944791,-86.8800108937393,65,5972.59
89055b80-8ef0-49cc-bbe3-6c7d5415021a,40.4183991721925,-86.8981487243601,8,822.43
f25f38ba-f752-43fd-baec-05c57d7fd482,40.4173101733512,-86.8755280599313,22,1985.02
afbfbe89-3824-47d8-a4f2-727023af88ac,40.4501533091172,-86.9012164911275,8,543.55
b60e3152-a76d-4f75-998c-5ccb6225d74b,40.3940247778743,-86.8486528154931,52,2752.02
170011b0-977b-444b-a647-c0e01b5f04fb,40.3953534138252,-86.8822386992209,30,2826
eb71757f-5a3d-4a11-adc1-1d0b0e65c723,40.3816195698242,-86.8779802846224,39,3576.17
e5c0c034-1aae-426b-a8b7-3e19ad8540c5,40.4346974289779,-86.881504339755,38,2629.11
270e300e-042e-44fa-b9c9-e21538746b2f,40.4030233553284,-86.8343240574646,25,3115.44
96c76f87-236b-4d10-a004-d18116c5a5a0,40.4519879635876,-86.924516422031,69,4045.78
170011b0-977b-444b-a647-c0e01b5f04fb,40.3661814640692,-86.8627617818937,87,7699.05
56875f33-4f60-4591-a742-8e882d645c09,40.4649293298419,-86.9364789611408,77,7338.84
dd423f77-d4ba-47f0-98c9-7d78e756d475,40.4047191114334,-86.8743514515912,54,3350.32
d556586f-5536-47a5-9e1f-9ad30028e9c9,40.4607284347798,-86.9307294846524,228,9345.46
b2d5f522-ef1c-4f6f-a88e-f9f90dc80c88,40.4669974301796,-86.9472854558124,17,666.17
1f6ab1b9-203d-4800-9c2f-0575ebaff4a6,40.4575214031905,-86.9330674401322,8,111.06
afbfbe89-3824-47d8-a4f2-727023af88ac,40.4282489830116,-86.9008518686008,46,3250.21
f25f38ba-f752-43fd-baec-05c57d7fd482,40.417543893383,-86.8364314459506,55,5303.6
b811b298-72d9-4efd-9671-3351c62aa1de,40.4477613463961,-86.9444036219746,133,11538.28
0fd3c4b0-ae9d-40b2-a07c-715b3b3b553a,40.3817025054516,-86.8689539652439,137,10096.52
4b95220c-b38a-4e29-86e4-87b6928ae673,40.3850963360719,-86.8417863515731,9,321.99
96c76f87-236b-4d10-a004-d18116c5a5a0,40.4793800505784,-86.9312890716699,156,10419.96
b811b298-72d9-4efd-9671-3351c62aa1de,40.4313775034411,-86.9298391350031,88,4386.22
e1d33256-6b3d-4dd2-9b32-5f76612e652a,40.452124,-86.926372,117,9122.4
0bb04145-d02a-46c3-a800-6d0d42233c5c,40.4662175655013,-86.9318193170816,23,2654.56
01b692f1-d433-46dc-bbc7-f1ccd7a75e1d,40.4182605277237,-86.8905096020985,79,6863.41
092fb563-ae54-468c-ae0c-1f4db815f671,40.4360561332736,-86.9154446968701,66,5425.59
13bf0b02-f652-4609-943f-dbc509710e91,40.4321462807643,-86.873382750225,152,8888.71
a05e2688-6ec0-45d9-a447-37df08b14d0b,40.4275155619586,-86.8869693049316,25,1552.75
3fa1788a-9312-405f-9fad-405ff4e7cdb3,40.4306697847917,-86.8997429220988,34,1988.02
3326e01b-3c23-4fa9-bcd3-2acaafb07d2d,40.387443571265,-86.8399506897858,205,13515.24
33064dc1-95a3-4a07-8352-58827f35895b,40.3879838972191,-86.893895149915,156,12350.48
170011b0-977b-444b-a647-c0e01b5f04fb,40.3874813096064,-86.8763160586752,44,4194.34
f45e2fd4-e04e-476c-87ff-d079f18a5c71,40.417262,-86.893175,3,485.89
1f6ab1b9-203d-4800-9c2f-0575ebaff4a6,40.4605024622421,-86.9300947275442,34,777.32
3326e01b-3c23-4fa9-bcd3-2acaafb07d2d,40.4220985087209,-86.8469310786064,153,8964.83
3326e01b-3c23-4fa9-bcd3-2acaafb07d2d,40.3849342250805,-86.8415298990501,209,13851.04
9172832a-d99f-4400-b801-baf4cfd054b7,40.4428890611463,-86.9425470794766,73,2518.03
33064dc1-95a3-4a07-8352-58827f35895b,40.380728706361,-86.8761536713949,111,8381.84
270e300e-042e-44fa-b9c9-e21538746b2f,40.3996491670399,-86.8052984360038,3,164.64
e0c92e87-ef25-4f24-8979-fce9c3bc02dd,40.4454179121398,-86.9616958882759,6,270.2
e1d33256-6b3d-4dd2-9b32-5f76612e652a,40.459531387183,-86.9350130285807,126,10419.12
e1d33256-6b3d-4dd2-9b32-5f76612e652a,40.424308,-86.922719,53,2948.85
270e300e-042e-44fa-b9c9-e21538746b2f,40.3896444727764,-86.8384813362036,45,4974.64
eb71757f-5a3d-4a11-adc1-1d0b0e65c723,40.3817428205148,-86.8762238168172,37,3426.86
3fa1788a-9312-405f-9fad-405ff4e7cdb3,40.4294604406442,-86.9002770831014,29,1843.83
56875f33-4f60-4591-a742-8e882d645c09,40.4471742182442,-86.9224629285131,61,5014.17
b811b298-72d9-4efd-9671-3351c62aa1de,40.4477696159266,-86.9444135831121,56,1719.51
96c76f87-236b-4d10-a004-d18116c5a5a0,40.4789676975549,-86.9258078500174,145,9717.17
a05e2688-6ec0-45d9-a447-37df08b14d0b,40.4321060130606,-86.8631435275615,60,4104.11
13bf0b02-f652-4609-943f-dbc509710e91,40.4142217603709,-86.8388110600063,48,3652.83
eb71757f-5a3d-4a11-adc1-1d0b0e65c723,40.3942746353231,-86.9003541775254,110,9350.17
170011b0-977b-444b-a647-c0e01b5f04fb,40.394645,-86.885852,27,2437.4
0fd3c4b0-ae9d-40b2-a07c-715b3b3b553a,40.3817191542168,-86.8756941716332,130,9519.15
b811b298-72d9-4efd-9671-3351c62aa1de,40.4500746995255,-86.9418416584636,16,534
170011b0-977b-444b-a647-c0e01b5f04fb,40.3732233870194,-86.8759891712195,63,5786.38
e0c92e87-ef25-4f24-8979-fce9c3bc02dd,40.4516507017685,-86.9619882845974,10,969.83
092fb563-ae54-468c-ae0c-1f4db815f671,40.432700689596,-86.9152314612407,67,5798.88
1f6ab1b9-203d-4800-9c2f-0575ebaff4a6,40.425400034483,-86.9007653001549,202,7796.86
96c76f87-236b-4d10-a004-d18116c5a5a0,40.426353632546,-86.9103572991085,3,347.43
170011b0-977b-444b-a647-c0e01b5f04fb,40.3837351715256,-86.8762552045346,50,4612.63
afbfbe89-3824-47d8-a4f2-727023af88ac,40.4439600493922,-86.8996139478887,23,1275.5
e1d33256-6b3d-4dd2-9b32-5f76612e652a,40.4366295790079,-86.9362570847858,79,5121.67
d556586f-5536-47a5-9e1f-9ad30028e9c9,40.4244205465943,-86.8931293372066,7,530.68
89055b80-8ef0-49cc-bbe3-6c7d5415021a,40.4184199376958,-86.90587112567,37,1609.85
0fd3c4b0-ae9d-40b2-a07c-715b3b3b553a,40.3957626459457,-86.8959919748302,40,3038.33
9172832a-d99f-4400-b801-baf4cfd054b7,40.4491226338299,-86.9393827032961,4,243.65
96c76f87-236b-4d10-a004-d18116c5a5a0,40.465232445527,-86.9305375411216,121,6135.45
0fd3c4b0-ae9d-40b2-a07c-715b3b3b553a,40.3844852974704,-86.9017976165889,97,7225.84
1f1c7703-f37e-4cab-90b2-34b3f54726f7,40.4690897950448,-86.944326384385,23,1961.56
b60e3152-a76d-4f75-998c-5ccb6225d74b,40.3982119633387,-86.8540393610472,60,3430.86
170011b0-977b-444b-a647-c0e01b5f04fb,40.3866761829655,-86.852572938395,114,11348.29
9172832a-d99f-4400-b801-baf4cfd054b7,40.4303908420067,-86.9319073131577,88,4196.56
afbfbe89-3824-47d8-a4f2-727023af88ac,40.4316874898049,-86.8992991269222,43,2845.07
e5c0c034-1aae-426b-a8b7-3e19ad8540c5,40.4264471778872,-86.8915100019918,63,4566.34
4b95220c-b38a-4e29-86e4-87b6928ae673,40.3944169051962,-86.8370564319926,31,1586.62
eb71757f-5a3d-4a11-adc1-1d0b0e65c723,40.4127435001061,-86.8929657948036,129,11706.65
3326e01b-3c23-4fa9-bcd3-2acaafb07d2d,40.4321060130606,-86.8570131254066,100,6709.6
170011b0-977b-444b-a647-c0e01b5f04fb,40.387887,-86.89941,8,536.46
afbfbe89-3824-47d8-a4f2-727023af88ac,40.439503248707,-86.8993127690433,27,1771.75
4b95220c-b38a-4e29-86e4-87b6928ae673,40.4007287562328,-86.8384223782076,40,2410.13
270e300e-042e-44fa-b9c9-e21538746b2f,40.3988646208563,-86.8055894556993,5,255.39
01b692f1-d433-46dc-bbc7-f1ccd7a75e1d,40.4179310382763,-86.8792657639195,63,5897.79
1f6ab1b9-203d-4800-9c2f-0575ebaff4a6,40.430988080274,-86.9057225861997,151,5600.06
d556586f-5536-47a5-9e1f-9ad30028e9c9,40.4261377289326,-86.9027601434193,33,1924.4
4e025ba5-8f41-4b28-a28d-f15951c5a468,40.4467724357511,-86.9403432466021,47,6507.34
3326e01b-3c23-4fa9-bcd3-2acaafb07d2d,40.4276192443144,-86.8869435421791,26,1561.8
0a1d1408-7910-4fd5-b3f7-3ce7064b408b,40.4191122949696,-86.9021097294676,58,3758.69
b2d5f522-ef1c-4f6f-a88e-f9f90dc80c88,40.4436626839311,-86.9199973458631,51,4493.78
a05e2688-6ec0-45d9-a447-37df08b14d0b,40.4164494201534,-86.838951778827,142,8159.03
170011b0-977b-444b-a647-c0e01b5f04fb,40.383043,-86.8572,106,10569.45
33064dc1-95a3-4a07-8352-58827f35895b,40.3953962266118,-86.8810974287085,136,10417.49
4b95220c-b38a-4e29-86e4-87b6928ae673,40.4138690374118,-86.8279447791742,75,4945.99
0bb04145-d02a-46c3-a800-6d0d42233c5c,40.4385536737746,-86.9170883021537,109,7077.22
96c76f87-236b-4d10-a004-d18116c5a5a0,40.461769906257,-86.9245139062509,88,5144.47
b811b298-72d9-4efd-9671-3351c62aa1de,40.4500391588915,-86.9424756944615,18,589.25
f45e2fd4-e04e-476c-87ff-d079f18a5c71,40.4173152926365,-86.8896209925224,8,788.64
f45e2fd4-e04e-476c-87ff-d079f18a5c71,40.3851105477185,-86.8418157778731,95,7805.17
afbfbe89-3824-47d8-a4f2-727023af88ac,40.4302384215735,-86.9191072534983,85,5968.72
d556586f-5536-47a5-9e1f-9ad30028e9c9,40.4307834758874,-86.9059439367226,80,4404.39
ade7b7b0-935b-439e-966d-c3f250810c1a,40.4352881041493,-86.8864452586451,28,1924.65
c7cc28c1-7c0e-4520-ae19-cb46fb733b6b,40.446074424387,-86.9221621946251,48,2368.62
4e025ba5-8f41-4b28-a28d-f15951c5a468,40.4482196146782,-86.9445702446373,38,5742.43
eb71757f-5a3d-4a11-adc1-1d0b0e65c723,40.4085235286012,-86.8929086519,125,11236.71
e5c0c034-1aae-426b-a8b7-3e19ad8540c5,40.4243507229492,-86.8937789885077,67,4942
4b95220c-b38a-4e29-86e4-87b6928ae673,40.3949702286762,-86.8372620243185,35,1676.02
4e025ba5-8f41-4b28-a28d-f15951c5a468,40.4477613463961,-86.9444036219746,34,5685.52
63c2c448-4a2f-4a35-a796-66b635935f73,40.4200895819904,-86.8820916483941,30,2179.88
a05e2688-6ec0-45d9-a447-37df08b14d0b,40.4275608483879,-86.8458309316654,87,6179.3
dd423f77-d4ba-47f0-98c9-7d78e756d475,40.4082838971377,-86.8769042081004,45,2853.55
01b692f1-d433-46dc-bbc7-f1ccd7a75e1d,40.4174521152256,-86.8786872586071,61,5825.47
93c1bdef-1567-4615-ab23-04d3cc324ca3,40.4466154031555,-86.8993323560425,53,3853.62
93c1bdef-1567-4615-ab23-04d3cc324ca3,40.4537747872706,-86.9030557778036,65,4755.35
4b95220c-b38a-4e29-86e4-87b6928ae673,40.405455,-86.828217,99,6585.59
0a1d1408-7910-4fd5-b3f7-3ce7064b408b,40.4242384275256,-86.9252261957243,14,1158.89
4e025ba5-8f41-4b28-a28d-f15951c5a468,40.4479101977897,-86.9444624832411,35,5702.79
f45e2fd4-e04e-476c-87ff-d079f18a5c71,40.4076341037532,-86.867442540374,32,3160.8
f25f38ba-f752-43fd-baec-05c57d7fd482,40.4175270778552,-86.8434108603885,52,4712.4
d556586f-5536-47a5-9e1f-9ad30028e9c9,40.4587304281502,-86.91563485348,164,7836.32
f45e2fd4-e04e-476c-87ff-d079f18a5c71,40.3914834313002,-86.8492332731942,71,5857.6
d556586f-5536-47a5-9e1f-9ad30028e9c9,40.4575379230798,-86.9341279259613,250,10004.22
3326e01b-3c23-4fa9-bcd3-2acaafb07d2d,40.4292591919584,-86.8916994283482,51,3085.59
e8cb7b35-8b91-4734-bc08-322ef94d7dcd,40.4529611862551,-86.9608527086244,2,171.49
3326e01b-3c23-4fa9-bcd3-2acaafb07d2d,40.4320790401711,-86.8776239046949,81,4959.77
e0c92e87-ef25-4f24-8979-fce9c3bc02dd,40.4476131718493,-86.962014780346,0,0
e0c92e87-ef25-4f24-8979-fce9c3bc02dd,40.4671079389875,-86.9405488727972,43,4535.46
ade7b7b0-935b-439e-966d-c3f250810c1a,40.4326531231034,-86.88712101532,20,1618.61
d556586f-5536-47a5-9e1f-9ad30028e9c9,40.4286670657841,-86.9110388086621,53,2719.76
a05e2688-6ec0-45d9-a447-37df08b14d0b,40.4180334065136,-86.8389929908095,139,7979.31
24732034-b22f-40df-870b-590d76e81a8c,40.402866087354,-86.8279310262737,47,3558.15
0fd3c4b0-ae9d-40b2-a07c-715b3b3b553a,40.396167,-86.895664,38,2984.6
3326e01b-3c23-4fa9-bcd3-2acaafb07d2d,40.4008856654695,-86.8386074506406,189,11982.55
4b95220c-b38a-4e29-86e4-87b6928ae673,40.3949750609038,-86.8383787667069,36,1770.53
1f6ab1b9-203d-4800-9c2f-0575ebaff4a6,40.4606657474447,-86.924119851793,58,1291.94
89055b80-8ef0-49cc-bbe3-6c7d5415021a,40.418748,-86.904449,32,1476.89
d556586f-5536-47a5-9e1f-9ad30028e9c9,40.4257179737439,-86.8914651102584,21,945.77
01b692f1-d433-46dc-bbc7-f1ccd7a75e1d,40.4176014804682,-86.8588990697278,40,4135.89
63c2c448-4a2f-4a35-a796-66b635935f73,40.420085,-86.884236,33,2362.18
d556586f-5536-47a5-9e1f-9ad30028e9c9,40.4607478842038,-86.9242078049626,197,8777.63
0a1d1408-7910-4fd5-b3f7-3ce7064b408b,40.4242389803511,-86.9231795502201,17,1333.49
28e019d7-aabd-407a-8617-6fb357801f08,40.4174508046308,-86.8786670811647,100,6439.61
1f6ab1b9-203d-4800-9c2f-0575ebaff4a6,40.4480072348019,-86.9157382534378,102,3416.45
3326e01b-3c23-4fa9-bcd3-2acaafb07d2d,40.4271851599431,-86.8470615849222,132,8380.21
1f6ab1b9-203d-4800-9c2f-0575ebaff4a6,40.4604297207497,-86.9168827683529,82,1918.07
0fd3c4b0-ae9d-40b2-a07c-715b3b3b553a,40.4053997404182,-86.893007222569,26,1915.13
b811b298-72d9-4efd-9671-3351c62aa1de,40.448224438538,-86.945267524259,140,11655.06
4aac4c21-daca-4d3b-abb9-c9efb54fea4a,40.4529964434757,-86.9587158124018,96,9190.7
24732034-b22f-40df-870b-590d76e81a8c,40.3992746293473,-86.8081304314093,141,11992.69
170011b0-977b-444b-a647-c0e01b5f04fb,40.3844056833971,-86.8411764814009,130,12783.81
270e300e-042e-44fa-b9c9-e21538746b2f,40.4030341630603,-86.8321809729678,22,2933.71
01b692f1-d433-46dc-bbc7-f1ccd7a75e1d,40.4182459945304,-86.8883078984824,75,6676.45
d556586f-5536-47a5-9e1f-9ad30028e9c9,40.4607607280902,-86.9203017968,184,8442.12
f25f38ba-f752-43fd-baec-05c57d7fd482,40.4174970952683,-86.8640316530876,32,2960.78
e1d33256-6b3d-4dd2-9b32-5f76612e652a,40.4460502995259,-86.9227647600676,105,8215.75
96c76f87-236b-4d10-a004-d18116c5a5a0,40.4658231141748,-86.9277541652984,102,5812.26
13bf0b02-f652-4609-943f-dbc509710e91,40.4218392241591,-86.893034668287,199,11730.99
1f1c7703-f37e-4cab-90b2-34b3f54726f7,40.4598148675056,-86.9340055120325,6,394.64
1f6ab1b9-203d-4800-9c2f-0575ebaff4a6,40.436907523676,-86.9061195080338,137,4933.84
f25f38ba-f752-43fd-baec-05c57d7fd482,40.4174222842756,-86.8140558400393,76,8035.33
afbfbe89-3824-47d8-a4f2-727023af88ac,40.4452456968735,-86.8994584049664,20,1130.21
e1d33256-6b3d-4dd2-9b32-5f76612e652a,40.4202432074248,-86.9007894559443,23,949.76
9172832a-d99f-4400-b801-baf4cfd054b7,40.4492070048575,-86.940420087601,6,332.18
ade7b7b0-935b-439e-966d-c3f250810c1a,40.4254246414092,-86.8928619967702,9,646.09
092fb563-ae54-468c-ae0c-1f4db815f671,40.4668099369154,-86.946001010147,23,783.46
0a1d1408-7910-4fd5-b3f7-3ce7064b408b,40.4184031735899,-86.9080914204175,41,3220.11
96c76f87-236b-4d10-a004-d18116c5a5a0,40.4311486870122,-86.9137032639827,12,983.36
96c76f87-236b-4d10-a004-d18116c5a5a0,40.4678456499649,-86.9317774908737,128,6545.15
3326e01b-3c23-4fa9-bcd3-2acaafb07d2d,40.4273788637888,-86.8462592605765,126,8307.21
3326e01b-3c23-4fa9-bcd3-2acaafb07d2d,40.4320916997247,-86.8846549133914,71,4360.58
e1d33256-6b3d-4dd2-9b32-5f76612e652a,40.4509544291581,-86.9254506581784,115,8970.31
f25f38ba-f752-43fd-baec-05c57d7fd482,40.4175938813269,-86.8268472890013,69,6949.57
32580df6-cf1f-4b44-970a-3d33e8c7feff,40.4200264797494,-86.8841244740004,16,961.61
3fa1788a-9312-405f-9fad-405ff4e7cdb3,40.4266603262378,-86.9081847116448,13,853.89
002a917d-6cdc-46ab-bb61-4e54c64205ee,40.4182449247258,-86.890436710675,55,3896.6
e1d33256-6b3d-4dd2-9b32-5f76612e652a,40.4460818675824,-86.9228783401172,104,8205.52
e1d33256-6b3d-4dd2-9b32-5f76612e652a,40.4270707910421,-86.9305794600361,59,3927.48
24732034-b22f-40df-870b-590d76e81a8c,40.3962100179581,-86.8383402053748,38,1907.1
93c1bdef-1567-4615-ab23-04d3cc324ca3,40.4279264502467,-86.9009273275972,21,1652.36
d556586f-5536-47a5-9e1f-9ad30028e9c9,40.4420193931068,-86.9111489309537,116,5844.72
d556586f-5536-47a5-9e1f-9ad30028e9c9,40.4607431865181,-86.9267904416794,210,9002.82
13bf0b02-f652-4609-943f-dbc509710e91,40.4288279830763,-86.887073490198,177,10431.84
93c1bdef-1567-4615-ab23-04d3cc324ca3,40.439761169772,-86.8992816108136,47,3088.09
e0c92e87-ef25-4f24-8979-fce9c3bc02dd,40.4575379230798,-86.9341279259613,70,6216.46
56875f33-4f60-4591-a742-8e882d645c09,40.4314404380802,-86.9191772945002,36,2634.81
e1d33256-6b3d-4dd2-9b32-5f76612e652a,40.4459972185185,-86.9216383402008,107,8311.69
0fd3c4b0-ae9d-40b2-a07c-715b3b3b553a,40.3818874929137,-86.8859345984945,121,8647.74
0bb04145-d02a-46c3-a800-6d0d42233c5c,40.4519748308069,-86.9240077938254,75,4942.84
270e300e-042e-44fa-b9c9-e21538746b2f,40.3992736577555,-86.8092184847128,11,572.94
e5c0c034-1aae-426b-a8b7-3e19ad8540c5,40.4377481544744,-86.8815488752705,34,2289.29
d556586f-5536-47a5-9e1f-9ad30028e9c9,40.4324394331344,-86.9150365988977,63,3262.51
13bf0b02-f652-4609-943f-dbc509710e91,40.414271,-86.838761,49,3659.75
13bf0b02-f652-4609-943f-dbc509710e91,40.432135196598,-86.8707746473976,149,8664.87
33064dc1-95a3-4a07-8352-58827f35895b,40.3743288201034,-86.8759192546694,104,7665.54
0a1d1408-7910-4fd5-b3f7-3ce7064b408b,40.4274116687472,-86.930483643252,5,338.81
3326e01b-3c23-4fa9-bcd3-2acaafb07d2d,40.4320937526576,-86.8710296150415,85,5519.21
afbfbe89-3824-47d8-a4f2-727023af88ac,40.4312895304403,-86.9154742851832,91,6420.24
13bf0b02-f652-4609-943f-dbc509710e91,40.3840073726401,-86.8422801885028,7,124.24
ade7b7b0-935b-439e-966d-c3f250810c1a,40.4487566635563,-86.8778877901859,44,3624.74
3fa1788a-9312-405f-9fad-405ff4e7cdb3,40.4284810068057,-86.9006463707106,28,1730.6
24732034-b22f-40df-870b-590d76e81a8c,40.3968988470362,-86.8096974290739,135,11580.07
3326e01b-3c23-4fa9-bcd3-2acaafb07d2d,40.4338976564169,-86.8870529260922,36,2262.51
24732034-b22f-40df-870b-590d76e81a8c,40.3945222431461,-86.83701826283,32,1598.18
dd423f77-d4ba-47f0-98c9-7d78e756d475,40.3998465681532,-86.8671696792904,65,4168.35
b811b298-72d9-4efd-9671-3351c62aa1de,40.4500515124864,-86.9418564844791,17,536.87
13bf0b02-f652-4609-943f-dbc509710e91,40.4218630554627,-86.8929523871895,198,11723.54
96c76f87-236b-4d10-a004-d18116c5a5a0,40.4389172751346,-86.9173411560557,30,1942.4
9172832a-d99f-4400-b801-baf4cfd054b7,40.431280459838,-86.9153011986793,101,5640.75
270e300e-042e-44fa-b9c9-e21538746b2f,40.403048867169,-86.8341187735867,24,3097.84
b60e3152-a76d-4f75-998c-5ccb6225d74b,40.3997742093024,-86.8563008018387,63,3690.36
e1d33256-6b3d-4dd2-9b32-5f76612e652a,40.4273143705032,-86.9306263906068,61,3956.11
0bb04145-d02a-46c3-a800-6d0d42233c5c,40.4618293478839,-86.9245513144618,51,3789.87
0bb04145-d02a-46c3-a800-6d0d42233c5c,40.436859488884,-86.9156593648463,115,7306.51
d556586f-5536-47a5-9e1f-9ad30028e9c9,40.4425249409871,-86.9119196883511,117,5930.77
c7cc28c1-7c0e-4520-ae19-cb46fb733b6b,40.454984135055,-86.9296961471978,17,1150.63
96c76f87-236b-4d10-a004-d18116c5a5a0,40.451984752376,-86.9241070816655,66,4008.33
0fd3c4b0-ae9d-40b2-a07c-715b3b3b553a,40.4052608767907,-86.893038231206,27,1930.78
13bf0b02-f652-4609-943f-dbc509710e91,40.4218375355414,-86.8928616567309,197,11715.36
b811b298-72d9-4efd-9671-3351c62aa1de,40.4488395422005,-86.9411550129148,37,825.37
a05e2688-6ec0-45d9-a447-37df08b14d0b,40.4320888484958,-86.873580996285,48,3216.96
eb71757f-5a3d-4a11-adc1-1d0b0e65c723,40.3818571909193,-86.8608748234367,22,2121.57
b60e3152-a76d-4f75-998c-5ccb6225d74b,40.4182605277237,-86.8905096020985,117,7479
1f6ab1b9-203d-4800-9c2f-0575ebaff4a6,40.4264298715592,-86.9042218676698,195,7478.25
1f6ab1b9-203d-4800-9c2f-0575ebaff4a6,40.4605604997455,-86.9256255308539,43,1156.99
b811b298-72d9-4efd-9671-3351c62aa1de,40.4491443996233,-86.9414819436099,29,769.55
f45e2fd4-e04e-476c-87ff-d079f18a5c71,40.4173321418229,-86.8885738131263,11,879.36
1f1c7703-f37e-4cab-90b2-34b3f54726f7,40.4690911070384,-86.9440661094167,21,1938.97
e0c92e87-ef25-4f24-8979-fce9c3bc02dd,40.4589162610212,-86.9347046544568,68,6054.03
afbfbe89-3824-47d8-a4f2-727023af88ac,40.428287787512,-86.9191567367823,83,5749.26
e0c92e87-ef25-4f24-8979-fce9c3bc02dd,40.4606548748984,-86.9372946559379,58,5596.06
3326e01b-3c23-4fa9-bcd3-2acaafb07d2d,40.384837358683,-86.8414263277862,210,13864.92
0bb04145-d02a-46c3-a800-6d0d42233c5c,40.4324512441427,-86.9151174673508,124,7802.94
092fb563-ae54-468c-ae0c-1f4db815f671,40.4674055547037,-86.9472922679419,16,619.38
3326e01b-3c23-4fa9-bcd3-2acaafb07d2d,40.4207121363298,-86.83907724608,174,9767.76
d556586f-5536-47a5-9e1f-9ad30028e9c9,40.4553210949268,-86.9156638313346,156,7452.09
e1d33256-6b3d-4dd2-9b32-5f76612e652a,40.4459796940642,-86.936928023831,101,7016.65
b2d5f522-ef1c-4f6f-a88e-f9f90dc80c88,40.4553161314712,-86.9299617256418,41,2938.81
e8cb7b35-8b91-4734-bc08-322ef94d7dcd,40.4528545772697,-86.9613979588901,16,404.83
afbfbe89-3824-47d8-a4f2-727023af88ac,40.4459383147458,-86.8993653709849,19,1052.85
96c76f87-236b-4d10-a004-d18116c5a5a0,40.460536254807,-86.9244715282163,79,5000.32
3326e01b-3c23-4fa9-bcd3-2acaafb07d2d,40.4228172379822,-86.8868108575983,16,1026.35
eb71757f-5a3d-4a11-adc1-1d0b0e65c723,40.383573,-86.89251,57,4856.61
93c1bdef-1567-4615-ab23-04d3cc324ca3,40.4363168047102,-86.8994500791642,40,2678.76
f25f38ba-f752-43fd-baec-05c57d7fd482,40.4138571707325,-86.8290776123079,63,6341.88
9172832a-d99f-4400-b801-baf4cfd054b7,40.4475135432421,-86.9449495177226,50,1664.45
0fd3c4b0-ae9d-40b2-a07c-715b3b3b553a,40.3834476197839,-86.8950993081831,109,7824.32
b60e3152-a76d-4f75-998c-5ccb6225d74b,40.39185,-86.84846,42,2419.55
3326e01b-3c23-4fa9-bcd3-2acaafb07d2d,40.3901904908202,-86.8384855614007,200,13176.37
33064dc1-95a3-4a07-8352-58827f35895b,40.3651795123876,-86.860561177265,65,5180.9
170011b0-977b-444b-a647-c0e01b5f04fb,40.384024569614,-86.8422962793422,132,12887.64
0a1d1408-7910-4fd5-b3f7-3ce7064b408b,40.4242384275256,-86.9254901541354,12,1135.48
d556586f-5536-47a5-9e1f-9ad30028e9c9,40.4311432503962,-86.9137076898638,59,3078.2
9172832a-d99f-4400-b801-baf4cfd054b7,40.4398155607006,-86.9391558665294,77,2965.7
13bf0b02-f652-4609-943f-dbc509710e91,40.4206141861465,-86.84587101099,72,5004.13
0a1d1408-7910-4fd5-b3f7-3ce7064b408b,40.4204199995959,-86.9103528286362,34,2817.36
a05e2688-6ec0-45d9-a447-37df08b14d0b,40.420671454934,-86.8400750993626,133,7575.49
ade7b7b0-935b-439e-966d-c3f250810c1a,40.4420488941269,-86.8840471542538,35,2707.77
28e019d7-aabd-407a-8617-6fb357801f08,40.3971246864902,-86.8525557582504,57,3255.59
a05e2688-6ec0-45d9-a447-37df08b14d0b,40.4251542940828,-86.8472146598825,109,6533.79
afbfbe89-3824-47d8-a4f2-727023af88ac,40.4363857191207,-86.8973141671444,37,2293.95
e5c0c034-1aae-426b-a8b7-3e19ad8540c5,40.4303054768029,-86.882322095771,44,3187.9
b2d5f522-ef1c-4f6f-a88e-f9f90dc80c88,40.4711671255752,-86.9455961527456,5,145
b2d5f522-ef1c-4f6f-a88e-f9f90dc80c88,40.4321870639489,-86.9149711595031,62,5865.85
96c76f87-236b-4d10-a004-d18116c5a5a0,40.4521225662305,-86.9216633988418,61,3783.93
ade7b7b0-935b-439e-966d-c3f250810c1a,40.4338907093059,-86.8870837773749,23,1758.01
01b692f1-d433-46dc-bbc7-f1ccd7a75e1d,40.4176696563493,-86.8544880201804,38,3762.47
b811b298-72d9-4efd-9671-3351c62aa1de,40.4500109220947,-86.9410273924612,13,463.66
01b692f1-d433-46dc-bbc7-f1ccd7a75e1d,40.4182635982086,-86.8809466370948,66,6051.76
170011b0-977b-444b-a647-c0e01b5f04fb,40.3707942518343,-86.8760364580984,66,6057.51
b811b298-72d9-4efd-9671-3351c62aa1de,40.4491249865683,-86.939402835934,6,242.85
0bb04145-d02a-46c3-a800-6d0d42233c5c,40.4654406282911,-86.9317746092916,27,2741.39
0a1d1408-7910-4fd5-b3f7-3ce7064b408b,40.424201,-86.923336,16,1319.6
270e300e-042e-44fa-b9c9-e21538746b2f,40.3903594985487,-86.8383859188626,42,4891.58
4e025ba5-8f41-4b28-a28d-f15951c5a468,40.4314396959267,-86.9298634900898,16,3242
b60e3152-a76d-4f75-998c-5ccb6225d74b,40.3929912725126,-86.8482206667854,47,2584.37
0a1d1408-7910-4fd5-b3f7-3ce7064b408b,40.4189327907155,-86.903524405503,56,3637.13
56875f33-4f60-4591-a742-8e882d645c09,40.4283502578532,-86.9191555120218,32,2288.68
33064dc1-95a3-4a07-8352-58827f35895b,40.3953817993523,-86.8833864461582,141,10617.08
33064dc1-95a3-4a07-8352-58827f35895b,40.366733,-86.862837,52,4809.66
e0c92e87-ef25-4f24-8979-fce9c3bc02dd,40.4644084253555,-86.9365308842976,50,4999.94
4e025ba5-8f41-4b28-a28d-f15951c5a468,40.4312186160014,-86.9306581799668,17,3313.57
0a1d1408-7910-4fd5-b3f7-3ce7064b408b,40.4183406535985,-86.9054292885686,53,3462.51
24732034-b22f-40df-870b-590d76e81a8c,40.3943619626694,-86.8370654081448,31,1579.93
c7cc28c1-7c0e-4520-ae19-cb46fb733b6b,40.4520355412115,-86.9267054944306,22,1569.3
b811b298-72d9-4efd-9671-3351c62aa1de,40.4423566426251,-86.9421648646691,69,2565.24
3326e01b-3c23-4fa9-bcd3-2acaafb07d2d,40.4266288614565,-86.8471865519198,137,8445.48
e1d33256-6b3d-4dd2-9b32-5f76612e652a,40.4306511648775,-86.9317166525994,71,4344.74
d556586f-5536-47a5-9e1f-9ad30028e9c9,40.4605777147977,-86.9198565043577,178,8394.3
b60e3152-a76d-4f75-998c-5ccb6225d74b,40.4181941755501,-86.8796394838976,102,6556.28
092fb563-ae54-468c-ae0c-1f4db815f671,40.4686724989959,-86.9472434611871,13,477.51
01b692f1-d433-46dc-bbc7-f1ccd7a75e1d,40.4168625435674,-86.8140051443631,7,236.46
f25f38ba-f752-43fd-baec-05c57d7fd482,40.4154519764223,-86.8146615200319,84,8267.76
092fb563-ae54-468c-ae0c-1f4db815f671,40.4718219276238,-86.9457131796974,5,72.15
24732034-b22f-40df-870b-590d76e81a8c,40.388318,-86.810195,120,10566.71
3326e01b-3c23-4fa9-bcd3-2acaafb07d2d,40.4289710777385,-86.8449548986527,113,8079.35
63c2c448-4a2f-4a35-a796-66b635935f73,40.4200572124947,-86.884103640366,32,2350.56
e0c92e87-ef25-4f24-8979-fce9c3bc02dd,40.467406,-86.94749,38,3942.37
24732034-b22f-40df-870b-590d76e81a8c,40.4032580634388,-86.8276485135112,53,3647.37
e5c0c034-1aae-426b-a8b7-3e19ad8540c5,40.4407200002254,-86.8744237257761,14,1377.74
3326e01b-3c23-4fa9-bcd3-2acaafb07d2d,40.4266054237488,-86.8472490354186,138,8451.37
e5c0c034-1aae-426b-a8b7-3e19ad8540c5,40.426190952887,-86.8914258548015,61,4536.8
3326e01b-3c23-4fa9-bcd3-2acaafb07d2d,40.4321175914946,-86.8480798881721,105,7467.6
170011b0-977b-444b-a647-c0e01b5f04fb,40.3641462143135,-86.860565280544,97,8122.79
01f4d3e9-bd6a-4bca-ab3c-3b44e6831475,40.3926265329075,-86.9046496094471,54,3891.21
9172832a-d99f-4400-b801-baf4cfd054b7,40.4422447798356,-86.9420539967624,74,2600.88
0a1d1408-7910-4fd5-b3f7-3ce7064b408b,40.4182389132057,-86.9059392101426,51,3417.88
0bb04145-d02a-46c3-a800-6d0d42233c5c,40.4508508792839,-86.9199796995742,81,5358.49
4e025ba5-8f41-4b28-a28d-f15951c5a468,40.4474512382674,-86.9451425572636,32,5613.33
0bb04145-d02a-46c3-a800-6d0d42233c5c,40.4241247595703,-86.9170952625606,147,9309.71
0a1d1408-7910-4fd5-b3f7-3ce7064b408b,40.4182681114532,-86.8884775300565,95,5789.45
c7cc28c1-7c0e-4520-ae19-cb46fb733b6b,40.4203226255317,-86.8954962643662,151,11017.99
1f6ab1b9-203d-4800-9c2f-0575ebaff4a6,40.4444805699777,-86.913628675553,113,3853.99
0bb04145-d02a-46c3-a800-6d0d42233c5c,40.4454504004781,-86.921268750552,99,6228.62
b811b298-72d9-4efd-9671-3351c62aa1de,40.430845250513,-86.9319997955559,121,9291.49
d556586f-5536-47a5-9e1f-9ad30028e9c9,40.4264551086609,-86.903530546907,35,1998.62
33064dc1-95a3-4a07-8352-58827f35895b,40.3922776894675,-86.8763930837088,128,9674.24
002a917d-6cdc-46ab-bb61-4e54c64205ee,40.418249496843,-86.891552804858,59,3991.79
e5c0c034-1aae-426b-a8b7-3e19ad8540c5,40.4257199619681,-86.8894955390316,57,4318.34
a05e2688-6ec0-45d9-a447-37df08b14d0b,40.4006023833627,-86.8385239349378,154,9928.28
ade7b7b0-935b-439e-966d-c3f250810c1a,40.44341,-86.88282,38,2892.03
e0c92e87-ef25-4f24-8979-fce9c3bc02dd,40.4466263866455,-86.9619406523184,1,109.83
d556586f-5536-47a5-9e1f-9ad30028e9c9,40.4480804770041,-86.9156713435454,141,6643.98
89055b80-8ef0-49cc-bbe3-6c7d5415021a,40.4195851215054,-86.9102260505232,49,2113.06
e5c0c034-1aae-426b-a8b7-3e19ad8540c5,40.4279605395784,-86.8822617966849,46,3448.53
d556586f-5536-47a5-9e1f-9ad30028e9c9,40.4606775402917,-86.9206407359133,187,8473
afbfbe89-3824-47d8-a4f2-727023af88ac,40.4245414092864,-86.9190750669882,76,5326.19
33064dc1-95a3-4a07-8352-58827f35895b,40.3879646684039,-86.8969435354516,159,12609.02
b2d5f522-ef1c-4f6f-a88e-f9f90dc80c88,40.4668692239693,-86.9462825605616,21,758.17
33064dc1-95a3-4a07-8352-58827f35895b,40.3953804472288,-86.8859987378779,142,10838.15
1f1c7703-f37e-4cab-90b2-34b3f54726f7,40.4537162315223,-86.9621487816002,74,5557.89
1f6ab1b9-203d-4800-9c2f-0575ebaff4a6,40.4327529926749,-86.9058008137823,148,5403.49
170011b0-977b-444b-a647-c0e01b5f04fb,40.3670952371995,-86.8743423541339,68,6606.77
e1d33256-6b3d-4dd2-9b32-5f76612e652a,40.4310721973549,-86.9323900217795,75,4420.94
3fa1788a-9312-405f-9fad-405ff4e7cdb3,40.4313669083328,-86.9149806635348,1,28.76
a05e2688-6ec0-45d9-a447-37df08b14d0b,40.420813,-86.839346,135,7640.7
d556586f-5536-47a5-9e1f-9ad30028e9c9,40.4430268112633,-86.912607644968,119,6011.58
b811b298-72d9-4efd-9671-3351c62aa1de,40.4482196146782,-86.9445702446373,137,11595.19
f25f38ba-f752-43fd-baec-05c57d7fd482,40.4165540544721,-86.814332807842,81,8138.47
a05e2688-6ec0-45d9-a447-37df08b14d0b,40.420862935533,-86.8390751827428,137,7664.8
b811b298-72d9-4efd-9671-3351c62aa1de,40.4482244385382,-86.9445620946158,60,1775.48
c7cc28c1-7c0e-4520-ae19-cb46fb733b6b,40.4478795843592,-86.923434119396,41,2119.55
b811b298-72d9-4efd-9671-3351c62aa1de,40.4470168719088,-86.9405867561457,48,1042.76
1f6ab1b9-203d-4800-9c2f-0575ebaff4a6,40.4604152517975,-86.9201690381548,70,1636.03
f25f38ba-f752-43fd-baec-05c57d7fd482,40.417493446787,-86.8550119282161,43,3725.62
24732034-b22f-40df-870b-590d76e81a8c,40.4007287562328,-86.8384223782076,40,2409.27
d556586f-5536-47a5-9e1f-9ad30028e9c9,40.4607215448335,-86.9288459241132,213,9176.69
3bbf4832-650a-47e3-8118-13ea10ec264c,40.45606264394,-86.8759853066442,2,98.98
dd423f77-d4ba-47f0-98c9-7d78e756d475,40.4048018596298,-86.8744700796828,52,3333.81
0bb04145-d02a-46c3-a800-6d0d42233c5c,40.4363452677858,-86.9154155909351,117,7368.89
9172832a-d99f-4400-b801-baf4cfd054b7,40.4493153163094,-86.9422438321586,17,695.95
0bb04145-d02a-46c3-a800-6d0d42233c5c,40.4614867358677,-86.9245593302586,53,3829.33
e0c92e87-ef25-4f24-8979-fce9c3bc02dd,40.4520094106736,-86.9618930990482,11,1010.49
0fd3c4b0-ae9d-40b2-a07c-715b3b3b553a,40.3857332972627,-86.903350747219,86,6480.52
3fa1788a-9312-405f-9fad-405ff4e7cdb3,40.4266693530616,-86.9088023681202,10,799.19
56875f33-4f60-4591-a742-8e882d645c09,40.4313775119332,-86.914757014356,41,3008.95
b2d5f522-ef1c-4f6f-a88e-f9f90dc80c88,40.4502030002989,-86.9251407786932,48,3645.55
01f4d3e9-bd6a-4bca-ab3c-3b44e6831475,40.3815796397799,-86.878009232104,128,9322.4
28e019d7-aabd-407a-8617-6fb357801f08,40.4182503139725,-86.8886300667807,115,7319.61
f45e2fd4-e04e-476c-87ff-d079f18a5c71,40.3929895226761,-86.8482624659692,61,5561.39
3fa1788a-9312-405f-9fad-405ff4e7cdb3,40.428378,-86.900634,27,1719.11
d556586f-5536-47a5-9e1f-9ad30028e9c9,40.4292917287158,-86.9117242823804,54,2810.2
96c76f87-236b-4d10-a004-d18116c5a5a0,40.433308028229,-86.9151779971081,19,1265.12
b2d5f522-ef1c-4f6f-a88e-f9f90dc80c88,40.4363195082324,-86.9154263593427,58,5402.25
092fb563-ae54-468c-ae0c-1f4db815f671,40.472175607054,-86.9461126883002,1,18.18
270e300e-042e-44fa-b9c9-e21538746b2f,40.3993541240307,-86.8054405930901,4,199.56
e1d33256-6b3d-4dd2-9b32-5f76612e652a,40.4460325624926,-86.9405060422054,99,6713.22
170011b0-977b-444b-a647-c0e01b5f04fb,40.3879370522385,-86.8938069035473,13,1012.6
270e300e-042e-44fa-b9c9-e21538746b2f,40.403013468349,-86.8385847112803,29,3476.77
0bb04145-d02a-46c3-a800-6d0d42233c5c,40.4320448894528,-86.9148318120737,126,7854.6
13bf0b02-f652-4609-943f-dbc509710e91,40.415999238697,-86.8388906825154,51,3853.73
9172832a-d99f-4400-b801-baf4cfd054b7,40.448851197985,-86.9411570880518,31,828.39
33064dc1-95a3-4a07-8352-58827f35895b,40.38376623353,-86.842544523953,2,83
e5c0c034-1aae-426b-a8b7-3e19ad8540c5,40.4268161401727,-86.8921461547499,66,4635.19
1f6ab1b9-203d-4800-9c2f-0575ebaff4a6,40.4252267190121,-86.8992437341799,206,7927.31
89055b80-8ef0-49cc-bbe3-6c7d5415021a,40.4182237840924,-86.8952070725231,3,569.33
e0c92e87-ef25-4f24-8979-fce9c3bc02dd,40.4674665653689,-86.9470078922085,39,3983.68
0fd3c4b0-ae9d-40b2-a07c-715b3b3b553a,40.393304401237,-86.9124728091045,60,4559.2
4b95220c-b38a-4e29-86e4-87b6928ae673,40.4042516749895,-86.827820303602,105,6733.34
32580df6-cf1f-4b44-970a-3d33e8c7feff,40.4220482958584,-86.860636434593,66,4145.94
4b95220c-b38a-4e29-86e4-87b6928ae673,40.3929270594277,-86.8368084632174,19,1399.11
d556586f-5536-47a5-9e1f-9ad30028e9c9,40.4567800931149,-86.9156657125716,159,7617.62
c7cc28c1-7c0e-4520-ae19-cb46fb733b6b,40.4233347730462,-86.906958525648,120,9042.89
3fa1788a-9312-405f-9fad-405ff4e7cdb3,40.4261033030911,-86.9034475544203,20,1264.98
b2d5f522-ef1c-4f6f-a88e-f9f90dc80c88,40.4332950892124,-86.9152082427528,59,5738.83
9172832a-d99f-4400-b801-baf4cfd054b7,40.446071867555,-86.9434825138413,44,1404.31
e5c0c034-1aae-426b-a8b7-3e19ad8540c5,40.4321077313226,-86.8823600771036,42,2987.58
f45e2fd4-e04e-476c-87ff-d079f18a5c71,40.3917964154048,-86.8485796331026,74,5926.43
24732034-b22f-40df-870b-590d76e81a8c,40.3896138233767,-86.8142555549516,116,10078.18
d556586f-5536-47a5-9e1f-9ad30028e9c9,40.4266038789445,-86.8920977474754,11,792.21
b2d5f522-ef1c-4f6f-a88e-f9f90dc80c88,40.4659967898437,-86.9381607531183,33,1558.01
0a1d1408-7910-4fd5-b3f7-3ce7064b408b,40.4242394734098,-86.9295578359644,9,790.52
170011b0-977b-444b-a647-c0e01b5f04fb,40.3854736915513,-86.8763380871021,48,4418.78
d556586f-5536-47a5-9e1f-9ad30028e9c9,40.4606646839863,-86.9208703398288,189,8492.98
4b95220c-b38a-4e29-86e4-87b6928ae673,40.3995675075152,-86.8080167611838,123,9047.58
24732034-b22f-40df-870b-590d76e81a8c,40.402789007784,-86.8276062982213,102,6926.85
e5c0c034-1aae-426b-a8b7-3e19ad8540c5,40.4378058494801,-86.8696148597726,6,637.49
0fd3c4b0-ae9d-40b2-a07c-715b3b3b553a,40.3940161172442,-86.9011190329966,46,3518.36
1f6ab1b9-203d-4800-9c2f-0575ebaff4a6,40.4391367682917,-86.9078956683653,129,4632.7
170011b0-977b-444b-a647-c0e01b5f04fb,40.3670366613974,-86.8682505598311,81,7127.47
56875f33-4f60-4591-a742-8e882d645c09,40.432242,-86.914828,44,3197.47
3fa1788a-9312-405f-9fad-405ff4e7cdb3,40.4267580158034,-86.909076420062,9,774
d556586f-5536-47a5-9e1f-9ad30028e9c9,40.4441107283943,-86.913351375473,124,6151.1
c7cc28c1-7c0e-4520-ae19-cb46fb733b6b,40.4337016620688,-86.9344377717561,81,5885.26
ade7b7b0-935b-439e-966d-c3f250810c1a,40.4285846355028,-86.8910372991572,11,1029.78
c7cc28c1-7c0e-4520-ae19-cb46fb733b6b,40.42751,-86.93075,95,6649.83
e1d33256-6b3d-4dd2-9b32-5f76612e652a,40.4242013667473,-86.9190238468359,51,2635.37
d556586f-5536-47a5-9e1f-9ad30028e9c9,40.4308026777346,-86.9069104854093,79,4322.61
1f1c7703-f37e-4cab-90b2-34b3f54726f7,40.4693643666453,-86.9573634502517,51,3425.56
0fd3c4b0-ae9d-40b2-a07c-715b3b3b553a,40.3869032185508,-86.9120543419339,69,5396.2
93c1bdef-1567-4615-ab23-04d3cc324ca3,40.431280459838,-86.9153011986793,0,0
01b692f1-d433-46dc-bbc7-f1ccd7a75e1d,40.4175539166492,-86.8616005944881,44,4366.45
3fa1788a-9312-405f-9fad-405ff4e7cdb3,40.4450562800114,-86.899461993485,61,3666.87
24732034-b22f-40df-870b-590d76e81a8c,40.403009248714,-86.8282779271724,45,3524.15
13bf0b02-f652-4609-943f-dbc509710e91,40.4321843643298,-86.8685073774163,147,8471.87
33064dc1-95a3-4a07-8352-58827f35895b,40.3671808925246,-86.872266764115,91,6544.45
0fd3c4b0-ae9d-40b2-a07c-715b3b3b553a,40.3930483740409,-86.9025140845974,48,3678.45
3326e01b-3c23-4fa9-bcd3-2acaafb07d2d,40.4320663471262,-86.8632824339439,95,6178.01
96c76f87-236b-4d10-a004-d18116c5a5a0,40.4458979519826,-86.9192343719901,47,2993.52
9172832a-d99f-4400-b801-baf4cfd054b7,40.4477668706247,-86.9408487925246,35,955.8
89055b80-8ef0-49cc-bbe3-6c7d5415021a,40.4184973716958,-86.9102644604225,47,1990.9
9172832a-d99f-4400-b801-baf4cfd054b7,40.4482408158755,-86.9452692454918,63,1849.79
0fd3c4b0-ae9d-40b2-a07c-715b3b3b553a,40.3833957807056,-86.895384490097,107,7798.37
4e025ba5-8f41-4b28-a28d-f15951c5a468,40.4312804714502,-86.9326828168225,25,3514.42
a05e2688-6ec0-45d9-a447-37df08b14d0b,40.4273271635286,-86.8467337729434,93,6261.62
1f1c7703-f37e-4cab-90b2-34b3f54726f7,40.4689962867278,-86.9436657523604,19,1903.26
a05e2688-6ec0-45d9-a447-37df08b14d0b,40.428347288401,-86.8449589078785,81,6063.49
0fd3c4b0-ae9d-40b2-a07c-715b3b3b553a,40.4018123687394,-86.8930978711306,30,2315.03
0bb04145-d02a-46c3-a800-6d0d42233c5c,40.4787970453461,-86.9246694110369,11,652.61
1f6ab1b9-203d-4800-9c2f-0575ebaff4a6,40.4605277606471,-86.9294717782461,37,830.5
c7cc28c1-7c0e-4520-ae19-cb46fb733b6b,40.423931,-86.911286,114,8655.02
e1d33256-6b3d-4dd2-9b32-5f76612e652a,40.4374267379366,-86.9368644601388,80,5224.07
f45e2fd4-e04e-476c-87ff-d079f18a5c71,40.4029173553357,-86.8607649126072,39,3935.56
a05e2688-6ec0-45d9-a447-37df08b14d0b,40.4320863964148,-86.8692417153062,52,3585.78
092fb563-ae54-468c-ae0c-1f4db815f671,40.4367333910902,-86.9156445214536,65,5348.46
eb71757f-5a3d-4a11-adc1-1d0b0e65c723,40.3851176461872,-86.8418038663392,8,321.85
c7cc28c1-7c0e-4520-ae19-cb46fb733b6b,40.4504394468018,-86.9251100291712,31,1795.74
4e025ba5-8f41-4b28-a28d-f15951c5a468,40.430362,-86.913149,0,0
13bf0b02-f652-4609-943f-dbc509710e91,40.3896397191523,-86.8383584181293,19,909.32
b811b298-72d9-4efd-9671-3351c62aa1de,40.4492044035761,-86.940527618112,9,338.62
c7cc28c1-7c0e-4520-ae19-cb46fb733b6b,40.419466997973,-86.9004388463334,135,9776.51
93c1bdef-1567-4615-ab23-04d3cc324ca3,40.4543097752189,-86.9030566629284,66,4814.8
24732034-b22f-40df-870b-590d76e81a8c,40.4097667065397,-86.8290417017684,84,6088.35
d556586f-5536-47a5-9e1f-9ad30028e9c9,40.4606746931787,-86.9326447397194,232,9507.57
13bf0b02-f652-4609-943f-dbc509710e91,40.4321159679959,-86.880166940699,160,9468.07
4b95220c-b38a-4e29-86e4-87b6928ae673,40.402934873279,-86.8367071054403,42,2811.52
d556586f-5536-47a5-9e1f-9ad30028e9c9,40.4314751314262,-86.9104424415968,72,3953.73
170011b0-977b-444b-a647-c0e01b5f04fb,40.3863477520382,-86.8572368705549,110,10938.15
93c1bdef-1567-4615-ab23-04d3cc324ca3,40.4479141481145,-86.8995047715976,55,3998.79
9172832a-d99f-4400-b801-baf4cfd054b7,40.4313283365371,-86.9153823503484,100,5632.07
96c76f87-236b-4d10-a004-d18116c5a5a0,40.4653710388988,-86.9317088853528,123,6267.61
3326e01b-3c23-4fa9-bcd3-2acaafb07d2d,40.4321060130606,-86.8631435275615,96,6190.56
afbfbe89-3824-47d8-a4f2-727023af88ac,40.432282040865,-86.8990281347821,41,2773.61
b2d5f522-ef1c-4f6f-a88e-f9f90dc80c88,40.4699898812251,-86.9456434203496,7,276.13
4e025ba5-8f41-4b28-a28d-f15951c5a468,40.4419838155498,-86.9416995013773,28,4938.65
32580df6-cf1f-4b44-970a-3d33e8c7feff,40.4190366745336,-86.8617988619256,44,2888.46
170011b0-977b-444b-a647-c0e01b5f04fb,40.3748778904287,-86.8760500043791,61,5602.34
9172832a-d99f-4400-b801-baf4cfd054b7,40.4313449742215,-86.9142551203119,103,5732.27
d556586f-5536-47a5-9e1f-9ad30028e9c9,40.4332465459588,-86.9105376219852,71,3756.73
3fa1788a-9312-405f-9fad-405ff4e7cdb3,40.4320648804518,-86.8990913146807,37,2153.33
a05e2688-6ec0-45d9-a447-37df08b14d0b,40.4208417378225,-86.8460635540907,122,7037.8
e1d33256-6b3d-4dd2-9b32-5f76612e652a,40.4460199456699,-86.9433609267424,96,6468.03
afbfbe89-3824-47d8-a4f2-727023af88ac,40.4476848587677,-86.8994861653604,14,856.79
01b692f1-d433-46dc-bbc7-f1ccd7a75e1d,40.4176030331037,-86.8194247303806,14,784.4
092fb563-ae54-468c-ae0c-1f4db815f671,40.4664536098512,-86.9389716946466,35,1472.76
4e025ba5-8f41-4b28-a28d-f15951c5a468,40.4460098115212,-86.9404455685881,45,6414.99
4b95220c-b38a-4e29-86e4-87b6928ae673,40.4024028038809,-86.8053352519116,135,9583.63
e1d33256-6b3d-4dd2-9b32-5f76612e652a,40.4182280694093,-86.8942568095411,3,290.42
56875f33-4f60-4591-a742-8e882d645c09,40.4247976896194,-86.9079917011566,12,781.68
4b95220c-b38a-4e29-86e4-87b6928ae673,40.4029630364754,-86.8345130583354,43,2997.2
0bb04145-d02a-46c3-a800-6d0d42233c5c,40.4314092926475,-86.9168049917519,135,8118.35
0fd3c4b0-ae9d-40b2-a07c-715b3b3b553a,40.4129304539538,-86.8930114943235,17,1076.34
a05e2688-6ec0-45d9-a447-37df08b14d0b,40.3962553165183,-86.8384279849971,160,10413.93
3fa1788a-9312-405f-9fad-405ff4e7cdb3,40.4319899041646,-86.8990912675316,36,2145
89055b80-8ef0-49cc-bbe3-6c7d5415021a,40.4183831289831,-86.9055534108941,36,1582.66
170011b0-977b-444b-a647-c0e01b5f04fb,40.3743542004664,-86.8759952545354,62,5660.72
24732034-b22f-40df-870b-590d76e81a8c,40.3949219639779,-86.8096854532962,130,11356.4
4b95220c-b38a-4e29-86e4-87b6928ae673,40.4028729045685,-86.8275438401095,114,6935.76
e8cb7b35-8b91-4734-bc08-322ef94d7dcd,40.4526876274016,-86.9621916375612,13,333.57
b60e3152-a76d-4f75-998c-5ccb6225d74b,40.4050058208261,-86.863571255644,71,4539.24
0fd3c4b0-ae9d-40b2-a07c-715b3b3b553a,40.3830847453979,-86.8890197482906,117,8347.58
170011b0-977b-444b-a647-c0e01b5f04fb,40.3651886669875,-86.8605559733349,95,8006.57
f45e2fd4-e04e-476c-87ff-d079f18a5c71,40.3950333027734,-86.8496578525778,54,5226.81
ade7b7b0-935b-439e-966d-c3f250810c1a,40.4317759364293,-86.8881621385258,15,1461.89
092fb563-ae54-468c-ae0c-1f4db815f671,40.460427642904,-86.933359441374,40,2300.01
d556586f-5536-47a5-9e1f-9ad30028e9c9,40.427582949748,-86.9069300234054,45,2320.65
b811b298-72d9-4efd-9671-3351c62aa1de,40.4476866400747,-86.94086041449,43,960.42
f45e2fd4-e04e-476c-87ff-d079f18a5c71,40.3848412858057,-86.8414320346585,97,7849.46
3bbf4832-650a-47e3-8118-13ea10ec264c,40.4253704447346,-86.893015018278,37,3890.4
d556586f-5536-47a5-9e1f-9ad30028e9c9,40.4256746426627,-86.8919378156625,22,986.05
0fd3c4b0-ae9d-40b2-a07c-715b3b3b553a,40.3932423749587,-86.9122942552675,59,4542.59
4e025ba5-8f41-4b28-a28d-f15951c5a468,40.4264034634168,-86.9191050676942,6,1763.97
4b95220c-b38a-4e29-86e4-87b6928ae673,40.4011716347091,-86.8047993358431,138,9729.11
b811b298-72d9-4efd-9671-3351c62aa1de,40.4240586116349,-86.9103726393206,102,6634.17
dd423f77-d4ba-47f0-98c9-7d78e756d475,40.4059954910451,-86.8762775733535,50,3131.37
b60e3152-a76d-4f75-998c-5ccb6225d74b,40.4182623856417,-86.886786791194,112,7163.49
9172832a-d99f-4400-b801-baf4cfd054b7,40.4500382230206,-86.9424790442486,14,593.1
96c76f87-236b-4d10-a004-d18116c5a5a0,40.4608463157725,-86.9243878876288,84,5040.27
f45e2fd4-e04e-476c-87ff-d079f18a5c71,40.3942262091157,-86.8484883968062,57,5362.28
33064dc1-95a3-4a07-8352-58827f35895b,40.387501819167,-86.9046656617826,168,13314.22
d556586f-5536-47a5-9e1f-9ad30028e9c9,40.4603384626986,-86.9334488751805,237,9585.81
ade7b7b0-935b-439e-966d-c3f250810c1a,40.4248450447104,-86.8931361968372,7,577.14
3326e01b-3c23-4fa9-bcd3-2acaafb07d2d,40.4250487233,-86.8471410558745,146,8633.27
cf98ced7-c172-4e65-98ed-b92c8d5118ed,40.393849,-86.901211,109,9263.6
cf98ced7-c172-4e65-98ed-b92c8d5118ed,40.3942746353231,-86.9003541775254,110,9350.17
28e019d7-aabd-407a-8617-6fb357801f08,40.4051690960845,-86.8638029916679,73,4567.08
cf98ced7-c172-4e65-98ed-b92c8d5118ed,40.381703472176,-86.8767832011775,38,3474.41
cf98ced7-c172-4e65-98ed-b92c8d5118ed,40.3816195698242,-86.8779802846224,39,3576.17
01f4d3e9-bd6a-4bca-ab3c-3b44e6831475,40.3830363038111,-86.8427490938001,163,12904.73
28e019d7-aabd-407a-8617-6fb357801f08,40.4063995891794,-86.8655499610684,74,4768.44
fa3c48c4-e5ed-42ea-a149-8f48abc3adb2,40.3930084273748,-86.8482183383681,79,6105.36
fa3c48c4-e5ed-42ea-a149-8f48abc3adb2,40.393741505483,-86.8491201962158,80,6216.99
fa3c48c4-e5ed-42ea-a149-8f48abc3adb2,40.393913746173,-86.8488057870578,81,6249.77
28e019d7-aabd-407a-8617-6fb357801f08,40.4064748504585,-86.8656135857268,75,4778.39
01f4d3e9-bd6a-4bca-ab3c-3b44e6831475,40.383548829298,-86.894561351391,110,7871.22
fa3c48c4-e5ed-42ea-a149-8f48abc3adb2,40.4172645757952,-86.8894339733978,9,805.44
01f4d3e9-bd6a-4bca-ab3c-3b44e6831475,40.4018123687394,-86.8930978711306,30,2315.03
01f4d3e9-bd6a-4bca-ab3c-3b44e6831475,40.4016802659194,-86.8930721610628,31,2329.87
93c1bdef-1567-4615-ab23-04d3cc324ca3,40.4543033458572,-86.9019371151024,67,4909.46
1f1c7703-f37e-4cab-90b2-34b3f54726f7,40.4575235446444,-86.9330435600915,3,104.01
f25f38ba-f752-43fd-baec-05c57d7fd482,40.420014,-86.894267,1,89.97
63c2c448-4a2f-4a35-a796-66b635935f73,40.4189798485625,-86.8734453245071,19,1419.11
b60e3152-a76d-4f75-998c-5ccb6225d74b,40.4078126313757,-86.8675358132626,77,4998.97
93c1bdef-1567-4615-ab23-04d3cc324ca3,40.4514815182377,-86.9021838547101,61,4458.1
13bf0b02-f652-4609-943f-dbc509710e91,40.3962100179581,-86.8383402053748,27,1642.46
24732034-b22f-40df-870b-590d76e81a8c,40.4015729399381,-86.8084068777537,149,12254.73
4b95220c-b38a-4e29-86e4-87b6928ae673,40.400214714542,-86.8080747151346,126,9120.74
e0c92e87-ef25-4f24-8979-fce9c3bc02dd,40.4578140202942,-86.9341306471925,69,6185.78
b2d5f522-ef1c-4f6f-a88e-f9f90dc80c88,40.4668129382386,-86.94564958569,23,812.64
24732034-b22f-40df-870b-590d76e81a8c,40.409874283398,-86.8289522224203,68,4416.01
93c1bdef-1567-4615-ab23-04d3cc324ca3,40.426621,-86.908275,12,838.52
89055b80-8ef0-49cc-bbe3-6c7d5415021a,40.4195592057442,-86.9001963377116,14,1048.27
4b95220c-b38a-4e29-86e4-87b6928ae673,40.3835160778579,-86.8426055733992,1,54.68
13bf0b02-f652-4609-943f-dbc509710e91,40.3896898718097,-86.8383792175577,20,915.16
96c76f87-236b-4d10-a004-d18116c5a5a0,40.4325075361292,-86.9150546452295,16,1175.11
c7cc28c1-7c0e-4520-ae19-cb46fb733b6b,40.4206412031862,-86.9011881049312,129,9622.47
0fd3c4b0-ae9d-40b2-a07c-715b3b3b553a,40.3820268974095,-86.8445531754696,151,12166.8
b2d5f522-ef1c-4f6f-a88e-f9f90dc80c88,40.472062943106,-86.9460359469743,2,31.58
63c2c448-4a2f-4a35-a796-66b635935f73,40.4200902831608,-86.8902252251044,43,2872
a05e2688-6ec0-45d9-a447-37df08b14d0b,40.3987237864996,-86.8385037975296,155,10137.04
24732034-b22f-40df-870b-590d76e81a8c,40.3930890497143,-86.8367210964325,21,1419.12
24732034-b22f-40df-870b-590d76e81a8c,40.4032405287068,-86.8278768598519,97,6846.54
d556586f-5536-47a5-9e1f-9ad30028e9c9,40.425165981772,-86.893019878759,9,614.4
56875f33-4f60-4591-a742-8e882d645c09,40.438203241718,-86.9166879008226,53,3900.14
24732034-b22f-40df-870b-590d76e81a8c,40.4022249697252,-86.8052813609103,160,12585.2
a05e2688-6ec0-45d9-a447-37df08b14d0b,40.4321036436535,-86.8476760969145,71,5416.67
28e019d7-aabd-407a-8617-6fb357801f08,40.3911701424038,-86.8433533281846,16,1278
28e019d7-aabd-407a-8617-6fb357801f08,40.3913824437331,-86.8436927634403,17,1315.17
28e019d7-aabd-407a-8617-6fb357801f08,40.3928806121874,-86.8464126793392,21,1600.9
28e019d7-aabd-407a-8617-6fb357801f08,40.3928615002293,-86.8480478865085,46,2563.83
01f4d3e9-bd6a-4bca-ab3c-3b44e6831475,40.3835192070169,-86.8925585965862,111,8040.77
fa3c48c4-e5ed-42ea-a149-8f48abc3adb2,40.3940670820263,-86.8485934229774,82,6274.54
cf98ced7-c172-4e65-98ed-b92c8d5118ed,40.3816056519841,-86.8826170497885,40,3968.65
cf98ced7-c172-4e65-98ed-b92c8d5118ed,40.3953999101234,-86.8965150293978,111,9698.3
cf98ced7-c172-4e65-98ed-b92c8d5118ed,40.3958706960616,-86.8956946988116,112,9785.23
fa3c48c4-e5ed-42ea-a149-8f48abc3adb2,40.3942177067011,-86.8484791753431,83,6293.87
28e019d7-aabd-407a-8617-6fb357801f08,40.4065186512078,-86.8657129737596,76,4788.11
28e019d7-aabd-407a-8617-6fb357801f08,40.4078126313757,-86.8675358132626,77,4998.97
01f4d3e9-bd6a-4bca-ab3c-3b44e6831475,40.3834995855987,-86.8924259777323,112,8052.21
fa3c48c4-e5ed-42ea-a149-8f48abc3adb2,40.3923852979585,-86.8458533943188,84,6595.27
fa3c48c4-e5ed-42ea-a149-8f48abc3adb2,40.3918375291365,-86.8447949161764,85,6703.57
e5c0c034-1aae-426b-a8b7-3e19ad8540c5,40.441695380008,-86.8749046693089,20,1539.08
9172832a-d99f-4400-b801-baf4cfd054b7,40.449047465679,-86.9415213923978,26,785.05
d556586f-5536-47a5-9e1f-9ad30028e9c9,40.4361574025832,-86.905845893562,95,5028.13
96c76f87-236b-4d10-a004-d18116c5a5a0,40.4520428071912,-86.9242743479695,67,4023.88
170011b0-977b-444b-a647-c0e01b5f04fb,40.3839489515436,-86.8424233486121,133,12901.29
4b95220c-b38a-4e29-86e4-87b6928ae673,40.4138466692181,-86.827811777892,76,4957.51
4e025ba5-8f41-4b28-a28d-f15951c5a468,40.4264711658373,-86.9191114203458,8,1773.32
170011b0-977b-444b-a647-c0e01b5f04fb,40.367089990226,-86.8759675920834,67,6469.17
170011b0-977b-444b-a647-c0e01b5f04fb,40.393157,-86.885836,24,2270.39
a05e2688-6ec0-45d9-a447-37df08b14d0b,40.4320367875618,-86.8451710229927,73,5628.87
0bb04145-d02a-46c3-a800-6d0d42233c5c,40.4649189171918,-86.9248165859329,49,3424.4
63c2c448-4a2f-4a35-a796-66b635935f73,40.4200791891495,-86.8883797824766,41,2715.59
e1d33256-6b3d-4dd2-9b32-5f76612e652a,40.4392613732375,-86.9383547865364,82,5465.05
ade7b7b0-935b-439e-966d-c3f250810c1a,40.4325907715228,-86.8871634643055,19,1610.81
0fd3c4b0-ae9d-40b2-a07c-715b3b3b553a,40.4165094549748,-86.8942928308541,8,590.68
4b95220c-b38a-4e29-86e4-87b6928ae673,40.4138697842057,-86.828986376577,74,4857.87
092fb563-ae54-468c-ae0c-1f4db815f671,40.468786250682,-86.9471873898042,12,464.01
3bbf4832-650a-47e3-8118-13ea10ec264c,40.4423620288679,-86.8840497317896,16,1810.03
a05e2688-6ec0-45d9-a447-37df08b14d0b,40.4231493243834,-86.8471485164753,112,6758.34
0fd3c4b0-ae9d-40b2-a07c-715b3b3b553a,40.3848031392576,-86.9114388174676,73,5636.88
b811b298-72d9-4efd-9671-3351c62aa1de,40.4490826307924,-86.9415202093956,31,777.28
3bbf4832-650a-47e3-8118-13ea10ec264c,40.4370857031922,-86.8860269237775,21,2424.24
c7cc28c1-7c0e-4520-ae19-cb46fb733b6b,40.4508267364719,-86.9254809317527,25,1739.16
01b692f1-d433-46dc-bbc7-f1ccd7a75e1d,40.41825562573,-86.8835175900061,69,6269.58
dd423f77-d4ba-47f0-98c9-7d78e756d475,40.4034636982816,-86.8725299645278,56,3558.21
fa3c48c4-e5ed-42ea-a149-8f48abc3adb2,40.3917025262356,-86.8446633861562,86,6722.25
fa3c48c4-e5ed-42ea-a149-8f48abc3adb2,40.3916283822237,-86.844405307511,87,6745.59
fa3c48c4-e5ed-42ea-a149-8f48abc3adb2,40.3900854397423,-86.841176943147,88,7068.16
28e019d7-aabd-407a-8617-6fb357801f08,40.4079318289716,-86.8676088373428,78,5013.59
01f4d3e9-bd6a-4bca-ab3c-3b44e6831475,40.4008002122255,-86.8932991009212,32,2429.53
01f4d3e9-bd6a-4bca-ab3c-3b44e6831475,40.3999626882075,-86.8936203081053,33,2526.48
01f4d3e9-bd6a-4bca-ab3c-3b44e6831475,40.398282291135,-86.8944163433009,34,2724.99
28e019d7-aabd-407a-8617-6fb357801f08,40.3929571024199,-86.8465803429655,22,1617.44
28e019d7-aabd-407a-8617-6fb357801f08,40.4079863354521,-86.8677742534646,79,5028.84
28e019d7-aabd-407a-8617-6fb357801f08,40.3929912725126,-86.8482206667854,47,2584.37
cf98ced7-c172-4e65-98ed-b92c8d5118ed,40.381630394809,-86.8829175056749,41,3994.23
fa3c48c4-e5ed-42ea-a149-8f48abc3adb2,40.384130254987,-86.8419700194515,99,7977.51
28e019d7-aabd-407a-8617-6fb357801f08,40.3925316531316,-86.8494245131389,33,2156.63
28e019d7-aabd-407a-8617-6fb357801f08,40.3934099066085,-86.8487282051389,50,2648.79
28e019d7-aabd-407a-8617-6fb357801f08,40.3937348340652,-86.8491456857244,51,2699.31
0fd3c4b0-ae9d-40b2-a07c-715b3b3b553a,40.384673828738,-86.9025898628405,95,7155.58
1f1c7703-f37e-4cab-90b2-34b3f54726f7,40.4573390897348,-86.9338648951931,1,31.35
f45e2fd4-e04e-476c-87ff-d079f18a5c71,40.4172820101548,-86.8942337867161,2,396.29
9172832a-d99f-4400-b801-baf4cfd054b7,40.4303908420067,-86.9321018295181,87,4180.11
a05e2688-6ec0-45d9-a447-37df08b14d0b,40.4147301066127,-86.838906011135,145,8355.01
0bb04145-d02a-46c3-a800-6d0d42233c5c,40.4587485311032,-86.9246058320587,67,4143.73
d556586f-5536-47a5-9e1f-9ad30028e9c9,40.4581005747979,-86.9156398697063,161,7764.37
0fd3c4b0-ae9d-40b2-a07c-715b3b3b553a,40.3835867573969,-86.8993930160638,101,7453.46
0fd3c4b0-ae9d-40b2-a07c-715b3b3b553a,40.3822773983888,-86.8440294456944,153,12220.29
c7cc28c1-7c0e-4520-ae19-cb46fb733b6b,40.4226084943267,-86.9056189906273,121,9182.01
13bf0b02-f652-4609-943f-dbc509710e91,40.428593794829,-86.8448925716957,121,6046.42
ade7b7b0-935b-439e-966d-c3f250810c1a,40.4320421761806,-86.8877437817916,16,1508.01
24732034-b22f-40df-870b-590d76e81a8c,40.4023567874633,-86.8076270385532,153,12368.15
1f6ab1b9-203d-4800-9c2f-0575ebaff4a6,40.460649980207,-86.9209886238461,62,1557.16
13bf0b02-f652-4609-943f-dbc509710e91,40.4208328214775,-86.8397054058932,62,4462.33
24732034-b22f-40df-870b-590d76e81a8c,40.4031317619466,-86.8279660202412,98,6860.79
13bf0b02-f652-4609-943f-dbc509710e91,40.4248679556258,-86.8869658296332,184,10873.06
0bb04145-d02a-46c3-a800-6d0d42233c5c,40.450768,-86.919916,82,5369.16
0fd3c4b0-ae9d-40b2-a07c-715b3b3b553a,40.406603,-86.893028,24,1781.3
4b95220c-b38a-4e29-86e4-87b6928ae673,40.4030194745137,-86.8282958317349,48,3524.62
01f4d3e9-bd6a-4bca-ab3c-3b44e6831475,40.3817112806796,-86.876397032114,129,9459.65
d556586f-5536-47a5-9e1f-9ad30028e9c9,40.4434040453079,-86.9128402717614,121,6059.78
01b692f1-d433-46dc-bbc7-f1ccd7a75e1d,40.417776252643,-86.8366630553667,25,2250.11
3fa1788a-9312-405f-9fad-405ff4e7cdb3,40.4345589604961,-86.8981578922519,40,2455.89
24732034-b22f-40df-870b-590d76e81a8c,40.4157978910377,-86.8284284136032,77,5359.61
3326e01b-3c23-4fa9-bcd3-2acaafb07d2d,40.4272933860039,-86.8468659844044,130,8359.62
93c1bdef-1567-4615-ab23-04d3cc324ca3,40.4513232342263,-86.9020910049194,60,4438.84
a05e2688-6ec0-45d9-a447-37df08b14d0b,40.3873388340268,-86.8400801903706,170,11447.59
fa3c48c4-e5ed-42ea-a149-8f48abc3adb2,40.3851105477185,-86.8418157778731,95,7805.17
28e019d7-aabd-407a-8617-6fb357801f08,40.3942773811961,-86.8485095577705,23,1836.94
01f4d3e9-bd6a-4bca-ab3c-3b44e6831475,40.3980760513589,-86.8945610162354,35,2750.97
01f4d3e9-bd6a-4bca-ab3c-3b44e6831475,40.3973888983997,-86.8948702230175,36,2831.69
fa3c48c4-e5ed-42ea-a149-8f48abc3adb2,40.4173321418229,-86.8885738131263,11,879.36
28e019d7-aabd-407a-8617-6fb357801f08,40.4093279473165,-86.8695787032934,80,5242.23
28e019d7-aabd-407a-8617-6fb357801f08,40.3932223178837,-86.8484905230548,48,2618.73
cf98ced7-c172-4e65-98ed-b92c8d5118ed,40.3818669976133,-86.8840807571811,42,4096.14
cf98ced7-c172-4e65-98ed-b92c8d5118ed,40.3987114397307,-86.8941597893144,114,10127.45
01f4d3e9-bd6a-4bca-ab3c-3b44e6831475,40.3832246591583,-86.88958954153,116,8296.91
28e019d7-aabd-407a-8617-6fb357801f08,40.409462,-86.86967,81,5259.01
28e019d7-aabd-407a-8617-6fb357801f08,40.4095280640259,-86.8698015981976,82,5272.35
28e019d7-aabd-407a-8617-6fb357801f08,40.3925476408149,-86.8493266216766,32,2148.16
cf98ced7-c172-4e65-98ed-b92c8d5118ed,40.3988812055427,-86.8940367003629,115,10149
cf98ced7-c172-4e65-98ed-b92c8d5118ed,40.4008562448851,-86.8932408635214,116,10378.57
32580df6-cf1f-4b44-970a-3d33e8c7feff,40.4200476986045,-86.8907236426458,8,400.22
f25f38ba-f752-43fd-baec-05c57d7fd482,40.4138466692181,-86.827811777892,64,6448.98
b811b298-72d9-4efd-9671-3351c62aa1de,40.4386605583823,-86.9378277324336,72,3116.36
9172832a-d99f-4400-b801-baf4cfd054b7,40.4481178957598,-86.9455604333548,64,1877.95
0bb04145-d02a-46c3-a800-6d0d42233c5c,40.424161921033,-86.9191447178824,144,9135.03
002a917d-6cdc-46ab-bb61-4e54c64205ee,40.3972862838132,-86.8716723676875,3,276.63
170011b0-977b-444b-a647-c0e01b5f04fb,40.3871758600886,-86.9033748671226,1,111.85
d556586f-5536-47a5-9e1f-9ad30028e9c9,40.4606223337869,-86.9199330389962,179,8402.45
a05e2688-6ec0-45d9-a447-37df08b14d0b,40.4320863964148,-86.8690387645258,54,3603.2
b811b298-72d9-4efd-9671-3351c62aa1de,40.4467821426191,-86.9404812353434,51,1070.96
3326e01b-3c23-4fa9-bcd3-2acaafb07d2d,40.42558,-86.886886,22,1334.5
0fd3c4b0-ae9d-40b2-a07c-715b3b3b553a,40.3834081233469,-86.8903160297175,115,8232.13
eb71757f-5a3d-4a11-adc1-1d0b0e65c723,40.3817896492487,-86.8756023782607,35,3373.45
24732034-b22f-40df-870b-590d76e81a8c,40.4029598239931,-86.8280787389144,46,3541.88
092fb563-ae54-468c-ae0c-1f4db815f671,40.4504849369605,-86.9252136280769,54,3610.92
e1d33256-6b3d-4dd2-9b32-5f76612e652a,40.4425288479077,-86.9421836186651,86,5952.38
c7cc28c1-7c0e-4520-ae19-cb46fb733b6b,40.4455032344492,-86.9441183850568,63,4324.02
0bb04145-d02a-46c3-a800-6d0d42233c5c,40.4655534100567,-86.9318051988316,26,2728.59
0fd3c4b0-ae9d-40b2-a07c-715b3b3b553a,40.3825737557034,-86.8878952241528,118,8458.41
0a1d1408-7910-4fd5-b3f7-3ce7064b408b,40.4200633023553,-86.888676677678,84,5289.14
d556586f-5536-47a5-9e1f-9ad30028e9c9,40.4606691366094,-86.9299242686483,221,9270.5
33064dc1-95a3-4a07-8352-58827f35895b,40.367204488834,-86.8710483382193,88,6438.76
56875f33-4f60-4591-a742-8e882d645c09,40.4324609137133,-86.915038764528,45,3227.63
270e300e-042e-44fa-b9c9-e21538746b2f,40.4002258420125,-86.8048974457322,2,92.13
4b95220c-b38a-4e29-86e4-87b6928ae673,40.3942815168438,-86.8370827107109,30,1571.41
89055b80-8ef0-49cc-bbe3-6c7d5415021a,40.4220254970804,-86.910270715372,52,2385.99
32580df6-cf1f-4b44-970a-3d33e8c7feff,40.4200190643485,-86.8817997903654,22,1160.99
4b95220c-b38a-4e29-86e4-87b6928ae673,40.4044360434093,-86.8277674783765,60,3773.98
28e019d7-aabd-407a-8617-6fb357801f08,40.393337,-86.84857,49,2633.14
28e019d7-aabd-407a-8617-6fb357801f08,40.3940943453902,-86.8486779407455,24,1861.77
01f4d3e9-bd6a-4bca-ab3c-3b44e6831475,40.3963545687888,-86.8954358269722,37,2956.19
01f4d3e9-bd6a-4bca-ab3c-3b44e6831475,40.396167,-86.895664,38,2984.6
fa3c48c4-e5ed-42ea-a149-8f48abc3adb2,40.3849766368483,-86.8415946056755,96,7829.08
cf98ced7-c172-4e65-98ed-b92c8d5118ed,40.4019557193423,-86.8929648810109,117,10502.96
28e019d7-aabd-407a-8617-6fb357801f08,40.4106198295187,-86.8710957193583,83,5435.77
fa3c48c4-e5ed-42ea-a149-8f48abc3adb2,40.3848412858057,-86.8414320346585,97,7849.46
01f4d3e9-bd6a-4bca-ab3c-3b44e6831475,40.3830847453979,-86.8890197482906,117,8347.58
fa3c48c4-e5ed-42ea-a149-8f48abc3adb2,40.4173384512154,-86.8863763961116,12,1065.26
fa3c48c4-e5ed-42ea-a149-8f48abc3adb2,40.4172873745732,-86.886183135878,13,1082.57
fa3c48c4-e5ed-42ea-a149-8f48abc3adb2,40.4173357374308,-86.8859952067172,14,1099.35
fa3c48c4-e5ed-42ea-a149-8f48abc3adb2,40.4173105967215,-86.8818818957508,15,1447.35
fa3c48c4-e5ed-42ea-a149-8f48abc3adb2,40.4173304540367,-86.8786440936959,16,1721.28
01f4d3e9-bd6a-4bca-ab3c-3b44e6831475,40.3959944207945,-86.8957372734251,39,3004.75
89055b80-8ef0-49cc-bbe3-6c7d5415021a,40.4191554113217,-86.9018722619,25,1250.77
1f6ab1b9-203d-4800-9c2f-0575ebaff4a6,40.4411322498883,-86.9099510159948,125,4350.38
96c76f87-236b-4d10-a004-d18116c5a5a0,40.4651572940326,-86.9269355915388,98,5707.1
9172832a-d99f-4400-b801-baf4cfd054b7,40.4306589587566,-86.9316207958161,89,4234.97
0bb04145-d02a-46c3-a800-6d0d42233c5c,40.4239923257991,-86.9117463273354,148,9762.43
24732034-b22f-40df-870b-590d76e81a8c,40.402964637659,-86.8385126996599,41,2657.84
01b692f1-d433-46dc-bbc7-f1ccd7a75e1d,40.4177771378306,-86.8291497876695,18,1609.27
d556586f-5536-47a5-9e1f-9ad30028e9c9,40.4591200689023,-86.9349809279553,245,9807.63
e1d33256-6b3d-4dd2-9b32-5f76612e652a,40.4429971185019,-86.9424983532354,89,6011.67
33064dc1-95a3-4a07-8352-58827f35895b,40.3865188605345,-86.857611443989,32,2130.01
24732034-b22f-40df-870b-590d76e81a8c,40.4150796623566,-86.8291277586169,80,5496.47
1f6ab1b9-203d-4800-9c2f-0575ebaff4a6,40.4252674724639,-86.8998744841239,205,7873.76
01b692f1-d433-46dc-bbc7-f1ccd7a75e1d,40.4165927513217,-86.8137114116803,3,176.76
f25f38ba-f752-43fd-baec-05c57d7fd482,40.417506501894,-86.8488040255055,49,4253.27
a05e2688-6ec0-45d9-a447-37df08b14d0b,40.4256933812303,-86.8869392566429,23,1350.24
b811b298-72d9-4efd-9671-3351c62aa1de,40.4482471795878,-86.9451905518332,62,1829.64
32580df6-cf1f-4b44-970a-3d33e8c7feff,40.4190773017957,-86.8606795849949,46,2983.77
24732034-b22f-40df-870b-590d76e81a8c,40.394993,-86.809646,131,11364.97
13bf0b02-f652-4609-943f-dbc509710e91,40.4258698581868,-86.8869867205217,181,10761.37
13bf0b02-f652-4609-943f-dbc509710e91,40.4112560695348,-86.838716566553,46,3322.58
96c76f87-236b-4d10-a004-d18116c5a5a0,40.432242,-86.914828,14,1138.98
092fb563-ae54-468c-ae0c-1f4db815f671,40.4669943342199,-86.9472901229954,18,666.12
b811b298-72d9-4efd-9671-3351c62aa1de,40.4264711658373,-86.9191114203458,107,7626.08
1f6ab1b9-203d-4800-9c2f-0575ebaff4a6,40.4265884834576,-86.9052374986024,192,7390.48
d556586f-5536-47a5-9e1f-9ad30028e9c9,40.432242,-86.914828,61,3233.55
b811b298-72d9-4efd-9671-3351c62aa1de,40.4484631745203,-86.9408905632906,39,873.66
13bf0b02-f652-4609-943f-dbc509710e91,40.420884255302,-86.8390246997046,58,4403.06
96c76f87-236b-4d10-a004-d18116c5a5a0,40.4660599823577,-86.9277932527723,104,5839.02
01f4d3e9-bd6a-4bca-ab3c-3b44e6831475,40.3957626459457,-86.8959919748302,40,3038.33
01f4d3e9-bd6a-4bca-ab3c-3b44e6831475,40.3955561158392,-86.8963715074284,41,3077.81
01f4d3e9-bd6a-4bca-ab3c-3b44e6831475,40.3952951411183,-86.8969694209109,42,3136.13
01f4d3e9-bd6a-4bca-ab3c-3b44e6831475,40.3944334381096,-86.899990551766,43,3409.15
01f4d3e9-bd6a-4bca-ab3c-3b44e6831475,40.3944397431237,-86.9002058722909,44,3427.39
01f4d3e9-bd6a-4bca-ab3c-3b44e6831475,40.3943589972799,-86.9003074743164,45,3439.82
fa3c48c4-e5ed-42ea-a149-8f48abc3adb2,40.3844021129968,-86.8411673841658,98,7903.16
cf98ced7-c172-4e65-98ed-b92c8d5118ed,40.3819072045432,-86.8845476818694,43,4135.91
01f4d3e9-bd6a-4bca-ab3c-3b44e6831475,40.3940161172442,-86.9011190329966,46,3518.36
28e019d7-aabd-407a-8617-6fb357801f08,40.3939947148243,-86.8488355428688,25,1879.1
01f4d3e9-bd6a-4bca-ab3c-3b44e6831475,40.3818874929137,-86.8859345984945,121,8647.74
28e019d7-aabd-407a-8617-6fb357801f08,40.3950173521173,-86.8494427833758,55,2902.05
28e019d7-aabd-407a-8617-6fb357801f08,40.413824096957,-86.874648730668,91,5909.22
28e019d7-aabd-407a-8617-6fb357801f08,40.4166348968316,-86.8778137177852,98,6323.49
28e019d7-aabd-407a-8617-6fb357801f08,40.4171917873538,-86.8784459438105,99,6405.28
0fd3c4b0-ae9d-40b2-a07c-715b3b3b553a,40.3943589972799,-86.9003074743164,45,3439.82
b811b298-72d9-4efd-9671-3351c62aa1de,40.4315089086343,-86.9256540947695,94,4741.37
a05e2688-6ec0-45d9-a447-37df08b14d0b,40.4277166459727,-86.8869886335774,27,1575.96
13bf0b02-f652-4609-943f-dbc509710e91,40.4208084209188,-86.8396459124591,61,4456.61
0fd3c4b0-ae9d-40b2-a07c-715b3b3b553a,40.3955561158392,-86.8963715074284,41,3077.81
89055b80-8ef0-49cc-bbe3-6c7d5415021a,40.424234,-86.918942,62,3334.29
4e025ba5-8f41-4b28-a28d-f15951c5a468,40.4315493496666,-86.9275501106499,12,3045.39
b60e3152-a76d-4f75-998c-5ccb6225d74b,40.3921248825362,-86.8501104011719,36,2233.93
0bb04145-d02a-46c3-a800-6d0d42233c5c,40.4482200901251,-86.9195247332583,87,5676.9
63c2c448-4a2f-4a35-a796-66b635935f73,40.4204583401439,-86.8605605672202,4,179.41
d556586f-5536-47a5-9e1f-9ad30028e9c9,40.427732891893,-86.9099819963484,51,2582.66
33064dc1-95a3-4a07-8352-58827f35895b,40.3691088946385,-86.8571242309917,44,4073.37
1f6ab1b9-203d-4800-9c2f-0575ebaff4a6,40.4605460926283,-86.9273207471494,40,1013.65
1f6ab1b9-203d-4800-9c2f-0575ebaff4a6,40.450888594002,-86.9157792032156,98,3093.66
dd423f77-d4ba-47f0-98c9-7d78e756d475,40.4173203284714,-86.8932580647684,5,473.59
13bf0b02-f652-4609-943f-dbc509710e91,40.3870480302215,-86.8401774166609,15,581.01
d556586f-5536-47a5-9e1f-9ad30028e9c9,40.4604529438208,-86.9163991443903,169,8096.78
89055b80-8ef0-49cc-bbe3-6c7d5415021a,40.4193863205113,-86.9012260692198,22,1189.18
0a1d1408-7910-4fd5-b3f7-3ce7064b408b,40.4193425860061,-86.9003545959142,65,3922.33
170011b0-977b-444b-a647-c0e01b5f04fb,40.3849017330277,-86.8414901836611,128,12722.54
13bf0b02-f652-4609-943f-dbc509710e91,40.42644577057,-86.8471035713539,92,5695.76
01f4d3e9-bd6a-4bca-ab3c-3b44e6831475,40.3817191542168,-86.8756941716332,130,9519.15
3fa1788a-9312-405f-9fad-405ff4e7cdb3,40.4474707202191,-86.8993949291495,66,3939.25
f25f38ba-f752-43fd-baec-05c57d7fd482,40.4170869168009,-86.8140591771192,77,8072.6
002a917d-6cdc-46ab-bb61-4e54c64205ee,40.4084528769185,-86.8768277673092,24,1884.75
4b95220c-b38a-4e29-86e4-87b6928ae673,40.4028285926617,-86.8276423152032,52,3585.77
24732034-b22f-40df-870b-590d76e81a8c,40.4029958533927,-86.8280207792899,99,6876.59
eb71757f-5a3d-4a11-adc1-1d0b0e65c723,40.3920971699227,-86.9138411533454,101,8020.14
28e019d7-aabd-407a-8617-6fb357801f08,40.3940247778743,-86.8486528154931,52,2752.02
28e019d7-aabd-407a-8617-6fb357801f08,40.3942363895331,-86.8484557349147,53,2780.85
cf98ced7-c172-4e65-98ed-b92c8d5118ed,40.4052451112715,-86.8929578181304,120,10869.04
cf98ced7-c172-4e65-98ed-b92c8d5118ed,40.381897926023,-86.8856419097262,44,4228.54
cf98ced7-c172-4e65-98ed-b92c8d5118ed,40.3819195759015,-86.8857860473471,45,4240.98
01f4d3e9-bd6a-4bca-ab3c-3b44e6831475,40.3820010476709,-86.8869424573039,119,8561.14
28e019d7-aabd-407a-8617-6fb357801f08,40.4107768801742,-86.8712687124183,85,5462.39
fa3c48c4-e5ed-42ea-a149-8f48abc3adb2,40.3840198901598,-86.8422833425026,101,8006.78
01f4d3e9-bd6a-4bca-ab3c-3b44e6831475,40.3925543459246,-86.9029228258307,49,3743.34
28e019d7-aabd-407a-8617-6fb357801f08,40.3922034014726,-86.8501007361379,35,2225.17
28e019d7-aabd-407a-8617-6fb357801f08,40.4122308478713,-86.8728822053821,86,5673.91
fa3c48c4-e5ed-42ea-a149-8f48abc3adb2,40.4164622155477,-86.8776739900308,18,1848.42
28e019d7-aabd-407a-8617-6fb357801f08,40.3933557395445,-86.8486795430653,28,1987.02
01f4d3e9-bd6a-4bca-ab3c-3b44e6831475,40.3925272757862,-86.9031893962003,50,3766.1
cf98ced7-c172-4e65-98ed-b92c8d5118ed,40.3819257615797,-86.8862793634309,46,4282.74
1f6ab1b9-203d-4800-9c2f-0575ebaff4a6,40.4600682703569,-86.9336886980526,17,454.09
d556586f-5536-47a5-9e1f-9ad30028e9c9,40.4508791044024,-86.915726232401,149,6957.83
3326e01b-3c23-4fa9-bcd3-2acaafb07d2d,40.4180334065136,-86.8389929908095,175,10065.51
1f6ab1b9-203d-4800-9c2f-0575ebaff4a6,40.4313404726001,-86.910405555793,163,6059.98
96c76f87-236b-4d10-a004-d18116c5a5a0,40.4321658606048,-86.9148163768532,13,1130.46
a05e2688-6ec0-45d9-a447-37df08b14d0b,40.4218311605381,-86.8920618977193,5,476.25
092fb563-ae54-468c-ae0c-1f4db815f671,40.456357828329,-86.9306368433305,44,2808.8
170011b0-977b-444b-a647-c0e01b5f04fb,40.3873885968138,-86.8763441204723,45,4204.91
63c2c448-4a2f-4a35-a796-66b635935f73,40.4189440609732,-86.8735692251817,20,1430.32
96c76f87-236b-4d10-a004-d18116c5a5a0,40.4808446067279,-86.9345973432212,165,10865.43
d556586f-5536-47a5-9e1f-9ad30028e9c9,40.4595324219201,-86.934883237146,241,9737.5
b811b298-72d9-4efd-9671-3351c62aa1de,40.4491205745096,-86.9390874330965,5,216.17
24732034-b22f-40df-870b-590d76e81a8c,40.3937828722054,-86.8369739503463,26,1514.1
33064dc1-95a3-4a07-8352-58827f35895b,40.365249,-86.860616,64,5171.89
0bb04145-d02a-46c3-a800-6d0d42233c5c,40.461255483011,-86.9245968962076,54,3855.22
28e019d7-aabd-407a-8617-6fb357801f08,40.4182623856417,-86.8813377399801,106,6701.39
89055b80-8ef0-49cc-bbe3-6c7d5415021a,40.4192103847398,-86.9016008768931,24,1227.01
f45e2fd4-e04e-476c-87ff-d079f18a5c71,40.3844021129968,-86.8411673841658,98,7903.16
eb71757f-5a3d-4a11-adc1-1d0b0e65c723,40.3842550434886,-86.9010188573479,74,5605.05
56875f33-4f60-4591-a742-8e882d645c09,40.4684791622472,-86.9432884148289,83,8088.43
1f6ab1b9-203d-4800-9c2f-0575ebaff4a6,40.4352071498988,-86.9058532739968,145,5130.28
56875f33-4f60-4591-a742-8e882d645c09,40.4302722897248,-86.9129477929178,1,19.72
33064dc1-95a3-4a07-8352-58827f35895b,40.3707078723254,-86.8759191286687,99,7259.2
afbfbe89-3824-47d8-a4f2-727023af88ac,40.4264444366958,-86.9190764080928,79,5540.91
e8cb7b35-8b91-4734-bc08-322ef94d7dcd,40.4533783937618,-86.9554374865423,21,916.42
e5c0c034-1aae-426b-a8b7-3e19ad8540c5,40.4232364744817,-86.894312002112,69,5073.97
93c1bdef-1567-4615-ab23-04d3cc324ca3,40.428627,-86.911277,7,489.83
dd423f77-d4ba-47f0-98c9-7d78e756d475,40.411017548748,-86.8865370206771,23,1744.58
cf98ced7-c172-4e65-98ed-b92c8d5118ed,40.382010925662,-86.8865258634639,47,4305.65
cf98ced7-c172-4e65-98ed-b92c8d5118ed,40.4066507537254,-86.8929657266971,121,11025.24
28e019d7-aabd-407a-8617-6fb357801f08,40.3921248825362,-86.8501104011719,36,2233.93
28e019d7-aabd-407a-8617-6fb357801f08,40.3948569230324,-86.8493222095658,54,2881.51
cf98ced7-c172-4e65-98ed-b92c8d5118ed,40.4067312329499,-86.8929075970232,122,11035.45
cf98ced7-c172-4e65-98ed-b92c8d5118ed,40.4067938278357,-86.8929657266971,123,11043.97
01f4d3e9-bd6a-4bca-ab3c-3b44e6831475,40.3819146473296,-86.8864952402116,120,8600.19
fa3c48c4-e5ed-42ea-a149-8f48abc3adb2,40.3839584996464,-86.8423874816669,102,8017.93
28e019d7-aabd-407a-8617-6fb357801f08,40.412350768587,-86.8729289992409,87,5687.81
28e019d7-aabd-407a-8617-6fb357801f08,40.4124258899288,-86.8730951199174,88,5704.16
28e019d7-aabd-407a-8617-6fb357801f08,40.4136315919168,-86.8744424697119,89,5880.07
fa3c48c4-e5ed-42ea-a149-8f48abc3adb2,40.4155222550095,-86.876618330234,19,1985.85
fa3c48c4-e5ed-42ea-a149-8f48abc3adb2,40.4154022439051,-86.8765216121936,20,2001.5
01f4d3e9-bd6a-4bca-ab3c-3b44e6831475,40.3925250199408,-86.9034885473929,51,3791.42
01f4d3e9-bd6a-4bca-ab3c-3b44e6831475,40.3925814160523,-86.9042260587487,52,3854.15
1f6ab1b9-203d-4800-9c2f-0575ebaff4a6,40.426614683492,-86.9056142748508,191,7358.48
a05e2688-6ec0-45d9-a447-37df08b14d0b,40.4320722867633,-86.8822653687747,39,2476.83
13bf0b02-f652-4609-943f-dbc509710e91,40.4276845344294,-86.8456138049232,115,5923.74
63c2c448-4a2f-4a35-a796-66b635935f73,40.4219866422114,-86.8605823286797,1,8.24
f45e2fd4-e04e-476c-87ff-d079f18a5c71,40.3971699603642,-86.8527353692737,49,4871.68
002a917d-6cdc-46ab-bb61-4e54c64205ee,40.4100631053079,-86.8781150210896,30,2146.21
a05e2688-6ec0-45d9-a447-37df08b14d0b,40.4206060633375,-86.8435036624298,129,7284.66
ade7b7b0-935b-439e-966d-c3f250810c1a,40.4482218984823,-86.8782391518349,43,3558.3
24732034-b22f-40df-870b-590d76e81a8c,40.4158059166545,-86.8290816184204,78,5414.88
0fd3c4b0-ae9d-40b2-a07c-715b3b3b553a,40.4084514691914,-86.893024453472,22,1575.62
c7cc28c1-7c0e-4520-ae19-cb46fb733b6b,40.4181418551809,-86.8930306944832,146,10571.65
b2d5f522-ef1c-4f6f-a88e-f9f90dc80c88,40.4670474618054,-86.9404295981126,30,1332.57
f45e2fd4-e04e-476c-87ff-d079f18a5c71,40.4095907753462,-86.870029531123,29,2851.48
b60e3152-a76d-4f75-998c-5ccb6225d74b,40.4207112145848,-86.8948077794795,129,8339.81
01b692f1-d433-46dc-bbc7-f1ccd7a75e1d,40.41824428563,-86.8953314111259,85,7273.12
afbfbe89-3824-47d8-a4f2-727023af88ac,40.4302840404131,-86.9191788902541,86,5976.62
f45e2fd4-e04e-476c-87ff-d079f18a5c71,40.4061246523456,-86.8652100474132,33,3413.42
ade7b7b0-935b-439e-966d-c3f250810c1a,40.4492732991128,-86.8777210754319,45,3683.85
eb71757f-5a3d-4a11-adc1-1d0b0e65c723,40.392726,-86.902611,107,9089.69
01b692f1-d433-46dc-bbc7-f1ccd7a75e1d,40.4176418850649,-86.8547559619299,39,3785.35
0fd3c4b0-ae9d-40b2-a07c-715b3b3b553a,40.3846897131172,-86.9046561204262,91,6978.44
0bb04145-d02a-46c3-a800-6d0d42233c5c,40.480762,-86.92873,3,211.01
1f6ab1b9-203d-4800-9c2f-0575ebaff4a6,40.4574468443298,-86.9340835476505,1,10.79
d556586f-5536-47a5-9e1f-9ad30028e9c9,40.4588231044595,-86.9346350048183,247,9851.76
170011b0-977b-444b-a647-c0e01b5f04fb,40.365351770369,-86.8605652805441,93,7985.96
0fd3c4b0-ae9d-40b2-a07c-715b3b3b553a,40.3855085602706,-86.9115984089135,70,5555.91
170011b0-977b-444b-a647-c0e01b5f04fb,40.3856019457913,-86.8762828655076,47,4403.78
0a1d1408-7910-4fd5-b3f7-3ce7064b408b,40.4242404085074,-86.929071334112,11,832.54
96c76f87-236b-4d10-a004-d18116c5a5a0,40.4613423364448,-86.9245139062509,87,5096.96
b60e3152-a76d-4f75-998c-5ccb6225d74b,40.3992694387202,-86.8556005861997,61,3607.67
01b692f1-d433-46dc-bbc7-f1ccd7a75e1d,40.4175362120795,-86.8787789956954,62,5837.62
1f6ab1b9-203d-4800-9c2f-0575ebaff4a6,40.4481950038239,-86.9157788359734,101,3395.3
170011b0-977b-444b-a647-c0e01b5f04fb,40.393438,-86.876508,38,3530.72
b811b298-72d9-4efd-9671-3351c62aa1de,40.4469303927922,-86.9405137032826,49,1054.18
e1d33256-6b3d-4dd2-9b32-5f76612e652a,40.4312811346675,-86.9326488090625,76,4452.85
0fd3c4b0-ae9d-40b2-a07c-715b3b3b553a,40.4128250728574,-86.893052001979,18,1088.54
4e025ba5-8f41-4b28-a28d-f15951c5a468,40.4386994504153,-86.93774190174,26,4443.25
dd423f77-d4ba-47f0-98c9-7d78e756d475,40.406100992977,-86.8764378571108,48,3110.59
eb71757f-5a3d-4a11-adc1-1d0b0e65c723,40.3835189696762,-86.842600434452,1,55.09
c7cc28c1-7c0e-4520-ae19-cb46fb733b6b,40.4461616075283,-86.9242155455055,50,2542.53
0bb04145-d02a-46c3-a800-6d0d42233c5c,40.451936,-86.92413,74,4931.64
3fa1788a-9312-405f-9fad-405ff4e7cdb3,40.4266650515065,-86.9083771397601,11,835.16
002a917d-6cdc-46ab-bb61-4e54c64205ee,40.4081598842922,-86.8767878979474,22,1851.3
b2d5f522-ef1c-4f6f-a88e-f9f90dc80c88,40.4669552159666,-86.947112826302,19,681.99
3fa1788a-9312-405f-9fad-405ff4e7cdb3,40.4370242111101,-86.8993575727601,48,2768.88
1f6ab1b9-203d-4800-9c2f-0575ebaff4a6,40.4606120057935,-86.9243851802726,55,1268.47
f25f38ba-f752-43fd-baec-05c57d7fd482,40.4175036218918,-86.8611112730172,33,3207.85
01f4d3e9-bd6a-4bca-ab3c-3b44e6831475,40.3848031392576,-86.9114388174676,73,5636.88
4b95220c-b38a-4e29-86e4-87b6928ae673,40.4029138078411,-86.8275639827423,53,3597.33
afbfbe89-3824-47d8-a4f2-727023af88ac,40.4232589018505,-86.9068452137592,61,4224.87
b60e3152-a76d-4f75-998c-5ccb6225d74b,40.410741,-86.871123,84,5449.43
33064dc1-95a3-4a07-8352-58827f35895b,40.3731603076858,-86.8759517361209,102,7534.35
33064dc1-95a3-4a07-8352-58827f35895b,40.3834242048671,-86.8761531063841,115,8683.32
e1d33256-6b3d-4dd2-9b32-5f76612e652a,40.4232325414837,-86.9068212291699,35,1572.96
d556586f-5536-47a5-9e1f-9ad30028e9c9,40.4432892037169,-86.9128457349902,120,6047.01
63c2c448-4a2f-4a35-a796-66b635935f73,40.4200787230275,-86.885749563016,36,2491.3
c7cc28c1-7c0e-4520-ae19-cb46fb733b6b,40.4503471335922,-86.9251351278422,32,1806.21
0fd3c4b0-ae9d-40b2-a07c-715b3b3b553a,40.3834995855987,-86.8924259777323,112,8052.21
b60e3152-a76d-4f75-998c-5ccb6225d74b,40.3848442986665,-86.8414061206742,6,278.76
32580df6-cf1f-4b44-970a-3d33e8c7feff,40.4190349985282,-86.8654485413512,40,2577.2
e5c0c034-1aae-426b-a8b7-3e19ad8540c5,40.4257226004875,-86.8869341298711,54,4101.1
1f6ab1b9-203d-4800-9c2f-0575ebaff4a6,40.4231292261558,-86.8942713376446,223,8645.56
0a1d1408-7910-4fd5-b3f7-3ce7064b408b,40.4200345981296,-86.893060916258,77,4914.99
4e025ba5-8f41-4b28-a28d-f15951c5a468,40.4314916486214,-86.9191101584362,10,2331.2
b811b298-72d9-4efd-9671-3351c62aa1de,40.446512432772,-86.9446046836641,130,11352.29
afbfbe89-3824-47d8-a4f2-727023af88ac,40.4301987188702,-86.9191732148729,84,5961.61
e5c0c034-1aae-426b-a8b7-3e19ad8540c5,40.4207112145848,-86.8948077794795,71,5366.44
092fb563-ae54-468c-ae0c-1f4db815f671,40.4375126548656,-86.9161418008445,63,5251.96
b60e3152-a76d-4f75-998c-5ccb6225d74b,40.3922622906149,-86.8500459676116,34,2217.15
13bf0b02-f652-4609-943f-dbc509710e91,40.4229137851455,-86.886896619564,187,11090.95
1f6ab1b9-203d-4800-9c2f-0575ebaff4a6,40.4598148675056,-86.9340055120325,14,406.1
b811b298-72d9-4efd-9671-3351c62aa1de,40.4477117291918,-86.9444651999157,55,1711.74
e5c0c034-1aae-426b-a8b7-3e19ad8540c5,40.4418179151792,-86.8745263368864,18,1504.04
13bf0b02-f652-4609-943f-dbc509710e91,40.427707661108,-86.8870567294971,180,10557.07
1f6ab1b9-203d-4800-9c2f-0575ebaff4a6,40.4510563880835,-86.9158430049326,97,3074.25
96c76f87-236b-4d10-a004-d18116c5a5a0,40.4661392104024,-86.9278946752627,105,5851.31
170011b0-977b-444b-a647-c0e01b5f04fb,40.381108493859,-86.8762755923629,54,4905.81
d556586f-5536-47a5-9e1f-9ad30028e9c9,40.432301545681,-86.9149414153721,62,3245.2
002a917d-6cdc-46ab-bb61-4e54c64205ee,40.4015162142451,-86.8695383730856,8,820.68
01b692f1-d433-46dc-bbc7-f1ccd7a75e1d,40.4182681114532,-86.8884775300565,76,6691.01
56875f33-4f60-4591-a742-8e882d645c09,40.4502155155072,-86.9244998350441,64,5402.25
0fd3c4b0-ae9d-40b2-a07c-715b3b3b553a,40.4183081436048,-86.8942842018999,5,389.63
01f4d3e9-bd6a-4bca-ab3c-3b44e6831475,40.392641,-86.904447,53,3873.99
c7cc28c1-7c0e-4520-ae19-cb46fb733b6b,40.4460540185944,-86.9367244347032,55,3600.85
32580df6-cf1f-4b44-970a-3d33e8c7feff,40.4190053533736,-86.8683146322662,37,2333.13
24732034-b22f-40df-870b-590d76e81a8c,40.4008249305879,-86.808319008548,147,12170.64
9172832a-d99f-4400-b801-baf4cfd054b7,40.4500746995255,-86.9418416584636,12,537.46
d556586f-5536-47a5-9e1f-9ad30028e9c9,40.431117,-86.913622,58,3070.39
d556586f-5536-47a5-9e1f-9ad30028e9c9,40.4428908952476,-86.9124639286801,118,5992.19
63c2c448-4a2f-4a35-a796-66b635935f73,40.4207112145848,-86.8948077794795,50,3419
63c2c448-4a2f-4a35-a796-66b635935f73,40.4200498869418,-86.892498119163,45,3064.63
c7cc28c1-7c0e-4520-ae19-cb46fb733b6b,40.451136566601,-86.9258546230758,23,1692.41
9172832a-d99f-4400-b801-baf4cfd054b7,40.4476982298623,-86.9444496497337,52,1711.44
b60e3152-a76d-4f75-998c-5ccb6225d74b,40.3942363895331,-86.8484557349147,53,2780.85
0bb04145-d02a-46c3-a800-6d0d42233c5c,40.4650965018094,-86.9308817941074,30,2867.6
c7cc28c1-7c0e-4520-ae19-cb46fb733b6b,40.4242554104876,-86.9278254923621,103,7250.46
0bb04145-d02a-46c3-a800-6d0d42233c5c,40.4790742637949,-86.9260828612731,7,523.65
3326e01b-3c23-4fa9-bcd3-2acaafb07d2d,40.4065636213302,-86.8386848465862,185,11350.14
3326e01b-3c23-4fa9-bcd3-2acaafb07d2d,40.4268784786102,-86.8472244584458,135,8417.3
3fa1788a-9312-405f-9fad-405ff4e7cdb3,40.4393945640412,-86.8992430139677,53,3034.87
13bf0b02-f652-4609-943f-dbc509710e91,40.4206976490566,-86.8401012055771,64,4501.2
1f6ab1b9-203d-4800-9c2f-0575ebaff4a6,40.4235413020977,-86.8941195663828,222,8598
28e019d7-aabd-407a-8617-6fb357801f08,40.4157048711601,-86.8767122552819,93,6182.26
3326e01b-3c23-4fa9-bcd3-2acaafb07d2d,40.3840274702594,-86.8422837405264,212,14021.74
13bf0b02-f652-4609-943f-dbc509710e91,40.4101288218871,-86.8387461369044,44,3196.68
01b692f1-d433-46dc-bbc7-f1ccd7a75e1d,40.4182459945304,-86.8864398468495,72,6517.6
eb71757f-5a3d-4a11-adc1-1d0b0e65c723,40.3817509646447,-86.8754219606152,34,3357.58
56875f33-4f60-4591-a742-8e882d645c09,40.4281617619245,-86.91915294138,30,2266.96
170011b0-977b-444b-a647-c0e01b5f04fb,40.3866519272069,-86.8524200135874,115,11361.51
f45e2fd4-e04e-476c-87ff-d079f18a5c71,40.3998458147231,-86.8564876071418,45,4434.77
170011b0-977b-444b-a647-c0e01b5f04fb,40.3858864147507,-86.8573115583372,108,10886.48
13bf0b02-f652-4609-943f-dbc509710e91,40.4320982837125,-86.8842046800352,166,9810.58
0fd3c4b0-ae9d-40b2-a07c-715b3b3b553a,40.3872529028697,-86.9121668938679,67,5352.64
3326e01b-3c23-4fa9-bcd3-2acaafb07d2d,40.4179066636917,-86.8390657766615,176,10080.88
56875f33-4f60-4591-a742-8e882d645c09,40.4496589571034,-86.9244837417891,62,5338.88
170011b0-977b-444b-a647-c0e01b5f04fb,40.3904744577747,-86.8764040835442,41,3860.65
0fd3c4b0-ae9d-40b2-a07c-715b3b3b553a,40.3980760513589,-86.8945610162354,35,2750.97
24732034-b22f-40df-870b-590d76e81a8c,40.393950863584,-86.8370295423416,27,1533.35
33064dc1-95a3-4a07-8352-58827f35895b,40.3817703231218,-86.8762090491136,113,8498.4
e1d33256-6b3d-4dd2-9b32-5f76612e652a,40.4242587996769,-86.9305500625807,58,3615
4e025ba5-8f41-4b28-a28d-f15951c5a468,40.4308144092086,-86.9318060496635,21,3421.99
d556586f-5536-47a5-9e1f-9ad30028e9c9,40.4308186293503,-86.9081692373753,78,4216.13
eb71757f-5a3d-4a11-adc1-1d0b0e65c723,40.3851924166656,-86.9114091236066,96,7225.4
0fd3c4b0-ae9d-40b2-a07c-715b3b3b553a,40.3818261083197,-86.860694248374,144,10799.2
13bf0b02-f652-4609-943f-dbc509710e91,40.4277520136685,-86.8870856992654,179,10551.57
9172832a-d99f-4400-b801-baf4cfd054b7,40.4314312890917,-86.9217320046321,98,5094.87
e1d33256-6b3d-4dd2-9b32-5f76612e652a,40.4241582963036,-86.9163797762883,47,2409.03
89055b80-8ef0-49cc-bbe3-6c7d5415021a,40.4182069198282,-86.8972951727735,6,746.63
56875f33-4f60-4591-a742-8e882d645c09,40.4270640270152,-86.9094673937242,7,483.89
d556586f-5536-47a5-9e1f-9ad30028e9c9,40.4555498591592,-86.91567469803,158,7480.91
89055b80-8ef0-49cc-bbe3-6c7d5415021a,40.4190693445071,-86.9028604674229,29,1337.51
3fa1788a-9312-405f-9fad-405ff4e7cdb3,40.428627,-86.911277,7,493.86
01b692f1-d433-46dc-bbc7-f1ccd7a75e1d,40.4170057956475,-86.8139413803288,8,253.27
56875f33-4f60-4591-a742-8e882d645c09,40.4667137841412,-86.9388644062796,79,7622.49
1f6ab1b9-203d-4800-9c2f-0575ebaff4a6,40.4260168658756,-86.9027985751636,199,7611.59
01b692f1-d433-46dc-bbc7-f1ccd7a75e1d,40.4177289699908,-86.8239166699998,17,1166.52
3326e01b-3c23-4fa9-bcd3-2acaafb07d2d,40.4320328195114,-86.8777046726766,80,4951.22
1f6ab1b9-203d-4800-9c2f-0575ebaff4a6,40.426237,-86.903733,197,7526.87
13bf0b02-f652-4609-943f-dbc509710e91,40.4247470901811,-86.8869574732778,186,10887.17
f45e2fd4-e04e-476c-87ff-d079f18a5c71,40.3889147593826,-86.83879024217,91,7309.42
270e300e-042e-44fa-b9c9-e21538746b2f,40.3889505388662,-86.8387614322697,46,5055.31
1f1c7703-f37e-4cab-90b2-34b3f54726f7,40.4688238858202,-86.9434617968788,18,1877.49
4b95220c-b38a-4e29-86e4-87b6928ae673,40.3931978241165,-86.8366451383708,21,1432.32
170011b0-977b-444b-a647-c0e01b5f04fb,40.3835076153687,-86.8762386079508,52,4638.87
4e025ba5-8f41-4b28-a28d-f15951c5a468,40.4268172637711,-86.9104262835042,2,474.83
9172832a-d99f-4400-b801-baf4cfd054b7,40.4489647719003,-86.9413321307861,29,805.19
b811b298-72d9-4efd-9671-3351c62aa1de,40.4279880480759,-86.910530889662,100,6197.19
0bb04145-d02a-46c3-a800-6d0d42233c5c,40.4522476948148,-86.9219348364617,78,5130.65
24732034-b22f-40df-870b-590d76e81a8c,40.394069686501,-86.8370618215645,29,1547.38
24732034-b22f-40df-870b-590d76e81a8c,40.4022408837549,-86.8078922152632,152,12342.28
afbfbe89-3824-47d8-a4f2-727023af88ac,40.4240730605748,-86.9137531124377,69,4834.32
32580df6-cf1f-4b44-970a-3d33e8c7feff,40.4243396327402,-86.8605919223444,53,3573.92
24732034-b22f-40df-870b-590d76e81a8c,40.4027641667392,-86.827794348149,101,6910.7
c7cc28c1-7c0e-4520-ae19-cb46fb733b6b,40.4507588283076,-86.9253707764746,26,1751.15
24732034-b22f-40df-870b-590d76e81a8c,40.402799712155,-86.8277997149822,48,3571.49
f25f38ba-f752-43fd-baec-05c57d7fd482,40.4174905686442,-86.8644945704765,30,2920.61
d556586f-5536-47a5-9e1f-9ad30028e9c9,40.4391277648575,-86.9077818631503,108,5411.46
33064dc1-95a3-4a07-8352-58827f35895b,40.3869503999464,-86.8574150377673,28,2070.44
e5c0c034-1aae-426b-a8b7-3e19ad8540c5,40.4406418817279,-86.8772721269366,22,1771.42
e5c0c034-1aae-426b-a8b7-3e19ad8540c5,40.4387265713447,-86.8812083281072,30,2175.25
b811b298-72d9-4efd-9671-3351c62aa1de,40.4306980678554,-86.9322724142165,76,4119.49
1f6ab1b9-203d-4800-9c2f-0575ebaff4a6,40.4265563013636,-86.9049506256432,193,7415.01
e1d33256-6b3d-4dd2-9b32-5f76612e652a,40.4302301297641,-86.9317166525994,68,4296.57
1f6ab1b9-203d-4800-9c2f-0575ebaff4a6,40.4576501690159,-86.9327494045716,10,142.26
002a917d-6cdc-46ab-bb61-4e54c64205ee,40.4182361747037,-86.8914873665274,58,3986.06
3326e01b-3c23-4fa9-bcd3-2acaafb07d2d,40.4209195331555,-86.893080344552,3,290.49
1f6ab1b9-203d-4800-9c2f-0575ebaff4a6,40.4309325483874,-86.9102229767404,159,6007.39
0bb04145-d02a-46c3-a800-6d0d42233c5c,40.4402499257525,-86.9181831814962,107,6866.9
0fd3c4b0-ae9d-40b2-a07c-715b3b3b553a,40.3815796397799,-86.878009232104,128,9322.4
b60e3152-a76d-4f75-998c-5ccb6225d74b,40.3974000559163,-86.8529397057078,59,3301.25
e1d33256-6b3d-4dd2-9b32-5f76612e652a,40.4182033774081,-86.8972160062216,7,541.88
24732034-b22f-40df-870b-590d76e81a8c,40.3996014279355,-86.8080279977734,143,12030.06
092fb563-ae54-468c-ae0c-1f4db815f671,40.4655617753006,-86.9376144968041,37,1624.54
a05e2688-6ec0-45d9-a447-37df08b14d0b,40.4296072967524,-86.887024069428,28,1786.07
b811b298-72d9-4efd-9671-3351c62aa1de,40.4473901427376,-86.9408870845829,44,993.44
3326e01b-3c23-4fa9-bcd3-2acaafb07d2d,40.4290208177805,-86.8918517726845,52,3115.05
3fa1788a-9312-405f-9fad-405ff4e7cdb3,40.426621,-86.908275,12,845.09
afbfbe89-3824-47d8-a4f2-727023af88ac,40.4354852642298,-86.8975547839559,39,2396.45
01b692f1-d433-46dc-bbc7-f1ccd7a75e1d,40.417488317746,-86.8675311515318,51,4870.57
270e300e-042e-44fa-b9c9-e21538746b2f,40.4030629836703,-86.8277008382687,19,2552.32
32580df6-cf1f-4b44-970a-3d33e8c7feff,40.4230503852013,-86.8617672681256,61,3935.56
63c2c448-4a2f-4a35-a796-66b635935f73,40.4200703984885,-86.8901271888837,42,2863.42
092fb563-ae54-468c-ae0c-1f4db815f671,40.4720831884882,-86.9460379264564,2,30.24
afbfbe89-3824-47d8-a4f2-727023af88ac,40.424168083549,-86.9159999156584,71,5024.99
28e019d7-aabd-407a-8617-6fb357801f08,40.41576268324,-86.8768447171272,94,6195.18
32580df6-cf1f-4b44-970a-3d33e8c7feff,40.42001154702,-86.8924421221722,4,252.69
4b95220c-b38a-4e29-86e4-87b6928ae673,40.3901046337796,-86.8383181996284,13,957.38
1f1c7703-f37e-4cab-90b2-34b3f54726f7,40.4676256872861,-86.9499015023604,35,2623.63
4b95220c-b38a-4e29-86e4-87b6928ae673,40.3948266004651,-86.836836927404,33,1635.93
1f1c7703-f37e-4cab-90b2-34b3f54726f7,40.4599739573844,-86.933890263603,7,414.83
170011b0-977b-444b-a647-c0e01b5f04fb,40.38506,-86.846888,123,12006.42
96c76f87-236b-4d10-a004-d18116c5a5a0,40.4266665850226,-86.9103650558955,5,383.42
33064dc1-95a3-4a07-8352-58827f35895b,40.3641968412704,-86.8605388071128,66,5290.11
e1d33256-6b3d-4dd2-9b32-5f76612e652a,40.4225902799377,-86.9055678474824,34,1445.15
56875f33-4f60-4591-a742-8e882d645c09,40.469707676578,-86.9458405313196,88,8371.91
f25f38ba-f752-43fd-baec-05c57d7fd482,40.4172827394576,-86.891915750893,7,591.59
092fb563-ae54-468c-ae0c-1f4db815f671,40.4675147282303,-86.9439297855608,29,1030.65
270e300e-042e-44fa-b9c9-e21538746b2f,40.3881323440911,-86.8393739500402,47,5159.97
a05e2688-6ec0-45d9-a447-37df08b14d0b,40.4062740746681,-86.8386845836487,151,9296.98
63c2c448-4a2f-4a35-a796-66b635935f73,40.4201866891888,-86.8954880614783,49,3337.09
092fb563-ae54-468c-ae0c-1f4db815f671,40.4580567643097,-86.9315372599178,42,2605.23
4b95220c-b38a-4e29-86e4-87b6928ae673,40.398659,-86.838397,39,2180.13
13bf0b02-f652-4609-943f-dbc509710e91,40.4040586224815,-86.8385609907106,37,2519.91
a05e2688-6ec0-45d9-a447-37df08b14d0b,40.421816653967,-86.8930791170395,4,390.18
c7cc28c1-7c0e-4520-ae19-cb46fb733b6b,40.4182173444203,-86.8930492858741,147,10580.18
e1d33256-6b3d-4dd2-9b32-5f76612e652a,40.4210391679521,-86.90158178657,28,1065.24
24732034-b22f-40df-870b-590d76e81a8c,40.4138697842057,-86.828986376577,69,4860
a05e2688-6ec0-45d9-a447-37df08b14d0b,40.3839595630194,-86.8424004220765,177,11951.12
32580df6-cf1f-4b44-970a-3d33e8c7feff,40.4190094899075,-86.868151631835,39,2348.51
0fd3c4b0-ae9d-40b2-a07c-715b3b3b553a,40.4164321167256,-86.8942491704965,9,600.03
96c76f87-236b-4d10-a004-d18116c5a5a0,40.471968,-86.924516,140,8849.07
e0c92e87-ef25-4f24-8979-fce9c3bc02dd,40.4526992301092,-86.9618795011126,13,1090.19
4b95220c-b38a-4e29-86e4-87b6928ae673,40.4157978910377,-86.8284284136032,84,5357.94
4b95220c-b38a-4e29-86e4-87b6928ae673,40.3836758820267,-86.8425924967936,2,72.47
b811b298-72d9-4efd-9671-3351c62aa1de,40.448048290494,-86.9444165792714,135,11571.38
0bb04145-d02a-46c3-a800-6d0d42233c5c,40.4263479523196,-86.9192270252577,141,8890.19
33064dc1-95a3-4a07-8352-58827f35895b,40.3867259997973,-86.8563423576335,24,1975.2
0a1d1408-7910-4fd5-b3f7-3ce7064b408b,40.4239818018683,-86.9110949671413,28,2360.07
4b95220c-b38a-4e29-86e4-87b6928ae673,40.4028200711379,-86.8278034562659,51,3572.1
3326e01b-3c23-4fa9-bcd3-2acaafb07d2d,40.4265591692602,-86.8472924955044,139,8457.69
b2d5f522-ef1c-4f6f-a88e-f9f90dc80c88,40.4367814600203,-86.9155638676274,57,5349.62
33064dc1-95a3-4a07-8352-58827f35895b,40.3767637354235,-86.8572392173139,41,3222.1
002a917d-6cdc-46ab-bb61-4e54c64205ee,40.397376,-86.871622,4,287.47
e1d33256-6b3d-4dd2-9b32-5f76612e652a,40.442945387539,-86.9424277211683,88,6003.38
0a1d1408-7910-4fd5-b3f7-3ce7064b408b,40.4257909225152,-86.9289637281316,1,31.13
d556586f-5536-47a5-9e1f-9ad30028e9c9,40.4248743563632,-86.8931086401592,8,581.14
e1d33256-6b3d-4dd2-9b32-5f76612e652a,40.4461269647803,-86.9239647579828,103,8113.51
9172832a-d99f-4400-b801-baf4cfd054b7,40.449176,-86.941583,22,762.87
eb71757f-5a3d-4a11-adc1-1d0b0e65c723,40.3840280653876,-86.8422725060822,4,121.31
f25f38ba-f752-43fd-baec-05c57d7fd482,40.4174365620537,-86.8676410415924,28,2654.02
0a1d1408-7910-4fd5-b3f7-3ce7064b408b,40.4180102299458,-86.8979566930506,69,4175.63
eb71757f-5a3d-4a11-adc1-1d0b0e65c723,40.3848460546044,-86.9108111805207,94,7159.59
33064dc1-95a3-4a07-8352-58827f35895b,40.3641443829657,-86.8605537740756,67,5296.08
4aac4c21-daca-4d3b-abb9-c9efb54fea4a,40.453042,-86.958841,97,9202.43
0a1d1408-7910-4fd5-b3f7-3ce7064b408b,40.4187616350504,-86.9041769111162,55,3578.74
170011b0-977b-444b-a647-c0e01b5f04fb,40.3953230330539,-86.8859246449816,29,2514.05
a05e2688-6ec0-45d9-a447-37df08b14d0b,40.3833050736741,-86.8425278724321,181,12029.52
33064dc1-95a3-4a07-8352-58827f35895b,40.3783274808364,-86.876117654297,109,8114.46
dd423f77-d4ba-47f0-98c9-7d78e756d475,40.4100375448934,-86.8785804072246,34,2532.85
e1d33256-6b3d-4dd2-9b32-5f76612e652a,40.4198730242177,-86.9002888739281,20,889.09
ade7b7b0-935b-439e-966d-c3f250810c1a,40.4239170587191,-86.8931146481728,6,474.01
4b95220c-b38a-4e29-86e4-87b6928ae673,40.401044,-86.804833,139,9743.58
9172832a-d99f-4400-b801-baf4cfd054b7,40.448048290494,-86.9444165792714,56,1758.79
f25f38ba-f752-43fd-baec-05c57d7fd482,40.417444,-86.853369,45,3865.32
002a917d-6cdc-46ab-bb61-4e54c64205ee,40.414034,-86.886556,45,3114.11
13bf0b02-f652-4609-943f-dbc509710e91,40.3833124690827,-86.84251303376,1,36.62
e5c0c034-1aae-426b-a8b7-3e19ad8540c5,40.4377592841584,-86.8744414648674,10,1047.13
93c1bdef-1567-4615-ab23-04d3cc324ca3,40.4358905585466,-86.8994155101683,39,2631.31
96c76f87-236b-4d10-a004-d18116c5a5a0,40.4522605085415,-86.9219441663179,63,3812.42
13bf0b02-f652-4609-943f-dbc509710e91,40.4272346190281,-86.846961209119,107,5795.92
d556586f-5536-47a5-9e1f-9ad30028e9c9,40.460733972211,-86.9276053891156,212,9071.8
13bf0b02-f652-4609-943f-dbc509710e91,40.4278289232087,-86.8454078068633,116,5947.43
4b95220c-b38a-4e29-86e4-87b6928ae673,40.4028013237816,-86.8276467913439,113,6923.96
0fd3c4b0-ae9d-40b2-a07c-715b3b3b553a,40.3849515009177,-86.8415620872638,155,12610.16
0bb04145-d02a-46c3-a800-6d0d42233c5c,40.480833268376,-86.9311869796293,0,0
96c76f87-236b-4d10-a004-d18116c5a5a0,40.4602351758462,-86.9245373046906,76,4964.88
1f1c7703-f37e-4cab-90b2-34b3f54726f7,40.4680229776129,-86.9551818097458,42,3106.85
96c76f87-236b-4d10-a004-d18116c5a5a0,40.4808185583652,-86.9345980349267,164,10862.53
3fa1788a-9312-405f-9fad-405ff4e7cdb3,40.4514815182377,-86.9021838547101,72,4448.3
1f6ab1b9-203d-4800-9c2f-0575ebaff4a6,40.4314227614958,-86.9130703633042,165,6286.78
0bb04145-d02a-46c3-a800-6d0d42233c5c,40.465667390782,-86.9280962837828,38,3118.82
24732034-b22f-40df-870b-590d76e81a8c,40.3928527660136,-86.8368286938426,19,1391.22
dd423f77-d4ba-47f0-98c9-7d78e756d475,40.4110736810413,-86.8865663505127,22,1737.87
96c76f87-236b-4d10-a004-d18116c5a5a0,40.4808805498724,-86.9309747598556,151,10241.3
170011b0-977b-444b-a647-c0e01b5f04fb,40.3945027470501,-86.8859086885064,26,2420.88
1f1c7703-f37e-4cab-90b2-34b3f54726f7,40.4684891486921,-86.9553953701234,48,3163.27
24732034-b22f-40df-870b-590d76e81a8c,40.3922746225448,-86.8382879359958,15,1198.8
3326e01b-3c23-4fa9-bcd3-2acaafb07d2d,40.4218283547061,-86.890795194554,9,585.65
ade7b7b0-935b-439e-966d-c3f250810c1a,40.4345246229142,-86.8867115810662,25,1836.44
eb71757f-5a3d-4a11-adc1-1d0b0e65c723,40.381630394809,-86.8829175056749,41,3994.23
24732034-b22f-40df-870b-590d76e81a8c,40.4024750807332,-86.8058978981131,157,12516.72
c7cc28c1-7c0e-4520-ae19-cb46fb733b6b,40.4198180389296,-86.900679135363,131,9724.39
f25f38ba-f752-43fd-baec-05c57d7fd482,40.4173404561146,-86.8860259440882,14,1094.77
56875f33-4f60-4591-a742-8e882d645c09,40.4708242697015,-86.9455028739871,91,8506.01
0fd3c4b0-ae9d-40b2-a07c-715b3b3b553a,40.3929874666609,-86.9091813057299,56,4276.82
96c76f87-236b-4d10-a004-d18116c5a5a0,40.4661502334271,-86.9282858762977,108,5886.63
d556586f-5536-47a5-9e1f-9ad30028e9c9,40.4606794080399,-86.9212738236009,193,8528.72
eb71757f-5a3d-4a11-adc1-1d0b0e65c723,40.381816,-86.872818,32,3136.46
002a917d-6cdc-46ab-bb61-4e54c64205ee,40.4093024097018,-86.8768734141809,26,1979.24
3326e01b-3c23-4fa9-bcd3-2acaafb07d2d,40.4279765159093,-86.8452577134822,120,8198.52
96c76f87-236b-4d10-a004-d18116c5a5a0,40.4585047458871,-86.92448430055,74,4771.77
b2d5f522-ef1c-4f6f-a88e-f9f90dc80c88,40.4500476973488,-86.9249230877712,49,3670.78
e1d33256-6b3d-4dd2-9b32-5f76612e652a,40.4194219047731,-86.9001647834285,16,835.61
c7cc28c1-7c0e-4520-ae19-cb46fb733b6b,40.4238444742039,-86.9080130501215,119,8937.22
b2d5f522-ef1c-4f6f-a88e-f9f90dc80c88,40.4510416300277,-86.925775710549,45,3531.78
1f6ab1b9-203d-4800-9c2f-0575ebaff4a6,40.4603695615113,-86.9329975564094,20,521.46
0a1d1408-7910-4fd5-b3f7-3ce7064b408b,40.4184276942183,-86.9079693079064,42,3230.79
c7cc28c1-7c0e-4520-ae19-cb46fb733b6b,40.4173256223705,-86.8930203659328,145,10480.95
1f6ab1b9-203d-4800-9c2f-0575ebaff4a6,40.4604333689079,-86.9159321835594,83,1998.44
002a917d-6cdc-46ab-bb61-4e54c64205ee,40.3997781664609,-86.8716412403998,7,558.07
56875f33-4f60-4591-a742-8e882d645c09,40.4693832673414,-86.9453907952985,87,8319.52
96c76f87-236b-4d10-a004-d18116c5a5a0,40.423931,-86.911286,0,0
01b692f1-d433-46dc-bbc7-f1ccd7a75e1d,40.4175207201523,-86.8673166719923,50,4852.07
b60e3152-a76d-4f75-998c-5ccb6225d74b,40.3942773811961,-86.8485095577705,23,1836.94
eb71757f-5a3d-4a11-adc1-1d0b0e65c723,40.3838783757496,-86.9001348992048,73,5519.32
89055b80-8ef0-49cc-bbe3-6c7d5415021a,40.418803912217,-86.8993330641058,9,932.25
33064dc1-95a3-4a07-8352-58827f35895b,40.365651972755,-86.8626880629619,73,5555.49
96c76f87-236b-4d10-a004-d18116c5a5a0,40.4717331406508,-86.92457985034,139,8822.42
f25f38ba-f752-43fd-baec-05c57d7fd482,40.4173846572331,-86.871389480299,25,2336.2
092fb563-ae54-468c-ae0c-1f4db815f671,40.4711714369741,-86.945598700624,6,145.08
b2d5f522-ef1c-4f6f-a88e-f9f90dc80c88,40.4572515082635,-86.9310698854212,39,2703.79
d556586f-5536-47a5-9e1f-9ad30028e9c9,40.4542993929775,-86.9156468274021,153,7338.08
13bf0b02-f652-4609-943f-dbc509710e91,40.4257330914152,-86.8869867205216,183,10776.91
3326e01b-3c23-4fa9-bcd3-2acaafb07d2d,40.4296072967524,-86.887024069428,28,1783.39
eb71757f-5a3d-4a11-adc1-1d0b0e65c723,40.3847306889533,-86.9046768988891,87,6637.57
b60e3152-a76d-4f75-998c-5ccb6225d74b,40.3844150873067,-86.8411397471936,5,226.01
3326e01b-3c23-4fa9-bcd3-2acaafb07d2d,40.4320608844589,-86.882387500454,74,4552.72
e1d33256-6b3d-4dd2-9b32-5f76612e652a,40.4448140638393,-86.943607012848,92,6237.63
270e300e-042e-44fa-b9c9-e21538746b2f,40.4005973279832,-86.8047861340514,1,49.79
33064dc1-95a3-4a07-8352-58827f35895b,40.3932409045999,-86.8859632673779,146,11078.55
1f6ab1b9-203d-4800-9c2f-0575ebaff4a6,40.4246305396,-86.8933030865173,217,8457.46
e1d33256-6b3d-4dd2-9b32-5f76612e652a,40.4560622019812,-86.929925668768,120,9653.57
270e300e-042e-44fa-b9c9-e21538746b2f,40.3983389078581,-86.8385538064572,34,3999.49
0bb04145-d02a-46c3-a800-6d0d42233c5c,40.4347083231633,-86.9153253385619,120,7551.15
33064dc1-95a3-4a07-8352-58827f35895b,40.3902748587755,-86.8763133803624,124,9449.38
dd423f77-d4ba-47f0-98c9-7d78e756d475,40.4191195570014,-86.8942516324071,2,188.24
4e025ba5-8f41-4b28-a28d-f15951c5a468,40.4308720887596,-86.9315766235919,20,3401.55
3326e01b-3c23-4fa9-bcd3-2acaafb07d2d,40.4147301066127,-86.838906011135,181,10441.21
eb71757f-5a3d-4a11-adc1-1d0b0e65c723,40.3834350500971,-86.890284765213,54,4667.11
afbfbe89-3824-47d8-a4f2-727023af88ac,40.4515837217638,-86.902546769433,3,346.68
96c76f87-236b-4d10-a004-d18116c5a5a0,40.4679121838516,-86.9388468498811,131,7144.8
9172832a-d99f-4400-b801-baf4cfd054b7,40.4492026748623,-86.9415493481852,21,758.76
0bb04145-d02a-46c3-a800-6d0d42233c5c,40.4679038134786,-86.9308701651801,20,2393.07
56875f33-4f60-4591-a742-8e882d645c09,40.4313982512602,-86.9168114932224,38,2834.97
170011b0-977b-444b-a647-c0e01b5f04fb,40.3864876898466,-86.8571764372911,111,10954.52
3bbf4832-650a-47e3-8118-13ea10ec264c,40.432331713191,-86.8874031472512,31,2973.5
01b692f1-d433-46dc-bbc7-f1ccd7a75e1d,40.4174264983886,-86.8712847140825,54,5190.13
a05e2688-6ec0-45d9-a447-37df08b14d0b,40.4266288614565,-86.8471865519198,101,6359.28
13bf0b02-f652-4609-943f-dbc509710e91,40.4210435453587,-86.8460791675233,75,5063.51
3bbf4832-650a-47e3-8118-13ea10ec264c,40.4240258369969,-86.89396268297,38,4059.96
93c1bdef-1567-4615-ab23-04d3cc324ca3,40.4304701556332,-86.8998211197235,28,1951.99
96c76f87-236b-4d10-a004-d18116c5a5a0,40.4374616041746,-86.9159313939347,28,1741.38
f45e2fd4-e04e-476c-87ff-d079f18a5c71,40.3943290397418,-86.8487579553623,56,5336.77
33064dc1-95a3-4a07-8352-58827f35895b,40.3855809720115,-86.8573772673401,35,2238.33
d556586f-5536-47a5-9e1f-9ad30028e9c9,40.4608741658317,-86.9245956882049,202,8814.63
33064dc1-95a3-4a07-8352-58827f35895b,40.3866454457152,-86.8576718766726,31,2115.04
1f1c7703-f37e-4cab-90b2-34b3f54726f7,40.457352855044,-86.9337056936757,2,44.9
a05e2688-6ec0-45d9-a447-37df08b14d0b,40.4214702594079,-86.8464553885453,119,6959.33
3326e01b-3c23-4fa9-bcd3-2acaafb07d2d,40.4331718437422,-86.8876369127147,58,3721.18
13bf0b02-f652-4609-943f-dbc509710e91,40.4229437095016,-86.8470845663549,82,5296.27
e1d33256-6b3d-4dd2-9b32-5f76612e652a,40.4184369430012,-86.8982493901572,11,633.9
ade7b7b0-935b-439e-966d-c3f250810c1a,40.4211119980535,-86.8943128612016,1,61.13
01b692f1-d433-46dc-bbc7-f1ccd7a75e1d,40.4175079875297,-86.8638587869911,46,4558.09
24732034-b22f-40df-870b-590d76e81a8c,40.3848421105618,-86.8414184602899,7,279.58
01b692f1-d433-46dc-bbc7-f1ccd7a75e1d,40.4177771378306,-86.8298864009511,20,1672.65
d556586f-5536-47a5-9e1f-9ad30028e9c9,40.4265814079858,-86.9037835700172,36,2024.21
89055b80-8ef0-49cc-bbe3-6c7d5415021a,40.4184769343422,-86.9077373688064,43,1774.87
c7cc28c1-7c0e-4520-ae19-cb46fb733b6b,40.4240390790937,-86.9117490594395,112,8613.92
0bb04145-d02a-46c3-a800-6d0d42233c5c,40.4519410475669,-86.9225154011271,76,5069.09
0a1d1408-7910-4fd5-b3f7-3ce7064b408b,40.4239926322212,-86.9114790893555,26,2325.24
32580df6-cf1f-4b44-970a-3d33e8c7feff,40.4217522153246,-86.860492126124,51,3285.15
0a1d1408-7910-4fd5-b3f7-3ce7064b408b,40.4200281487986,-86.8868222100456,88,5448.31
002a917d-6cdc-46ab-bb61-4e54c64205ee,40.4182558622517,-86.8884081882543,51,3724.64
96c76f87-236b-4d10-a004-d18116c5a5a0,40.4793652425571,-86.9345948060348,161,10700.19
e5c0c034-1aae-426b-a8b7-3e19ad8540c5,40.4416266437071,-86.8749922376957,21,1549.72
a05e2688-6ec0-45d9-a447-37df08b14d0b,40.4207112145848,-86.8948077794795,0,0
3326e01b-3c23-4fa9-bcd3-2acaafb07d2d,40.423230650039,-86.847125868428,147,8835.3
e1d33256-6b3d-4dd2-9b32-5f76612e652a,40.424234,-86.918942,50,2627.55
4b95220c-b38a-4e29-86e4-87b6928ae673,40.4054081594536,-86.827991985585,62,3886.19
3326e01b-3c23-4fa9-bcd3-2acaafb07d2d,40.4321060130606,-86.8599768510936,97,6458.4
9172832a-d99f-4400-b801-baf4cfd054b7,40.4459002571828,-86.9443428962304,68,2145.04
24732034-b22f-40df-870b-590d76e81a8c,40.4100392342467,-86.8290464112076,82,6057.04
092fb563-ae54-468c-ae0c-1f4db815f671,40.4674920412311,-86.9455548612746,28,893.25
170011b0-977b-444b-a647-c0e01b5f04fb,40.3812158102069,-86.8762412623448,53,4893.54
eb71757f-5a3d-4a11-adc1-1d0b0e65c723,40.382010925662,-86.8865258634639,47,4305.65
270e300e-042e-44fa-b9c9-e21538746b2f,40.3900336352857,-86.8384043867351,44,4930.91
f25f38ba-f752-43fd-baec-05c57d7fd482,40.4174918132954,-86.8535983193852,44,3845.21
d556586f-5536-47a5-9e1f-9ad30028e9c9,40.4606707340127,-86.920986632721,190,8502.83
4e025ba5-8f41-4b28-a28d-f15951c5a468,40.4467574342251,-86.9404510865428,46,6498.07
c7cc28c1-7c0e-4520-ae19-cb46fb733b6b,40.4214798578647,-86.9029580807039,123,9439.72
e1d33256-6b3d-4dd2-9b32-5f76612e652a,40.4241021968656,-86.9156049926221,45,2342.63
93c1bdef-1567-4615-ab23-04d3cc324ca3,40.426558,-86.906066,15,1027.11
b60e3152-a76d-4f75-998c-5ccb6225d74b,40.3914799605864,-86.8492170669305,40,2340.74
170011b0-977b-444b-a647-c0e01b5f04fb,40.3810285405987,-86.8762312688199,55,4915.45
01b692f1-d433-46dc-bbc7-f1ccd7a75e1d,40.417618654662,-86.8166694394588,13,551.3
96c76f87-236b-4d10-a004-d18116c5a5a0,40.442652,-86.919269,36,2393.2
d556586f-5536-47a5-9e1f-9ad30028e9c9,40.4607362198741,-86.9267558201893,209,8999.79
9172832a-d99f-4400-b801-baf4cfd054b7,40.4485941570722,-86.9409234541004,32,863.12
b2d5f522-ef1c-4f6f-a88e-f9f90dc80c88,40.4667191285829,-86.9395582301076,31,1414.77
32580df6-cf1f-4b44-970a-3d33e8c7feff,40.4193351705621,-86.8791908864451,24,1394.43
cf98ced7-c172-4e65-98ed-b92c8d5118ed,40.3817808621722,-86.8725905734769,31,3116.82
1f1c7703-f37e-4cab-90b2-34b3f54726f7,40.4691974205607,-86.9452520727724,26,2042.86
0a1d1408-7910-4fd5-b3f7-3ce7064b408b,40.4181721117924,-86.8930402367188,75,4707.91
f25f38ba-f752-43fd-baec-05c57d7fd482,40.4173361050218,-86.8816596615562,20,1465.55
33064dc1-95a3-4a07-8352-58827f35895b,40.3901665276444,-86.8763419935736,123,9437.1
33064dc1-95a3-4a07-8352-58827f35895b,40.3653953883716,-86.860561257557,62,5154.46
13bf0b02-f652-4609-943f-dbc509710e91,40.432108864053,-86.8789219315026,158,9362.47
1f6ab1b9-203d-4800-9c2f-0575ebaff4a6,40.4478194652553,-86.9156505951619,103,3438.59
1f6ab1b9-203d-4800-9c2f-0575ebaff4a6,40.4247180652411,-86.8933156623633,216,8447.68
092fb563-ae54-468c-ae0c-1f4db815f671,40.4557598243236,-86.9303557884418,45,2879.37
0fd3c4b0-ae9d-40b2-a07c-715b3b3b553a,40.3846301367658,-86.906809324432,83,6069.35
0a1d1408-7910-4fd5-b3f7-3ce7064b408b,40.4194331809448,-86.9004879550148,64,3907.21
24732034-b22f-40df-870b-590d76e81a8c,40.3992448928558,-86.809138211822,137,11887.6
c7cc28c1-7c0e-4520-ae19-cb46fb733b6b,40.427659406579,-86.9307024423978,94,6632.75
24732034-b22f-40df-870b-590d76e81a8c,40.4064125811932,-86.828880984191,64,4030.5
b60e3152-a76d-4f75-998c-5ccb6225d74b,40.3849457482248,-86.8415136945798,7,293.25
13bf0b02-f652-4609-943f-dbc509710e91,40.432106218968,-86.8774172554413,157,9235.2
e5c0c034-1aae-426b-a8b7-3e19ad8540c5,40.437781624945,-86.8621248784718,0,0
4b95220c-b38a-4e29-86e4-87b6928ae673,40.4029905014103,-86.8275393639688,54,3606.1
e0c92e87-ef25-4f24-8979-fce9c3bc02dd,40.467205850925,-86.9620047429928,29,2708.4
63c2c448-4a2f-4a35-a796-66b635935f73,40.4220482958584,-86.860636434593,0,0
63c2c448-4a2f-4a35-a796-66b635935f73,40.4200528171632,-86.8926770936078,47,3080.61
96c76f87-236b-4d10-a004-d18116c5a5a0,40.4808565963906,-86.93087124247,150,10232.15
170011b0-977b-444b-a647-c0e01b5f04fb,40.387892574017,-86.902612148262,6,265.31
b60e3152-a76d-4f75-998c-5ccb6225d74b,40.3950763275218,-86.8496348129001,56,2919.57
f25f38ba-f752-43fd-baec-05c57d7fd482,40.4149818702628,-86.8290868214016,62,6216.9
3326e01b-3c23-4fa9-bcd3-2acaafb07d2d,40.4205684859121,-86.8460209816925,159,9154.58
f25f38ba-f752-43fd-baec-05c57d7fd482,40.4173143495536,-86.8917266860066,8,607.97
170011b0-977b-444b-a647-c0e01b5f04fb,40.393263184796,-86.8858927320313,25,2283.13
96c76f87-236b-4d10-a004-d18116c5a5a0,40.4649439127522,-86.9245664601423,94,5499.78
93c1bdef-1567-4615-ab23-04d3cc324ca3,40.4515589506832,-86.9023598562932,62,4475.29
f25f38ba-f752-43fd-baec-05c57d7fd482,40.4174664715328,-86.8573707469134,40,3525.5
24732034-b22f-40df-870b-590d76e81a8c,40.4043337738109,-86.8277199841688,56,3767.72
1f6ab1b9-203d-4800-9c2f-0575ebaff4a6,40.4335604039074,-86.9058054677947,146,5313.31
13bf0b02-f652-4609-943f-dbc509710e91,40.4007287562328,-86.8384223782076,33,2148.11
270e300e-042e-44fa-b9c9-e21538746b2f,40.3962534634503,-86.8384360200729,38,4234.65
1f6ab1b9-203d-4800-9c2f-0575ebaff4a6,40.4398518906017,-86.9086075490492,126,4532.45
e1d33256-6b3d-4dd2-9b32-5f76612e652a,40.4460123755751,-86.9443390811422,93,6384.47
32580df6-cf1f-4b44-970a-3d33e8c7feff,40.4188523644322,-86.877371203106,27,1559.16
f45e2fd4-e04e-476c-87ff-d079f18a5c71,40.3942177067011,-86.8484791753431,83,6293.87
b811b298-72d9-4efd-9671-3351c62aa1de,40.4492308758912,-86.9415886239814,25,750.57
24732034-b22f-40df-870b-590d76e81a8c,40.402934873279,-86.8367071054403,42,2810.66
4b95220c-b38a-4e29-86e4-87b6928ae673,40.402818366833,-86.8279153597816,111,6900.68
0a1d1408-7910-4fd5-b3f7-3ce7064b408b,40.4242422508172,-86.9234845732936,15,1306.22
0fd3c4b0-ae9d-40b2-a07c-715b3b3b553a,40.3835200748168,-86.8426047486233,162,12849.6
dd423f77-d4ba-47f0-98c9-7d78e756d475,40.4099756330986,-86.8818054320724,32,2258.99
0bb04145-d02a-46c3-a800-6d0d42233c5c,40.4502414688069,-86.919532323273,86,5452.28
3326e01b-3c23-4fa9-bcd3-2acaafb07d2d,40.432063,-86.847826,106,7489.91
32580df6-cf1f-4b44-970a-3d33e8c7feff,40.4218234544596,-86.8605464676363,52,3294.3
93c1bdef-1567-4615-ab23-04d3cc324ca3,40.4350222709658,-86.8988209234366,36,2521.5
dd423f77-d4ba-47f0-98c9-7d78e756d475,40.4023214394701,-86.870794480238,60,3754.78
e5c0c034-1aae-426b-a8b7-3e19ad8540c5,40.4263446880042,-86.89145614779,62,4554.07
dd423f77-d4ba-47f0-98c9-7d78e756d475,40.4031144658796,-86.8719625897157,57,3619.94
3fa1788a-9312-405f-9fad-405ff4e7cdb3,40.4441893487682,-86.8995943748151,60,3569.89
3326e01b-3c23-4fa9-bcd3-2acaafb07d2d,40.4294524676986,-86.8915809383086,49,3059.39
b811b298-72d9-4efd-9671-3351c62aa1de,40.4472570387874,-86.9393954836962,0,0
3bbf4832-650a-47e3-8118-13ea10ec264c,40.4344312605185,-86.8868691463811,27,2730.25
d556586f-5536-47a5-9e1f-9ad30028e9c9,40.4418362940452,-86.9107830173244,114,5806.89
e1d33256-6b3d-4dd2-9b32-5f76612e652a,40.4575448933301,-86.9341271128262,133,10670.5
3326e01b-3c23-4fa9-bcd3-2acaafb07d2d,40.4335046878052,-86.8872306611513,68,3996.59
24732034-b22f-40df-870b-590d76e81a8c,40.3992422827683,-86.80969519468,136,11840.47
56875f33-4f60-4591-a742-8e882d645c09,40.4512253672615,-86.9256437972572,69,5560.38
002a917d-6cdc-46ab-bb61-4e54c64205ee,40.3955571014068,-86.8708047106208,0,0
a05e2688-6ec0-45d9-a447-37df08b14d0b,40.4320716839268,-86.8557986421634,68,4728.26
96c76f87-236b-4d10-a004-d18116c5a5a0,40.4607994642049,-86.9243489486369,83,5034.11
dd423f77-d4ba-47f0-98c9-7d78e756d475,40.4173529712177,-86.8867406953077,14,1036.23
3fa1788a-9312-405f-9fad-405ff4e7cdb3,40.454312357172,-86.9030796739052,78,4804.82
b811b298-72d9-4efd-9671-3351c62aa1de,40.447258659869,-86.9408337443972,45,1008.73
170011b0-977b-444b-a647-c0e01b5f04fb,40.3948004816438,-86.8859326232192,28,2455.98
e0c92e87-ef25-4f24-8979-fce9c3bc02dd,40.4673044940681,-86.9618477725963,30,2725.61
a05e2688-6ec0-45d9-a447-37df08b14d0b,40.4113291426348,-86.8388301959528,146,8732.98
b60e3152-a76d-4f75-998c-5ccb6225d74b,40.3895501663401,-86.8399786832842,14,940.38
d556586f-5536-47a5-9e1f-9ad30028e9c9,40.4607924906774,-86.9243541568133,199,8790.97
d556586f-5536-47a5-9e1f-9ad30028e9c9,40.4607435926596,-86.9300910662962,222,9286.85
afbfbe89-3824-47d8-a4f2-727023af88ac,40.4409997903137,-86.8993473716754,26,1605.43
3326e01b-3c23-4fa9-bcd3-2acaafb07d2d,40.4302771046159,-86.8905004219982,55,3318.29
0bb04145-d02a-46c3-a800-6d0d42233c5c,40.4374381486046,-86.9159770046702,112,7235.82
01b692f1-d433-46dc-bbc7-f1ccd7a75e1d,40.4182909224353,-86.8837724577338,70,6291.5
170011b0-977b-444b-a647-c0e01b5f04fb,40.3840911134458,-86.8421175881814,131,12870.8
a05e2688-6ec0-45d9-a447-37df08b14d0b,40.4271148473773,-86.8471258795367,97,6303.53
b811b298-72d9-4efd-9671-3351c62aa1de,40.4315033271765,-86.9294482963401,114,9058.94
13bf0b02-f652-4609-943f-dbc509710e91,40.4266249321368,-86.847125722396,100,5720.84
e5c0c034-1aae-426b-a8b7-3e19ad8540c5,40.4257182029553,-86.8892806440817,55,4299.59
33064dc1-95a3-4a07-8352-58827f35895b,40.3851177069051,-86.8418052521172,9,324.75
d556586f-5536-47a5-9e1f-9ad30028e9c9,40.4606987153774,-86.9205015820252,186,8461
33064dc1-95a3-4a07-8352-58827f35895b,40.3672239313103,-86.8588125971282,46,4424.02
0fd3c4b0-ae9d-40b2-a07c-715b3b3b553a,40.383469154991,-86.8961369950847,104,7730.43
1f6ab1b9-203d-4800-9c2f-0575ebaff4a6,40.4308283387539,-86.9079759316625,155,5814.63
a05e2688-6ec0-45d9-a447-37df08b14d0b,40.4200119564056,-86.8942238655108,1,92.07
13bf0b02-f652-4609-943f-dbc509710e91,40.4269652605192,-86.8471525239491,103,5760.93
eb71757f-5a3d-4a11-adc1-1d0b0e65c723,40.3837458468707,-86.8425658010558,2,80.47
d556586f-5536-47a5-9e1f-9ad30028e9c9,40.447849815814,-86.9155976165301,138,6616.91
afbfbe89-3824-47d8-a4f2-727023af88ac,40.4222188500034,-86.9045954749076,58,4000.95
0a1d1408-7910-4fd5-b3f7-3ce7064b408b,40.41815961831,-86.9063596086869,47,3376.29
e1d33256-6b3d-4dd2-9b32-5f76612e652a,40.427222,-86.930559,60,3944.37
b2d5f522-ef1c-4f6f-a88e-f9f90dc80c88,40.4668770414281,-86.9470737791508,20,691.28
0fd3c4b0-ae9d-40b2-a07c-715b3b3b553a,40.4163941454938,-86.8934272694344,11,670.31
1f6ab1b9-203d-4800-9c2f-0575ebaff4a6,40.4263424712422,-86.9038374146268,196,7512.19
89055b80-8ef0-49cc-bbe3-6c7d5415021a,40.4196641369836,-86.9102838843868,50,2123.11
e5c0c034-1aae-426b-a8b7-3e19ad8540c5,40.4377888392739,-86.8695525150955,5,631.89
33064dc1-95a3-4a07-8352-58827f35895b,40.3947158995999,-86.8860058319779,145,10914.61
d556586f-5536-47a5-9e1f-9ad30028e9c9,40.4599946515127,-86.9339007485983,239,9639.84
13bf0b02-f652-4609-943f-dbc509710e91,40.4089944250571,-86.8386829758086,42,3070.08
e0c92e87-ef25-4f24-8979-fce9c3bc02dd,40.4528475403629,-86.9618115114345,14,1107.64
13bf0b02-f652-4609-943f-dbc509710e91,40.4314065236692,-86.8448382225536,127,6368.45
4b95220c-b38a-4e29-86e4-87b6928ae673,40.3934608620361,-86.8367356720394,23,1472.28
a05e2688-6ec0-45d9-a447-37df08b14d0b,40.4321060130606,-86.8599768510936,61,4371.95
13bf0b02-f652-4609-943f-dbc509710e91,40.4321740229963,-86.8590696169501,139,7669.67
b811b298-72d9-4efd-9671-3351c62aa1de,40.4314546772048,-86.9293620214316,89,4427.48
d556586f-5536-47a5-9e1f-9ad30028e9c9,40.4607008749897,-86.9321539273099,231,9465.97
b60e3152-a76d-4f75-998c-5ccb6225d74b,40.4171917873538,-86.8784459438105,99,6405.28
24732034-b22f-40df-870b-590d76e81a8c,40.3923685810599,-86.8096802642319,123,11053.45
3fa1788a-9312-405f-9fad-405ff4e7cdb3,40.4265973226241,-86.905929371369,16,1047.62
9172832a-d99f-4400-b801-baf4cfd054b7,40.4492867702071,-86.9416852034443,20,743.95
33064dc1-95a3-4a07-8352-58827f35895b,40.3868698461328,-86.8509562947085,18,1513.82
3bbf4832-650a-47e3-8118-13ea10ec264c,40.44019,-86.88508,19,2068.83
0a1d1408-7910-4fd5-b3f7-3ce7064b408b,40.4242264060073,-86.9305631444628,8,705.47
3326e01b-3c23-4fa9-bcd3-2acaafb07d2d,40.421816653967,-86.8930791170395,4,390.18
93c1bdef-1567-4615-ab23-04d3cc324ca3,40.4277264582956,-86.9009734195922,20,1629.8
13bf0b02-f652-4609-943f-dbc509710e91,40.4247707679253,-86.8471001977077,87,5502.55
9172832a-d99f-4400-b801-baf4cfd054b7,40.4307029778223,-86.9322753170827,84,4139.41
f45e2fd4-e04e-476c-87ff-d079f18a5c71,40.409784124211,-86.8701519666654,28,2827.63
dd423f77-d4ba-47f0-98c9-7d78e756d475,40.4100132255467,-86.8817056256551,33,2268.41
b60e3152-a76d-4f75-998c-5ccb6225d74b,40.4093279473165,-86.8695787032934,80,5242.23
56875f33-4f60-4591-a742-8e882d645c09,40.4241909806747,-86.9191144371772,23,1820.79
13bf0b02-f652-4609-943f-dbc509710e91,40.3962716636219,-86.8383664964526,28,1649.66
d556586f-5536-47a5-9e1f-9ad30028e9c9,40.4605474646186,-86.9197640664177,177,8385.79
3fa1788a-9312-405f-9fad-405ff4e7cdb3,40.4262191371425,-86.9038860840477,19,1225.72
092fb563-ae54-468c-ae0c-1f4db815f671,40.4669355882311,-86.945518397184,27,831.34
e8cb7b35-8b91-4734-bc08-322ef94d7dcd,40.4530404300912,-86.9567363966041,19,800.06
3fa1788a-9312-405f-9fad-405ff4e7cdb3,40.4546202396347,-86.9031183004932,82,5408.52
3fa1788a-9312-405f-9fad-405ff4e7cdb3,40.4277279723725,-86.9009865127344,23,1638.51
63c2c448-4a2f-4a35-a796-66b635935f73,40.4193053573109,-86.8790007367734,27,1903.55
b811b298-72d9-4efd-9671-3351c62aa1de,40.4314891992899,-86.9275375803871,92,4581.88
c7cc28c1-7c0e-4520-ae19-cb46fb733b6b,40.4502113162256,-86.9250946910946,34,1821.99
d556586f-5536-47a5-9e1f-9ad30028e9c9,40.4604004725449,-86.9333293415308,236,9573.58
4b95220c-b38a-4e29-86e4-87b6928ae673,40.4150796623566,-86.8291277586169,87,5494.44
b811b298-72d9-4efd-9671-3351c62aa1de,40.431563883078,-86.9281085877475,112,8945.41
afbfbe89-3824-47d8-a4f2-727023af88ac,40.4393655322204,-86.8993760059717,28,1787.96
56875f33-4f60-4591-a742-8e882d645c09,40.4264444366958,-86.9190764080928,28,2074.27
b811b298-72d9-4efd-9671-3351c62aa1de,40.4460540679725,-86.9405179882358,52,1151.92
e1d33256-6b3d-4dd2-9b32-5f76612e652a,40.4242813038626,-86.9293692402221,55,3511.9
1f6ab1b9-203d-4800-9c2f-0575ebaff4a6,40.4597802433696,-86.9339939506419,13,402.13
3326e01b-3c23-4fa9-bcd3-2acaafb07d2d,40.4206231965475,-86.8402879054808,168,9642.91
ade7b7b0-935b-439e-966d-c3f250810c1a,40.4287934431223,-86.8909595100921,12,1053.9
0fd3c4b0-ae9d-40b2-a07c-715b3b3b553a,40.3925543459246,-86.9029228258307,49,3743.34
cf98ced7-c172-4e65-98ed-b92c8d5118ed,40.408665998022,-86.8929591536879,126,11253.11
0bb04145-d02a-46c3-a800-6d0d42233c5c,40.446024,-86.919318,93,5930.9
01b692f1-d433-46dc-bbc7-f1ccd7a75e1d,40.4153883704775,-86.8134872206144,1,26.46
0a1d1408-7910-4fd5-b3f7-3ce7064b408b,40.4273766316776,-86.9306719355929,6,355.21
1f6ab1b9-203d-4800-9c2f-0575ebaff4a6,40.4249755285987,-86.8935310687257,213,8413.08
24732034-b22f-40df-870b-590d76e81a8c,40.4055168748487,-86.8280296132607,60,3904.18
9172832a-d99f-4400-b801-baf4cfd054b7,40.4489875126996,-86.9412913806783,30,809.46
0fd3c4b0-ae9d-40b2-a07c-715b3b3b553a,40.3952951411183,-86.8969694209109,42,3136.13
0fd3c4b0-ae9d-40b2-a07c-715b3b3b553a,40.3846857041781,-86.902887769634,93,7128.13
33064dc1-95a3-4a07-8352-58827f35895b,40.3653231795921,-86.8605623484244,63,5162.48
b60e3152-a76d-4f75-998c-5ccb6225d74b,40.4136315919168,-86.8744424697119,89,5880.07
a05e2688-6ec0-45d9-a447-37df08b14d0b,40.4214096371026,-86.8463778866861,120,6968.73
e0c92e87-ef25-4f24-8979-fce9c3bc02dd,40.4674458754374,-86.9491518333885,36,3800.84
a05e2688-6ec0-45d9-a447-37df08b14d0b,40.3925493593544,-86.8384652935544,162,10826.42
b811b298-72d9-4efd-9671-3351c62aa1de,40.430362,-86.913149,99,5852.76
b811b298-72d9-4efd-9671-3351c62aa1de,40.4242101564533,-86.9191045712891,104,7373.01
b811b298-72d9-4efd-9671-3351c62aa1de,40.4481286503956,-86.9445131944864,59,1764.06
3326e01b-3c23-4fa9-bcd3-2acaafb07d2d,40.4206156130836,-86.8411744467149,167,9567.91
24732034-b22f-40df-870b-590d76e81a8c,40.388421187073,-86.8096568561756,122,10614.81
33064dc1-95a3-4a07-8352-58827f35895b,40.3839727103838,-86.8423412241981,4,112.19
270e300e-042e-44fa-b9c9-e21538746b2f,40.3963862595788,-86.8385108911104,37,4218.59
170011b0-977b-444b-a647-c0e01b5f04fb,40.3853533264713,-86.8762883977022,49,4432.8
f45e2fd4-e04e-476c-87ff-d079f18a5c71,40.3918375291365,-86.8447949161764,85,6703.57
1f6ab1b9-203d-4800-9c2f-0575ebaff4a6,40.4604572806514,-86.9200259599986,72,1649.13
24732034-b22f-40df-870b-590d76e81a8c,40.4029603317936,-86.8273433895764,104,6956.23
e8cb7b35-8b91-4734-bc08-322ef94d7dcd,40.4528060979079,-86.9622935433577,12,317.84
96c76f87-236b-4d10-a004-d18116c5a5a0,40.4606396174343,-86.9243507597528,81,5015.87
a05e2688-6ec0-45d9-a447-37df08b14d0b,40.4064034754144,-86.8387334230096,150,9282.02
f25f38ba-f752-43fd-baec-05c57d7fd482,40.4174389193916,-86.8437143769094,51,4684.92
b60e3152-a76d-4f75-998c-5ccb6225d74b,40.3932701123361,-86.8485635844825,30,2002.39
1f6ab1b9-203d-4800-9c2f-0575ebaff4a6,40.4586121713288,-86.9156941423234,88,2229.86
9172832a-d99f-4400-b801-baf4cfd054b7,40.4460691109753,-86.9420698434375,43,1284.85
c7cc28c1-7c0e-4520-ae19-cb46fb733b6b,40.4242555114743,-86.9251580281554,106,7478.08
24732034-b22f-40df-870b-590d76e81a8c,40.39684,-86.809643,134,11572.07
002a917d-6cdc-46ab-bb61-4e54c64205ee,40.405473320378,-86.8754318923805,17,1491.83
c7cc28c1-7c0e-4520-ae19-cb46fb733b6b,40.420978146195,-86.9016468139954,125,9563.92
eb71757f-5a3d-4a11-adc1-1d0b0e65c723,40.3837582960857,-86.8997813978102,72,5486.56
eb71757f-5a3d-4a11-adc1-1d0b0e65c723,40.3835417505669,-86.8911922231944,55,4744.83
4e025ba5-8f41-4b28-a28d-f15951c5a468,40.4481224482809,-86.9445258722977,37,5731
a05e2688-6ec0-45d9-a447-37df08b14d0b,40.4301835545793,-86.8870884982474,31,1850.91
1f6ab1b9-203d-4800-9c2f-0575ebaff4a6,40.427871184445,-86.9103353426508,180,6896.38
1f1c7703-f37e-4cab-90b2-34b3f54726f7,40.4672006051064,-86.9400486016302,12,1479.26
01b692f1-d433-46dc-bbc7-f1ccd7a75e1d,40.4182816806676,-86.8866477638866,73,6535.63
e1d33256-6b3d-4dd2-9b32-5f76612e652a,40.4196854295414,-86.9001617559365,18,865.03
13bf0b02-f652-4609-943f-dbc509710e91,40.4321009287978,-86.8802146324144,161,9472.44
b60e3152-a76d-4f75-998c-5ccb6225d74b,40.3948569230324,-86.8493222095658,54,2881.51
3fa1788a-9312-405f-9fad-405ff4e7cdb3,40.4313704305263,-86.9141269340118,2,100.97
33064dc1-95a3-4a07-8352-58827f35895b,40.376891263731,-86.8573035202,40,3206.92
1f6ab1b9-203d-4800-9c2f-0575ebaff4a6,40.4458609705668,-86.9142679896864,111,3690.8
33064dc1-95a3-4a07-8352-58827f35895b,40.3671833844845,-86.8686930678774,84,6236.43
b60e3152-a76d-4f75-998c-5ccb6225d74b,40.4182681114532,-86.8884775300565,114,7306.55
13bf0b02-f652-4609-943f-dbc509710e91,40.4288061218742,-86.8448221292986,123,6074.28
270e300e-042e-44fa-b9c9-e21538746b2f,40.3874219835464,-86.8399464540867,48,5252.59
c7cc28c1-7c0e-4520-ae19-cb46fb733b6b,40.4189427823049,-86.8998163875413,138,9855.58
002a917d-6cdc-46ab-bb61-4e54c64205ee,40.4162945013915,-86.8866929415169,47,3366.34
a05e2688-6ec0-45d9-a447-37df08b14d0b,40.3896210291799,-86.8384751802462,167,11157.44
13bf0b02-f652-4609-943f-dbc509710e91,40.4321472908102,-86.8685819819324,148,8479.41
0bb04145-d02a-46c3-a800-6d0d42233c5c,40.478814,-86.924822,10,639.58
4b95220c-b38a-4e29-86e4-87b6928ae673,40.4031387753964,-86.8278907410081,107,6859.96
092fb563-ae54-468c-ae0c-1f4db815f671,40.4698402219861,-86.9457692510806,9,296.16
93c1bdef-1567-4615-ab23-04d3cc324ca3,40.451739073079,-86.9026053292864,63,4504.12
01b692f1-d433-46dc-bbc7-f1ccd7a75e1d,40.4176911238067,-86.8402622542931,29,2556.42
c7cc28c1-7c0e-4520-ae19-cb46fb733b6b,40.420805,-86.901506,127,9588.11
4aac4c21-daca-4d3b-abb9-c9efb54fea4a,40.4256939377752,-86.9079837475644,8,683.4
3326e01b-3c23-4fa9-bcd3-2acaafb07d2d,40.3844029561154,-86.8411628110265,211,13918.09
89055b80-8ef0-49cc-bbe3-6c7d5415021a,40.4189803097553,-86.9034491026653,30,1388.28
b60e3152-a76d-4f75-998c-5ccb6225d74b,40.397305742006,-86.8527253567808,58,3280.3
3326e01b-3c23-4fa9-bcd3-2acaafb07d2d,40.4270273012368,-86.8471666296445,134,8400.05
a05e2688-6ec0-45d9-a447-37df08b14d0b,40.4109154351491,-86.8388301959528,148,8780.21
a05e2688-6ec0-45d9-a447-37df08b14d0b,40.4320730526491,-86.8691376965724,53,3594.7
0bb04145-d02a-46c3-a800-6d0d42233c5c,40.4678570706815,-86.9310699298884,21,2410.74
eb71757f-5a3d-4a11-adc1-1d0b0e65c723,40.3932976957141,-86.9135000952184,102,8156.63
0fd3c4b0-ae9d-40b2-a07c-715b3b3b553a,40.3890464164851,-86.9128125865409,66,5145.99
b811b298-72d9-4efd-9671-3351c62aa1de,40.449176,-86.941583,27,758.19
170011b0-977b-444b-a647-c0e01b5f04fb,40.3659498127249,-86.8605187444986,91,7919.05
b2d5f522-ef1c-4f6f-a88e-f9f90dc80c88,40.4663657777028,-86.9387608461784,32,1492.78
13bf0b02-f652-4609-943f-dbc509710e91,40.4274800278019,-86.845925857122,113,5888.88
ade7b7b0-935b-439e-966d-c3f250810c1a,40.4251510561772,-86.8930430220572,8,612.05
3326e01b-3c23-4fa9-bcd3-2acaafb07d2d,40.4320790401711,-86.8807132665794,76,4694.56
f25f38ba-f752-43fd-baec-05c57d7fd482,40.4167109269732,-86.8142642763948,80,8120.1
13bf0b02-f652-4609-943f-dbc509710e91,40.432202,-86.87349,153,8899.69
e0c92e87-ef25-4f24-8979-fce9c3bc02dd,40.4457222434857,-86.9620991091795,4,215.16
002a917d-6cdc-46ab-bb61-4e54c64205ee,40.4018964813772,-86.8700932102374,11,885.05
1f6ab1b9-203d-4800-9c2f-0575ebaff4a6,40.4326258663932,-86.9057592099539,149,5418.05
b60e3152-a76d-4f75-998c-5ccb6225d74b,40.4063995891794,-86.8655499610684,74,4768.44
b811b298-72d9-4efd-9671-3351c62aa1de,40.4481224482809,-86.9445258722977,136,11583.76
afbfbe89-3824-47d8-a4f2-727023af88ac,40.4263969859934,-86.9191447620506,78,5533.08
1f6ab1b9-203d-4800-9c2f-0575ebaff4a6,40.4466037887341,-86.9145501680332,109,3604.11
dd423f77-d4ba-47f0-98c9-7d78e756d475,40.4100347868364,-86.8784038234241,36,2549.12
270e300e-042e-44fa-b9c9-e21538746b2f,40.4030098743544,-86.8367684162764,28,3323.08
002a917d-6cdc-46ab-bb61-4e54c64205ee,40.4046927231994,-86.8742965219871,16,1362.4
33064dc1-95a3-4a07-8352-58827f35895b,40.3649289724799,-86.8620654373119,69,5457.12
e0c92e87-ef25-4f24-8979-fce9c3bc02dd,40.4593734738768,-86.9351680058801,67,5989.87
c7cc28c1-7c0e-4520-ae19-cb46fb733b6b,40.4173739931452,-86.8964282457784,143,10192.3
1f6ab1b9-203d-4800-9c2f-0575ebaff4a6,40.4606981302136,-86.9239441735507,59,1307.22
d556586f-5536-47a5-9e1f-9ad30028e9c9,40.4258462092436,-86.8914960917046,19,930.3
1f1c7703-f37e-4cab-90b2-34b3f54726f7,40.4593021262758,-86.9336079978033,5,328.49
170011b0-977b-444b-a647-c0e01b5f04fb,40.3861572600528,-86.8572760001672,109,10916.73
1f6ab1b9-203d-4800-9c2f-0575ebaff4a6,40.4594429256793,-86.9336951021793,12,356.93
1f6ab1b9-203d-4800-9c2f-0575ebaff4a6,40.4309836211444,-86.9137485927844,168,6437.76
b2d5f522-ef1c-4f6f-a88e-f9f90dc80c88,40.455834007911,-86.9303412921804,40,2872.92
eb71757f-5a3d-4a11-adc1-1d0b0e65c723,40.3818984523171,-86.8588964358292,20,1954.05
ade7b7b0-935b-439e-966d-c3f250810c1a,40.4321373777532,-86.8871406655274,18,1560.39
63c2c448-4a2f-4a35-a796-66b635935f73,40.4190403359527,-86.8674051305854,12,901.15
24732034-b22f-40df-870b-590d76e81a8c,40.3844015470363,-86.8411453863479,6,225.44
0a1d1408-7910-4fd5-b3f7-3ce7064b408b,40.422695165937,-86.9103554176865,32,2564.06
eb71757f-5a3d-4a11-adc1-1d0b0e65c723,40.3816056519841,-86.8826170497885,40,3968.65
1f6ab1b9-203d-4800-9c2f-0575ebaff4a6,40.4605136233041,-86.9313993026831,24,659.1
170011b0-977b-444b-a647-c0e01b5f04fb,40.3671582008492,-86.8635372764102,84,7527.59
e1d33256-6b3d-4dd2-9b32-5f76612e652a,40.445991,-86.943503,95,6455.59
1f1c7703-f37e-4cab-90b2-34b3f54726f7,40.4476131718493,-86.962014780346,81,6244.27
a05e2688-6ec0-45d9-a447-37df08b14d0b,40.4205742670559,-86.845633701806,126,7102.46
0fd3c4b0-ae9d-40b2-a07c-715b3b3b553a,40.3846310254957,-86.902730062474,94,7142.8
0fd3c4b0-ae9d-40b2-a07c-715b3b3b553a,40.3839126458116,-86.9004779696749,99,7354.58
d556586f-5536-47a5-9e1f-9ad30028e9c9,40.4574448749381,-86.9156508032262,160,7691.5
56875f33-4f60-4591-a742-8e882d645c09,40.4321171340979,-86.9147265923158,43,3181.16
170011b0-977b-444b-a647-c0e01b5f04fb,40.3879642901164,-86.885814445739,19,1691.77
3326e01b-3c23-4fa9-bcd3-2acaafb07d2d,40.43344241388,-86.8875212438668,59,3752.8
b2d5f522-ef1c-4f6f-a88e-f9f90dc80c88,40.4721676888781,-86.9461119861634,1,18.28
4aac4c21-daca-4d3b-abb9-c9efb54fea4a,40.42497,-86.908061,10,764.88
ade7b7b0-935b-439e-966d-c3f250810c1a,40.4356311524801,-86.8863283294214,30,1965.16
c7cc28c1-7c0e-4520-ae19-cb46fb733b6b,40.4463743147648,-86.9221227880027,45,2324.71
0fd3c4b0-ae9d-40b2-a07c-715b3b3b553a,40.3839838291578,-86.8423761970904,159,12792.84
9172832a-d99f-4400-b801-baf4cfd054b7,40.4460969833193,-86.9435153569886,45,1408.25
b811b298-72d9-4efd-9671-3351c62aa1de,40.4489629238226,-86.9414084816818,34,794.99
33064dc1-95a3-4a07-8352-58827f35895b,40.3671140890368,-86.8759222504939,94,6855.41
4b95220c-b38a-4e29-86e4-87b6928ae673,40.4053923939962,-86.8280633380727,100,6600.34
eb71757f-5a3d-4a11-adc1-1d0b0e65c723,40.3893870347373,-86.9128295429247,99,7706.79
9172832a-d99f-4400-b801-baf4cfd054b7,40.4314633025929,-86.9236219676469,97,4934.97
d556586f-5536-47a5-9e1f-9ad30028e9c9,40.4327117000258,-86.9151090435338,65,3293.48
eb71757f-5a3d-4a11-adc1-1d0b0e65c723,40.3931005533398,-86.9109493142932,103,8373.61
3fa1788a-9312-405f-9fad-405ff4e7cdb3,40.4359112807833,-86.8994256733838,45,2644.63
33064dc1-95a3-4a07-8352-58827f35895b,40.3848408447763,-86.8413986526072,7,278.22
e0c92e87-ef25-4f24-8979-fce9c3bc02dd,40.4674734620113,-86.9423392676516,41,4378.55
b60e3152-a76d-4f75-998c-5ccb6225d74b,40.4079863354521,-86.8677742534646,79,5028.84
1f1c7703-f37e-4cab-90b2-34b3f54726f7,40.469433,-86.957676,53,3453.09
170011b0-977b-444b-a647-c0e01b5f04fb,40.3866761829656,-86.8522837848306,116,11373.35
170011b0-977b-444b-a647-c0e01b5f04fb,40.3828497789877,-86.8572749729298,105,10547.06
1f6ab1b9-203d-4800-9c2f-0575ebaff4a6,40.4253471629576,-86.9005237229262,203,7818.12
cf98ced7-c172-4e65-98ed-b92c8d5118ed,40.3837582960857,-86.8997813978102,72,5486.56
1f6ab1b9-203d-4800-9c2f-0575ebaff4a6,40.4585578911644,-86.9156795328912,89,2236.02
a05e2688-6ec0-45d9-a447-37df08b14d0b,40.4284397443495,-86.8449289959454,80,6052.91
96c76f87-236b-4d10-a004-d18116c5a5a0,40.4404214294348,-86.9182341814662,34,2128.85
13bf0b02-f652-4609-943f-dbc509710e91,40.4185511834102,-86.8389158267272,57,4143.65
f45e2fd4-e04e-476c-87ff-d079f18a5c71,40.4137676268716,-86.8746573079673,24,2243.08
170011b0-977b-444b-a647-c0e01b5f04fb,40.3852926679424,-86.8470124508464,122,11978.5
b811b298-72d9-4efd-9671-3351c62aa1de,40.4481176244133,-86.9455536805716,64,1863.71
092fb563-ae54-468c-ae0c-1f4db815f671,40.4372068010096,-86.915903354639,64,5291.48
13bf0b02-f652-4609-943f-dbc509710e91,40.3922292063363,-86.8383341725214,23,1197.84
b60e3152-a76d-4f75-998c-5ccb6225d74b,40.3928806121874,-86.8464126793392,21,1600.9
13bf0b02-f652-4609-943f-dbc509710e91,40.421445439706,-86.8463504953857,77,5113.72
b811b298-72d9-4efd-9671-3351c62aa1de,40.4465095632018,-86.9446914104458,67,2056.7
1f1c7703-f37e-4cab-90b2-34b3f54726f7,40.4603929249984,-86.9330254735322,8,501.51
32580df6-cf1f-4b44-970a-3d33e8c7feff,40.4203784524552,-86.89429812257,1,56.8
c7cc28c1-7c0e-4520-ae19-cb46fb733b6b,40.4602821726058,-86.9332292830213,10,488.29
24732034-b22f-40df-870b-590d76e81a8c,40.3934591803186,-86.8367228897226,24,1471.75
13bf0b02-f652-4609-943f-dbc509710e91,40.4208628838027,-86.8394113729501,60,4435.87
32580df6-cf1f-4b44-970a-3d33e8c7feff,40.4200236492686,-86.8942852662073,2,96.24
24732034-b22f-40df-870b-590d76e81a8c,40.3935541617989,-86.8098275110098,109,9488.34
d556586f-5536-47a5-9e1f-9ad30028e9c9,40.4445083754323,-86.9135813871928,125,6199.38
cf98ced7-c172-4e65-98ed-b92c8d5118ed,40.3847074482964,-86.9068045731298,90,6818.92
c7cc28c1-7c0e-4520-ae19-cb46fb733b6b,40.442234736233,-86.9420415007222,71,4729.87
c7cc28c1-7c0e-4520-ae19-cb46fb733b6b,40.4465865440698,-86.9222470704273,43,2297.04
3326e01b-3c23-4fa9-bcd3-2acaafb07d2d,40.4267161244443,-86.8869725263722,24,1461.24
002a917d-6cdc-46ab-bb61-4e54c64205ee,40.4182603222105,-86.8895286635488,54,3819.76
a05e2688-6ec0-45d9-a447-37df08b14d0b,40.4271851599431,-86.8470615849222,96,6294.01
f25f38ba-f752-43fd-baec-05c57d7fd482,40.4172873745732,-86.886183135878,13,1080.22
4b95220c-b38a-4e29-86e4-87b6928ae673,40.4029654904691,-86.8097915743647,117,8444.09
002a917d-6cdc-46ab-bb61-4e54c64205ee,40.41824428563,-86.8953314111259,62,4311.85
9172832a-d99f-4400-b801-baf4cfd054b7,40.4500513386522,-86.9418545155951,13,540.27
b60e3152-a76d-4f75-998c-5ccb6225d74b,40.3999670565511,-86.8564894521682,64,3717.08
63c2c448-4a2f-4a35-a796-66b635935f73,40.4190832527842,-86.8616187182097,6,407.35
f25f38ba-f752-43fd-baec-05c57d7fd482,40.4173339294753,-86.8820597136206,18,1431.27
afbfbe89-3824-47d8-a4f2-727023af88ac,40.44807732276,-86.8996211211305,13,811.71
4b95220c-b38a-4e29-86e4-87b6928ae673,40.4022173823248,-86.807894814485,131,9359.54
93c1bdef-1567-4615-ab23-04d3cc324ca3,40.4267255124107,-86.9089881686502,10,777.09
c7cc28c1-7c0e-4520-ae19-cb46fb733b6b,40.4242290083956,-86.9217767144078,108,7764.14
56875f33-4f60-4591-a742-8e882d645c09,40.4241692335875,-86.9164535452711,21,1595.49
f45e2fd4-e04e-476c-87ff-d079f18a5c71,40.3996603831139,-86.8561704971026,46,4468.6
4e025ba5-8f41-4b28-a28d-f15951c5a468,40.4393029474797,-86.9383816086281,27,4529.41
0a1d1408-7910-4fd5-b3f7-3ce7064b408b,40.4240503940736,-86.9158182477008,24,1957.73
01f4d3e9-bd6a-4bca-ab3c-3b44e6831475,40.4163702683192,-86.8932114875016,13,688.78
1f6ab1b9-203d-4800-9c2f-0575ebaff4a6,40.4308459419516,-86.9080364351294,156,5820.11
0bb04145-d02a-46c3-a800-6d0d42233c5c,40.445597,-86.921499,98,6203.23
cf98ced7-c172-4e65-98ed-b92c8d5118ed,40.3846724990452,-86.9088214096774,91,6989.67
9172832a-d99f-4400-b801-baf4cfd054b7,40.431507321132,-86.9255645026508,96,4770.59
d556586f-5536-47a5-9e1f-9ad30028e9c9,40.4481243234076,-86.9157048024474,142,6649.61
9172832a-d99f-4400-b801-baf4cfd054b7,40.447612777907,-86.9446751336635,51,1690.14
96c76f87-236b-4d10-a004-d18116c5a5a0,40.4649487130654,-86.9313720177951,122,6212.72
a05e2688-6ec0-45d9-a447-37df08b14d0b,40.4321084651409,-86.8567682958937,66,4645.22
b60e3152-a76d-4f75-998c-5ccb6225d74b,40.4165636905592,-86.8776609856829,97,6308.34
e5c0c034-1aae-426b-a8b7-3e19ad8540c5,40.4395990978415,-86.8744297617237,13,1253.18
3326e01b-3c23-4fa9-bcd3-2acaafb07d2d,40.4335071304035,-86.8871757097163,35,2217.89
0bb04145-d02a-46c3-a800-6d0d42233c5c,40.4720389946999,-86.9246427905874,15,1405.9
0fd3c4b0-ae9d-40b2-a07c-715b3b3b553a,40.4162503573558,-86.8930678881331,15,707.16
0bb04145-d02a-46c3-a800-6d0d42233c5c,40.472225,-86.924715,14,1384.35
3326e01b-3c23-4fa9-bcd3-2acaafb07d2d,40.427700093847,-86.845635331148,122,8242.85
0a1d1408-7910-4fd5-b3f7-3ce7064b408b,40.4191448378829,-86.8867962681694,92,5547.54
3fa1788a-9312-405f-9fad-405ff4e7cdb3,40.4421891324587,-86.8993610464452,55,3346.24
0bb04145-d02a-46c3-a800-6d0d42233c5c,40.4314507953989,-86.9191946486739,136,8320.53
a05e2688-6ec0-45d9-a447-37df08b14d0b,40.432063,-86.847826,70,5403.21
b60e3152-a76d-4f75-998c-5ccb6225d74b,40.3950173521173,-86.8494427833758,55,2902.05
56875f33-4f60-4591-a742-8e882d645c09,40.4246116911367,-86.9191189670834,26,1868.76
170011b0-977b-444b-a647-c0e01b5f04fb,40.3830363038111,-86.8427490938001,137,13007.64
a05e2688-6ec0-45d9-a447-37df08b14d0b,40.4012385409381,-86.83856193908,152,9856.62
1f6ab1b9-203d-4800-9c2f-0575ebaff4a6,40.4207112145848,-86.8948077794795,225,8930.07
96c76f87-236b-4d10-a004-d18116c5a5a0,40.4280429470419,-86.9103743735532,6,536.36
13bf0b02-f652-4609-943f-dbc509710e91,40.4247345283469,-86.847053727332,86,5496.92
1f6ab1b9-203d-4800-9c2f-0575ebaff4a6,40.4598835939403,-86.9340718286257,16,415.74
0bb04145-d02a-46c3-a800-6d0d42233c5c,40.460879979186,-86.9246688142221,57,3899.53
1f6ab1b9-203d-4800-9c2f-0575ebaff4a6,40.4606591565837,-86.9212901188979,61,1531.65
270e300e-042e-44fa-b9c9-e21538746b2f,40.3840273715924,-86.8422814195048,55,5756.67
f45e2fd4-e04e-476c-87ff-d079f18a5c71,40.4172873745732,-86.886183135878,13,1082.57
3bbf4832-650a-47e3-8118-13ea10ec264c,40.443761,-86.882831,13,1623.19
002a917d-6cdc-46ab-bb61-4e54c64205ee,40.403489728941,-86.8725129515654,13,1155.75
13bf0b02-f652-4609-943f-dbc509710e91,40.416913018973,-86.8388600009277,54,3959.34
9172832a-d99f-4400-b801-baf4cfd054b7,40.4309050649816,-86.932396232658,82,4114.54
63c2c448-4a2f-4a35-a796-66b635935f73,40.4191133550191,-86.861701738962,7,415.13
f45e2fd4-e04e-476c-87ff-d079f18a5c71,40.3914813307308,-86.8490540048146,72,5872.77
1f6ab1b9-203d-4800-9c2f-0575ebaff4a6,40.4604645146168,-86.9301651393958,33,770.02
3326e01b-3c23-4fa9-bcd3-2acaafb07d2d,40.42229328458,-86.847065180782,151,8940.38
3fa1788a-9312-405f-9fad-405ff4e7cdb3,40.4303137641973,-86.912993255242,5,255.93
3326e01b-3c23-4fa9-bcd3-2acaafb07d2d,40.4205973916258,-86.8437390678511,163,9348.96
4b95220c-b38a-4e29-86e4-87b6928ae673,40.3830363038111,-86.8427490938001,0,0
96c76f87-236b-4d10-a004-d18116c5a5a0,40.445495274783,-86.9212424842394,39,2752.37
4b95220c-b38a-4e29-86e4-87b6928ae673,40.4061312811204,-86.8287726214524,66,3992.72
33064dc1-95a3-4a07-8352-58827f35895b,40.3650407301269,-86.8622450408649,70,5476.75
e1d33256-6b3d-4dd2-9b32-5f76612e652a,40.4446716447198,-86.9435106076643,90,6216.49
93c1bdef-1567-4615-ab23-04d3cc324ca3,40.4320840429559,-86.8990859524069,33,2144.36
b2d5f522-ef1c-4f6f-a88e-f9f90dc80c88,40.4370846141563,-86.9157440508971,56,5312.65
3326e01b-3c23-4fa9-bcd3-2acaafb07d2d,40.4214096371026,-86.8463778866861,156,9054.93
89055b80-8ef0-49cc-bbe3-6c7d5415021a,40.4184436377771,-86.9075961863865,42,1762.37
9172832a-d99f-4400-b801-baf4cfd054b7,40.4454183843981,-86.9441094663208,70,2204.26
32580df6-cf1f-4b44-970a-3d33e8c7feff,40.4189241040818,-86.8735054492029,33,1892.69
24732034-b22f-40df-870b-590d76e81a8c,40.4019230436954,-86.8082421229931,150,12296.06
4b95220c-b38a-4e29-86e4-87b6928ae673,40.3992674155834,-86.8081304314094,122,9012.87
e5c0c034-1aae-426b-a8b7-3e19ad8540c5,40.4377834072086,-86.8696718911396,7,642.92
f25f38ba-f752-43fd-baec-05c57d7fd482,40.4174394421285,-86.8164226383142,75,7835.09
e1d33256-6b3d-4dd2-9b32-5f76612e652a,40.4575379230798,-86.9341279259613,134,10671.28
b60e3152-a76d-4f75-998c-5ccb6225d74b,40.4182602271946,-86.8882893911645,113,7290.61
eb71757f-5a3d-4a11-adc1-1d0b0e65c723,40.3933966318175,-86.9019794518144,108,9181.4
4b95220c-b38a-4e29-86e4-87b6928ae673,40.4022249697252,-86.8052813609103,136,9603.91
89055b80-8ef0-49cc-bbe3-6c7d5415021a,40.419145,-86.902687,28,1320.6
e1d33256-6b3d-4dd2-9b32-5f76612e652a,40.4387249314025,-86.9377566538904,81,5386.87
3326e01b-3c23-4fa9-bcd3-2acaafb07d2d,40.4265143618244,-86.8472961177362,140,8462.68
1f1c7703-f37e-4cab-90b2-34b3f54726f7,40.460373,-86.962164,66,4812.96
4b95220c-b38a-4e29-86e4-87b6928ae673,40.3936153644128,-86.8368899145859,24,1493.85
f45e2fd4-e04e-476c-87ff-d079f18a5c71,40.3920622904896,-86.850093269794,65,5756.97
4b95220c-b38a-4e29-86e4-87b6928ae673,40.4029856365161,-86.8296633379061,46,3408.31
01f4d3e9-bd6a-4bca-ab3c-3b44e6831475,40.3825737557034,-86.8878952241528,118,8458.41
32580df6-cf1f-4b44-970a-3d33e8c7feff,40.4200377513976,-86.8923601443874,5,260.21
a05e2688-6ec0-45d9-a447-37df08b14d0b,40.4320261312054,-86.8870948821798,33,2055.73
28e019d7-aabd-407a-8617-6fb357801f08,40.3922622906149,-86.8500459676116,34,2217.15
01b692f1-d433-46dc-bbc7-f1ccd7a75e1d,40.4177994248089,-86.8341473246878,22,2034.62
f25f38ba-f752-43fd-baec-05c57d7fd482,40.4173144151919,-86.8929213307007,5,505.86
3326e01b-3c23-4fa9-bcd3-2acaafb07d2d,40.4218475530961,-86.8869466380393,13,912.05
b60e3152-a76d-4f75-998c-5ccb6225d74b,40.3850862165915,-86.8417493326588,8,318.58
e1d33256-6b3d-4dd2-9b32-5f76612e652a,40.4182202802083,-86.8954035476784,6,388.54
270e300e-042e-44fa-b9c9-e21538746b2f,40.4029916189364,-86.8097538984374,13,1030.16
01b692f1-d433-46dc-bbc7-f1ccd7a75e1d,40.4175470685925,-86.8640436029857,47,4574.32
4b95220c-b38a-4e29-86e4-87b6928ae673,40.4029893858094,-86.8342539776195,44,3019.32
e8cb7b35-8b91-4734-bc08-322ef94d7dcd,40.453042,-86.958841,0,0
13bf0b02-f652-4609-943f-dbc509710e91,40.4039775294626,-86.8385306605798,36,2510.54
96c76f87-236b-4d10-a004-d18116c5a5a0,40.4679039812825,-86.9245671525775,138,8396.92
1f1c7703-f37e-4cab-90b2-34b3f54726f7,40.4684834065514,-86.9560746784271,49,3220.7
56875f33-4f60-4591-a742-8e882d645c09,40.4427860127394,-86.9193475028738,59,4459.28
e0c92e87-ef25-4f24-8979-fce9c3bc02dd,40.4463701693127,-86.9619651381163,2,138.38
e0c92e87-ef25-4f24-8979-fce9c3bc02dd,40.467332,-86.956453,32,3182.1
01f4d3e9-bd6a-4bca-ab3c-3b44e6831475,40.3820268974095,-86.8445531754696,151,12166.8
a05e2688-6ec0-45d9-a447-37df08b14d0b,40.4209195331555,-86.893080344552,3,290.49
3326e01b-3c23-4fa9-bcd3-2acaafb07d2d,40.4328819459579,-86.8878851775587,57,3682.73
3326e01b-3c23-4fa9-bcd3-2acaafb07d2d,40.4343979901782,-86.8869175089044,66,3893.71
eb71757f-5a3d-4a11-adc1-1d0b0e65c723,40.3819195759015,-86.8857860473471,45,4240.98
0fd3c4b0-ae9d-40b2-a07c-715b3b3b553a,40.3835192070169,-86.8925585965862,111,8040.77
3326e01b-3c23-4fa9-bcd3-2acaafb07d2d,40.4150385944361,-86.8389132567151,179,10402.03
4e025ba5-8f41-4b28-a28d-f15951c5a468,40.4482375318707,-86.9451833073696,40,5795.03
cf98ced7-c172-4e65-98ed-b92c8d5118ed,40.4051004658589,-86.8929228246472,119,10852.7
32580df6-cf1f-4b44-970a-3d33e8c7feff,40.4229579862826,-86.8617959274548,62,3946.11
dd423f77-d4ba-47f0-98c9-7d78e756d475,40.4134565577625,-86.8866720791786,19,1471.61
f25f38ba-f752-43fd-baec-05c57d7fd482,40.4151730376301,-86.8290830170964,60,6194.44
1f6ab1b9-203d-4800-9c2f-0575ebaff4a6,40.4378563320188,-86.9064382419671,136,4825.02
3bbf4832-650a-47e3-8118-13ea10ec264c,40.4319670876149,-86.8879999717527,33,3038.24
56875f33-4f60-4591-a742-8e882d645c09,40.4365136986284,-86.9153696064156,49,3678.95
e1d33256-6b3d-4dd2-9b32-5f76612e652a,40.4211175111097,-86.9018046749278,29,1086.01
63c2c448-4a2f-4a35-a796-66b635935f73,40.4200572124947,-86.8822503888572,31,2193.78
3326e01b-3c23-4fa9-bcd3-2acaafb07d2d,40.4006023833627,-86.8385239349378,190,12014.81
13bf0b02-f652-4609-943f-dbc509710e91,40.4264333623389,-86.8471633381787,91,5690.52
3bbf4832-650a-47e3-8118-13ea10ec264c,40.4338679008736,-86.8871243673851,28,2796.47
13bf0b02-f652-4609-943f-dbc509710e91,40.398659,-86.838397,30,1915.86
a05e2688-6ec0-45d9-a447-37df08b14d0b,40.432046,-86.870901,50,3444.86
32580df6-cf1f-4b44-970a-3d33e8c7feff,40.4189371539868,-86.8710611602171,35,2100.04
24732034-b22f-40df-870b-590d76e81a8c,40.405197356448,-86.8278219847005,58,3864.16
01b692f1-d433-46dc-bbc7-f1ccd7a75e1d,40.4171863095742,-86.81389689202,9,273.68
eb71757f-5a3d-4a11-adc1-1d0b0e65c723,40.3837291858319,-86.8951428862667,62,5085.61
4e025ba5-8f41-4b28-a28d-f15951c5a468,40.4481134896696,-86.9455319471807,42,5827.83
01f4d3e9-bd6a-4bca-ab3c-3b44e6831475,40.384836523359,-86.8414261004316,156,12627.36
13bf0b02-f652-4609-943f-dbc509710e91,40.4278161165997,-86.8870671545045,178,10544.28
9172832a-d99f-4400-b801-baf4cfd054b7,40.4305709205386,-86.9322910886795,85,4154.14
a05e2688-6ec0-45d9-a447-37df08b14d0b,40.4320937526576,-86.8710296150415,49,3432.76
13bf0b02-f652-4609-943f-dbc509710e91,40.427309057277,-86.8467098642999,109,5818.97
9172832a-d99f-4400-b801-baf4cfd054b7,40.44817121445,-86.9445294046461,59,1781.85
002a917d-6cdc-46ab-bb61-4e54c64205ee,40.4182441955574,-86.8905669651836,57,3908.19
c7cc28c1-7c0e-4520-ae19-cb46fb733b6b,40.4242622050625,-86.9255435681873,104,7443.49
c7cc28c1-7c0e-4520-ae19-cb46fb733b6b,40.4502802860164,-86.9251337334716,33,1813.64
24732034-b22f-40df-870b-590d76e81a8c,40.4042180970129,-86.8278358716564,95,6737.11
0bb04145-d02a-46c3-a800-6d0d42233c5c,40.4654633669115,-86.9274872878018,41,3178.59
afbfbe89-3824-47d8-a4f2-727023af88ac,40.4358964484726,-86.8973913824102,38,2348.71
092fb563-ae54-468c-ae0c-1f4db815f671,40.4722,-86.9459,0,0
3326e01b-3c23-4fa9-bcd3-2acaafb07d2d,40.421123473445,-86.846161465573,157,9091.62
56875f33-4f60-4591-a742-8e882d645c09,40.454859568882,-86.928798234356,72,6044.43
3bbf4832-650a-47e3-8118-13ea10ec264c,40.4368377763285,-86.8861220332721,23,2453.86
b2d5f522-ef1c-4f6f-a88e-f9f90dc80c88,40.430362,-86.913149,64,6121.14
ade7b7b0-935b-439e-966d-c3f250810c1a,40.456775,-86.876203,49,4616.18
d556586f-5536-47a5-9e1f-9ad30028e9c9,40.4271243804826,-86.9048375668249,40,2135.23
28e019d7-aabd-407a-8617-6fb357801f08,40.3938011910791,-86.8492316704383,26,1918.93
e1d33256-6b3d-4dd2-9b32-5f76612e652a,40.4593904659282,-86.935177994205,128,10440.96
b811b298-72d9-4efd-9671-3351c62aa1de,40.4499615076717,-86.9406667664227,11,432.67
ade7b7b0-935b-439e-966d-c3f250810c1a,40.4308721016274,-86.8891375722632,14,1331.91
1f6ab1b9-203d-4800-9c2f-0575ebaff4a6,40.4573040318036,-86.9339999433829,2,28.16
b2d5f522-ef1c-4f6f-a88e-f9f90dc80c88,40.4668504620643,-86.945565326048,24,820.89
f25f38ba-f752-43fd-baec-05c57d7fd482,40.4173165251008,-86.8893006559872,11,815.55
ade7b7b0-935b-439e-966d-c3f250810c1a,40.44593935807,-86.8805081766089,40,3234.75
002a917d-6cdc-46ab-bb61-4e54c64205ee,40.4100871661862,-86.8782465426451,31,2157.65
93c1bdef-1567-4615-ab23-04d3cc324ca3,40.4301908827522,-86.9128971770562,5,268.14
c7cc28c1-7c0e-4520-ae19-cb46fb733b6b,40.4311020929278,-86.93265509204,83,6211.5
b60e3152-a76d-4f75-998c-5ccb6225d74b,40.4182602271946,-86.8839403565329,109,6922.33
afbfbe89-3824-47d8-a4f2-727023af88ac,40.446612560465,-86.8994380153264,16,976.22
32580df6-cf1f-4b44-970a-3d33e8c7feff,40.4243115309833,-86.8618258251869,59,3794.77
3326e01b-3c23-4fa9-bcd3-2acaafb07d2d,40.420671454934,-86.8400750993626,169,9661.69
3326e01b-3c23-4fa9-bcd3-2acaafb07d2d,40.4218877671187,-86.8868306082286,14,922.84
13bf0b02-f652-4609-943f-dbc509710e91,40.3888665487207,-86.8387383444976,17,817.25
3326e01b-3c23-4fa9-bcd3-2acaafb07d2d,40.3851019933567,-86.8418170143254,208,13820.41
96c76f87-236b-4d10-a004-d18116c5a5a0,40.4612540184067,-86.9244641581239,86,5086.28
092fb563-ae54-468c-ae0c-1f4db815f671,40.466836046299,-86.945591325365,25,818.41
01b692f1-d433-46dc-bbc7-f1ccd7a75e1d,40.418218581066,-86.8952102295555,84,7262.48
0bb04145-d02a-46c3-a800-6d0d42233c5c,40.4262624245355,-86.9191523718939,142,8901.6
01b692f1-d433-46dc-bbc7-f1ccd7a75e1d,40.417347819124,-86.8781828541089,58,5775.21
0fd3c4b0-ae9d-40b2-a07c-715b3b3b553a,40.381733937843,-86.8687645298625,138,10112.93
c7cc28c1-7c0e-4520-ae19-cb46fb733b6b,40.4207112145848,-86.8948077794795,152,11090.49
3fa1788a-9312-405f-9fad-405ff4e7cdb3,40.4319255579517,-86.899149886134,35,2136.3
d556586f-5536-47a5-9e1f-9ad30028e9c9,40.460557,-86.918859,173,8306.77
24732034-b22f-40df-870b-590d76e81a8c,40.392812,-86.80999,126,11111.24
1f6ab1b9-203d-4800-9c2f-0575ebaff4a6,40.4606162029865,-86.9206691624075,64,1584.55
0a1d1408-7910-4fd5-b3f7-3ce7064b408b,40.4181191570536,-86.9062119191153,48,3389.57
f25f38ba-f752-43fd-baec-05c57d7fd482,40.4150796623566,-86.8291277586169,61,6205.49
e0c92e87-ef25-4f24-8979-fce9c3bc02dd,40.4619742911199,-86.9360175406085,55,5361.72
96c76f87-236b-4d10-a004-d18116c5a5a0,40.4678109448196,-86.9350556073676,137,7510.2
c7cc28c1-7c0e-4520-ae19-cb46fb733b6b,40.4178667674787,-86.8976704091202,141,10073.73
a05e2688-6ec0-45d9-a447-37df08b14d0b,40.4279765159093,-86.8452577134822,84,6112.32
01b692f1-d433-46dc-bbc7-f1ccd7a75e1d,40.4174293083605,-86.8709709944984,52,5161.66
1f6ab1b9-203d-4800-9c2f-0575ebaff4a6,40.4598422537311,-86.9340446618871,15,410.6
63c2c448-4a2f-4a35-a796-66b635935f73,40.4200498869416,-86.8856451299388,35,2481.9
b2d5f522-ef1c-4f6f-a88e-f9f90dc80c88,40.4672632227632,-86.9411776593248,29,1264.94
002a917d-6cdc-46ab-bb61-4e54c64205ee,40.413909919217,-86.886604105874,44,3099.73
3fa1788a-9312-405f-9fad-405ff4e7cdb3,40.4436139864976,-86.8995442560155,58,3505.53
b2d5f522-ef1c-4f6f-a88e-f9f90dc80c88,40.4388131565682,-86.9173189575089,54,5078.64
f45e2fd4-e04e-476c-87ff-d079f18a5c71,40.4173114328726,-86.8920164172161,5,585
13bf0b02-f652-4609-943f-dbc509710e91,40.4038818748922,-86.8385559449164,35,2499.7
d556586f-5536-47a5-9e1f-9ad30028e9c9,40.4383931146312,-86.906761058615,103,5291.63
0bb04145-d02a-46c3-a800-6d0d42233c5c,40.4588779496124,-86.9245490849997,66,4128.57
a05e2688-6ec0-45d9-a447-37df08b14d0b,40.4320741360083,-86.8778236340347,43,2853.71
a05e2688-6ec0-45d9-a447-37df08b14d0b,40.4218475530961,-86.8869466380393,12,912.7
33064dc1-95a3-4a07-8352-58827f35895b,40.3671347754545,-86.8702827821517,86,6371.66
33064dc1-95a3-4a07-8352-58827f35895b,40.3834968965216,-86.8762075863729,116,8692.62
d556586f-5536-47a5-9e1f-9ad30028e9c9,40.458976065427,-86.934799816365,246,9829.78
eb71757f-5a3d-4a11-adc1-1d0b0e65c723,40.3925484758919,-86.9029104977124,106,9057.57
f45e2fd4-e04e-476c-87ff-d079f18a5c71,40.4094898479036,-86.8698263224569,30,2872.01
32580df6-cf1f-4b44-970a-3d33e8c7feff,40.4199900896031,-86.8860162069548,14,801.16
b2d5f522-ef1c-4f6f-a88e-f9f90dc80c88,40.4579187521757,-86.9314232749571,38,2623.85
3326e01b-3c23-4fa9-bcd3-2acaafb07d2d,40.4344065795665,-86.8871770585144,65,3871.74
13bf0b02-f652-4609-943f-dbc509710e91,40.3898637900771,-86.8383326793511,21,934.88
0bb04145-d02a-46c3-a800-6d0d42233c5c,40.4649313796433,-86.9245713992737,50,3445.17
d556586f-5536-47a5-9e1f-9ad30028e9c9,40.4604887716779,-86.9186956393543,172,8291.01
0a1d1408-7910-4fd5-b3f7-3ce7064b408b,40.4182562138978,-86.906458080418,46,3362.7
fa3c48c4-e5ed-42ea-a149-8f48abc3adb2,40.3889147593826,-86.83879024217,91,7309.42
dd423f77-d4ba-47f0-98c9-7d78e756d475,40.4016611951375,-86.8697708682227,61,3868.29
e1d33256-6b3d-4dd2-9b32-5f76612e652a,40.4471127598346,-86.9224269174771,108,8452.45
32580df6-cf1f-4b44-970a-3d33e8c7feff,40.420016592548,-86.8858939608456,15,811.91
3326e01b-3c23-4fa9-bcd3-2acaafb07d2d,40.4245269939301,-86.8868900836234,18,1216.8
9172832a-d99f-4400-b801-baf4cfd054b7,40.4499610721947,-86.9405517244917,8,426.13
33064dc1-95a3-4a07-8352-58827f35895b,40.3867835383683,-86.8576567685017,30,2099.64
b60e3152-a76d-4f75-998c-5ccb6225d74b,40.4122308478713,-86.8728822053821,86,5673.91
0bb04145-d02a-46c3-a800-6d0d42233c5c,40.4808568226203,-86.9289174294369,2,191.98
33064dc1-95a3-4a07-8352-58827f35895b,40.3678500840887,-86.8759456072815,95,6937.22
96c76f87-236b-4d10-a004-d18116c5a5a0,40.4586128348514,-86.9245378590522,75,4784.61
a05e2688-6ec0-45d9-a447-37df08b14d0b,40.421123473445,-86.846161465573,121,7005.42
13bf0b02-f652-4609-943f-dbc509710e91,40.4206255739952,-86.8435297438955,67,4791.75
56875f33-4f60-4591-a742-8e882d645c09,40.4241073398728,-86.915484154408,19,1513.18
f45e2fd4-e04e-476c-87ff-d079f18a5c71,40.3938041635663,-86.8492175442781,59,5439.95
f45e2fd4-e04e-476c-87ff-d079f18a5c71,40.3921598112315,-86.8501185831918,64,5745.92
0fd3c4b0-ae9d-40b2-a07c-715b3b3b553a,40.3830363038111,-86.8427490938001,163,12904.73
13bf0b02-f652-4609-943f-dbc509710e91,40.432257,-86.847354,131,6671.17
0fd3c4b0-ae9d-40b2-a07c-715b3b3b553a,40.3849426141347,-86.911437476363,72,5621.38
32580df6-cf1f-4b44-970a-3d33e8c7feff,40.4204862330069,-86.8605204935174,49,3143.5
b811b298-72d9-4efd-9671-3351c62aa1de,40.4490500956208,-86.9415157700488,32,780.91
c7cc28c1-7c0e-4520-ae19-cb46fb733b6b,40.4307442148985,-86.9323092924877,86,6261.47
24732034-b22f-40df-870b-590d76e81a8c,40.3924174967848,-86.8383588546772,16,1215.77
13bf0b02-f652-4609-943f-dbc509710e91,40.4297234881815,-86.8448971341604,125,6179.62
13bf0b02-f652-4609-943f-dbc509710e91,40.4206658985533,-86.8402573452518,65,4514.87
4aac4c21-daca-4d3b-abb9-c9efb54fea4a,40.4240852047866,-86.9079926675586,12,864.44
01b692f1-d433-46dc-bbc7-f1ccd7a75e1d,40.4176532776013,-86.8436244646093,30,2840.89
dd423f77-d4ba-47f0-98c9-7d78e756d475,40.3955571014068,-86.8708047106208,75,4994.6
e5c0c034-1aae-426b-a8b7-3e19ad8540c5,40.4398092803858,-86.8792921875925,25,1968.91
0a1d1408-7910-4fd5-b3f7-3ce7064b408b,40.4200124990948,-86.89084079211,82,5105.15
b811b298-72d9-4efd-9671-3351c62aa1de,40.4313233751847,-86.9140968867598,98,5719.19
89055b80-8ef0-49cc-bbe3-6c7d5415021a,40.424308,-86.922719,63,3653.9
1f1c7703-f37e-4cab-90b2-34b3f54726f7,40.4688813528384,-86.9471103338269,30,2261.39
170011b0-977b-444b-a647-c0e01b5f04fb,40.3752496854079,-86.8761104663396,59,5559.81
13bf0b02-f652-4609-943f-dbc509710e91,40.4322648306051,-86.8558379623794,135,7391.73
0fd3c4b0-ae9d-40b2-a07c-715b3b3b553a,40.3816730011507,-86.8724904580409,134,9794.26
cf98ced7-c172-4e65-98ed-b92c8d5118ed,40.3819233060846,-86.8587451625682,19,1940.95
96c76f87-236b-4d10-a004-d18116c5a5a0,40.479361255581,-86.9342100719821,158,10667.21
eb71757f-5a3d-4a11-adc1-1d0b0e65c723,40.3819072045432,-86.8845476818694,43,4135.91
b811b298-72d9-4efd-9671-3351c62aa1de,40.4481134896696,-86.9455319471807,141,11680.59
9172832a-d99f-4400-b801-baf4cfd054b7,40.446763765482,-86.944753917205,48,1566.04
b2d5f522-ef1c-4f6f-a88e-f9f90dc80c88,40.4674883638932,-86.9455509402556,26,892.45
eb71757f-5a3d-4a11-adc1-1d0b0e65c723,40.3820600782983,-86.8445814647153,11,740.57
270e300e-042e-44fa-b9c9-e21538746b2f,40.403017373997,-86.8135418832279,14,1350.71
13bf0b02-f652-4609-943f-dbc509710e91,40.4321173091005,-86.8842774262594,167,9817.09
93c1bdef-1567-4615-ab23-04d3cc324ca3,40.4371008537472,-86.8993031620564,42,2767.24
9172832a-d99f-4400-b801-baf4cfd054b7,40.4309090667014,-86.9312711920874,90,4275.55
f45e2fd4-e04e-476c-87ff-d079f18a5c71,40.3871833335812,-86.84013466797,94,7534.44
0bb04145-d02a-46c3-a800-6d0d42233c5c,40.4519904230657,-86.9245166416793,72,4897.86
d556586f-5536-47a5-9e1f-9ad30028e9c9,40.4373413738195,-86.9062297285987,99,5164.65
d556586f-5536-47a5-9e1f-9ad30028e9c9,40.460709142928,-86.9314512143398,230,9406.55
0a1d1408-7910-4fd5-b3f7-3ce7064b408b,40.4181269728898,-86.8930006765512,74,4701.88
a05e2688-6ec0-45d9-a447-37df08b14d0b,40.4320790401712,-86.8707654568824,51,3456.9
170011b0-977b-444b-a647-c0e01b5f04fb,40.3866718631265,-86.8515938045986,117,11431.75
e8cb7b35-8b91-4734-bc08-322ef94d7dcd,40.4530495002929,-86.9621576689624,10,286.53
0fd3c4b0-ae9d-40b2-a07c-715b3b3b553a,40.3846489122301,-86.9114723450823,74,5654.25
a05e2688-6ec0-45d9-a447-37df08b14d0b,40.3840274702594,-86.8422837405264,176,11938.69
dd423f77-d4ba-47f0-98c9-7d78e756d475,40.4096169398931,-86.8770472976129,40,2701.9
1f6ab1b9-203d-4800-9c2f-0575ebaff4a6,40.4392163567767,-86.9079300339498,128,4623.39
0bb04145-d02a-46c3-a800-6d0d42233c5c,40.4369854312346,-86.9156702098038,114,7292.49
e0c92e87-ef25-4f24-8979-fce9c3bc02dd,40.4589000542321,-86.9367128295864,64,5848.14
1f1c7703-f37e-4cab-90b2-34b3f54726f7,40.4693766012125,-86.9578043288469,54,3465.62
56875f33-4f60-4591-a742-8e882d645c09,40.4507482539017,-86.9250961487273,68,5489.99
01b692f1-d433-46dc-bbc7-f1ccd7a75e1d,40.4174742842379,-86.8711196240298,53,5175.19
13bf0b02-f652-4609-943f-dbc509710e91,40.3841246944412,-86.841962808778,9,154.29
b2d5f522-ef1c-4f6f-a88e-f9f90dc80c88,40.4697178457307,-86.9459085299549,9,313.93
33064dc1-95a3-4a07-8352-58827f35895b,40.3879155931244,-86.9016700554368,164,13010.08
170011b0-977b-444b-a647-c0e01b5f04fb,40.3866718631265,-86.8565363902308,113,11012.83
96c76f87-236b-4d10-a004-d18116c5a5a0,40.4607216078513,-86.9243254041302,82,5025.23
0fd3c4b0-ae9d-40b2-a07c-715b3b3b553a,40.4127067917927,-86.8930161570824,19,1102.03
1f1c7703-f37e-4cab-90b2-34b3f54726f7,40.4681278182876,-86.9552512108076,43,3119.89
f45e2fd4-e04e-476c-87ff-d079f18a5c71,40.3922607773381,-86.8500574360554,63,5733.56
270e300e-042e-44fa-b9c9-e21538746b2f,40.3926734470086,-86.8384048210942,39,4632.47
33064dc1-95a3-4a07-8352-58827f35895b,40.3872726142377,-86.8504124005563,16,1449.55
0fd3c4b0-ae9d-40b2-a07c-715b3b3b553a,40.398282291135,-86.8944163433009,34,2724.99
96c76f87-236b-4d10-a004-d18116c5a5a0,40.4619381296995,-86.9245231188674,90,5164.67
d556586f-5536-47a5-9e1f-9ad30028e9c9,40.4399837542058,-86.9087063802145,109,5534.59
e5c0c034-1aae-426b-a8b7-3e19ad8540c5,40.427772034764,-86.8822556421773,48,3469.96
d556586f-5536-47a5-9e1f-9ad30028e9c9,40.437283243971,-86.9061776641713,98,5156.83
3326e01b-3c23-4fa9-bcd3-2acaafb07d2d,40.3836509836693,-86.8426036315179,215,14073.01
93c1bdef-1567-4615-ab23-04d3cc324ca3,40.4462395630316,-86.8993206668523,51,3809.99
24732034-b22f-40df-870b-590d76e81a8c,40.4020951076733,-86.8080789373252,151,12319.65
d556586f-5536-47a5-9e1f-9ad30028e9c9,40.443635892021,-86.9130688413921,123,6093.18
c7cc28c1-7c0e-4520-ae19-cb46fb733b6b,40.4362860015365,-86.9362208807744,79,5560.89
a05e2688-6ec0-45d9-a447-37df08b14d0b,40.4264468059417,-86.8472390675854,106,6385.55
24732034-b22f-40df-870b-590d76e81a8c,40.4030529967954,-86.8274549357866,51,3618.52
1f1c7703-f37e-4cab-90b2-34b3f54726f7,40.4686715979837,-86.9433824808582,17,1859.29
eb71757f-5a3d-4a11-adc1-1d0b0e65c723,40.4218070581283,-86.8943241392818,135,12821.57
afbfbe89-3824-47d8-a4f2-727023af88ac,40.4518294562565,-86.9031058719092,2,292.08
c7cc28c1-7c0e-4520-ae19-cb46fb733b6b,40.4361817872628,-86.9361428673783,80,5574.22
eb71757f-5a3d-4a11-adc1-1d0b0e65c723,40.3818196959882,-86.8687273612557,29,2789
33064dc1-95a3-4a07-8352-58827f35895b,40.3707737691032,-86.8759965340284,100,7269.03
c7cc28c1-7c0e-4520-ae19-cb46fb733b6b,40.4428890611463,-86.9425470794766,68,4645.17
d556586f-5536-47a5-9e1f-9ad30028e9c9,40.4496221925229,-86.9157456501999,145,6816.32
b60e3152-a76d-4f75-998c-5ccb6225d74b,40.4182260268193,-86.8930453837631,124,7695.7
170011b0-977b-444b-a647-c0e01b5f04fb,40.367089990226,-86.8734126629339,71,6686.86
afbfbe89-3824-47d8-a4f2-727023af88ac,40.4314439706486,-86.919178890254,87,6105.51
f25f38ba-f752-43fd-baec-05c57d7fd482,40.4174100735613,-86.8711782974676,26,2354.29
0a1d1408-7910-4fd5-b3f7-3ce7064b408b,40.4184305777365,-86.9082268562638,40,3208.25
dd423f77-d4ba-47f0-98c9-7d78e756d475,40.4100499561485,-86.8771894702116,37,2651.88
33064dc1-95a3-4a07-8352-58827f35895b,40.3672165461696,-86.8654240237504,81,5955.08
1f1c7703-f37e-4cab-90b2-34b3f54726f7,40.4684414600198,-86.9582002577064,58,3594.39
d556586f-5536-47a5-9e1f-9ad30028e9c9,40.4418501941734,-86.9108788631202,115,5815.14
d556586f-5536-47a5-9e1f-9ad30028e9c9,40.4510318613679,-86.9157010135551,151,6974.96
f25f38ba-f752-43fd-baec-05c57d7fd482,40.4173339294753,-86.8863488432545,12,1065.28
b60e3152-a76d-4f75-998c-5ccb6225d74b,40.4079318289716,-86.8676088373428,78,5013.59
170011b0-977b-444b-a647-c0e01b5f04fb,40.378214,-86.876233,57,5228.91
13bf0b02-f652-4609-943f-dbc509710e91,40.4272849593624,-86.8468454811513,108,5807.19
a05e2688-6ec0-45d9-a447-37df08b14d0b,40.4289710777385,-86.8449548986527,77,5993.15
32580df6-cf1f-4b44-970a-3d33e8c7feff,40.4203352553859,-86.8605371466187,47,3124.07
e1d33256-6b3d-4dd2-9b32-5f76612e652a,40.4242863047918,-86.9295794561635,57,3532.84
3fa1788a-9312-405f-9fad-405ff4e7cdb3,40.435257180228,-86.8990725057827,42,2565.71
e1d33256-6b3d-4dd2-9b32-5f76612e652a,40.4522270609535,-86.9265109710228,118,9138.81
ade7b7b0-935b-439e-966d-c3f250810c1a,40.4555812250334,-86.8760855708971,46,4398.3
0bb04145-d02a-46c3-a800-6d0d42233c5c,40.4520648987332,-86.9217492295354,79,5156.32
96c76f87-236b-4d10-a004-d18116c5a5a0,40.4609617865659,-86.9244354620239,85,5053.72
a05e2688-6ec0-45d9-a447-37df08b14d0b,40.3830363038111,-86.8427490938001,182,12064.77
092fb563-ae54-468c-ae0c-1f4db815f671,40.4668115687522,-86.9457264569946,24,806.67
4e025ba5-8f41-4b28-a28d-f15951c5a468,40.4264444366958,-86.9190764080928,7,1769.13
c7cc28c1-7c0e-4520-ae19-cb46fb733b6b,40.4594053279068,-86.9336835927426,6,341.95
0a1d1408-7910-4fd5-b3f7-3ce7064b408b,40.4240934887021,-86.9172436713025,20,1836.15
1f6ab1b9-203d-4800-9c2f-0575ebaff4a6,40.4304676423571,-86.9131597397426,170,6513.72
170011b0-977b-444b-a647-c0e01b5f04fb,40.3872460471782,-86.850384826818,120,11556.56
4aac4c21-daca-4d3b-abb9-c9efb54fea4a,40.4238842597849,-86.9080888182445,14,888.54
24732034-b22f-40df-870b-590d76e81a8c,40.406105026387,-86.8288415795588,87,6497
93c1bdef-1567-4615-ab23-04d3cc324ca3,40.45457337852,-86.9031158088514,70,5424.93
13bf0b02-f652-4609-943f-dbc509710e91,40.3830363038111,-86.8427490938001,0,0
56875f33-4f60-4591-a742-8e882d645c09,40.4701148253748,-86.9455015328826,90,8427.18
9172832a-d99f-4400-b801-baf4cfd054b7,40.4418092361785,-86.9416091272929,75,2662.18
170011b0-977b-444b-a647-c0e01b5f04fb,40.3670427674466,-86.8722901468925,73,6782.64
13bf0b02-f652-4609-943f-dbc509710e91,40.3924932576819,-86.8383419883641,25,1228.95
d556586f-5536-47a5-9e1f-9ad30028e9c9,40.4532193229479,-86.9156772088506,152,7218.04
e5c0c034-1aae-426b-a8b7-3e19ad8540c5,40.4266188480913,-86.8917153211359,65,4592.66
f25f38ba-f752-43fd-baec-05c57d7fd482,40.4162502102664,-86.8145859905894,82,8178.45
0bb04145-d02a-46c3-a800-6d0d42233c5c,40.4789289826551,-86.9249721715611,9,621.57
13bf0b02-f652-4609-943f-dbc509710e91,40.4265681897292,-86.8470476886443,97,5711.43
0bb04145-d02a-46c3-a800-6d0d42233c5c,40.4603153741548,-86.9246017589928,64,3967.67
270e300e-042e-44fa-b9c9-e21538746b2f,40.3991663693885,-86.8085224514319,9,512.79
b811b298-72d9-4efd-9671-3351c62aa1de,40.4393029474797,-86.9383816086281,126,10382.17
33064dc1-95a3-4a07-8352-58827f35895b,40.3879615176145,-86.9017698724133,165,13019.95
b60e3152-a76d-4f75-998c-5ccb6225d74b,40.4064748504585,-86.8656135857268,75,4778.39
01b692f1-d433-46dc-bbc7-f1ccd7a75e1d,40.4167535126131,-86.8141535786726,6,219.01
170011b0-977b-444b-a647-c0e01b5f04fb,40.366733,-86.862837,86,7637.43
32580df6-cf1f-4b44-970a-3d33e8c7feff,40.419003759029,-86.8653732926316,41,2584.45
dd423f77-d4ba-47f0-98c9-7d78e756d475,40.3968238664891,-86.8668837416536,70,4508.94
c7cc28c1-7c0e-4520-ae19-cb46fb733b6b,40.4601700545252,-86.9334373525673,9,466.73
b2d5f522-ef1c-4f6f-a88e-f9f90dc80c88,40.4325299401668,-86.9151655677679,61,5824.35
89055b80-8ef0-49cc-bbe3-6c7d5415021a,40.4182605277237,-86.8905096020985,1,171.91
3326e01b-3c23-4fa9-bcd3-2acaafb07d2d,40.4274864002022,-86.8459595208947,124,8279.17
13bf0b02-f652-4609-943f-dbc509710e91,40.4206531589356,-86.8435856996188,68,4797.39
4b95220c-b38a-4e29-86e4-87b6928ae673,40.400756491866,-86.8082844957887,127,9183.5
9172832a-d99f-4400-b801-baf4cfd054b7,40.4308110244978,-86.9323200032736,83,4126.82
9172832a-d99f-4400-b801-baf4cfd054b7,40.4484264153148,-86.9408764839251,33,882.18
3fa1788a-9312-405f-9fad-405ff4e7cdb3,40.4341211790444,-86.8981374724341,38,2395.65
33064dc1-95a3-4a07-8352-58827f35895b,40.3954210804461,-86.8764694345656,132,10025.61
170011b0-977b-444b-a647-c0e01b5f04fb,40.3933574510532,-86.8764704238284,39,3540.22
13bf0b02-f652-4609-943f-dbc509710e91,40.4218961053271,-86.8868536583935,190,11205.87
0a1d1408-7910-4fd5-b3f7-3ce7064b408b,40.4273720729811,-86.9289493597647,3,206.95
afbfbe89-3824-47d8-a4f2-727023af88ac,40.4513746633537,-86.9021997403098,4,384.11
170011b0-977b-444b-a647-c0e01b5f04fb,40.3832231381458,-86.8572777265604,107,10590.52
33064dc1-95a3-4a07-8352-58827f35895b,40.3932941826293,-86.8763481802374,130,9788.08
d556586f-5536-47a5-9e1f-9ad30028e9c9,40.4310453700159,-86.9135999284676,57,3062.21
170011b0-977b-444b-a647-c0e01b5f04fb,40.3670952371995,-86.8703274654705,78,6950.81
d556586f-5536-47a5-9e1f-9ad30028e9c9,40.4475140404748,-86.9152672301841,136,6569.77
89055b80-8ef0-49cc-bbe3-6c7d5415021a,40.418377137794,-86.9053172058594,35,1562.67
dd423f77-d4ba-47f0-98c9-7d78e756d475,40.4173177408597,-86.893101722312,7,491.91
eb71757f-5a3d-4a11-adc1-1d0b0e65c723,40.3837675220184,-86.8952950701298,63,5099.18
f45e2fd4-e04e-476c-87ff-d079f18a5c71,40.4207112145848,-86.8948077794795,0,0
96c76f87-236b-4d10-a004-d18116c5a5a0,40.4652821646784,-86.9300326975854,119,6092.24
4b95220c-b38a-4e29-86e4-87b6928ae673,40.4153367071979,-86.8273293287845,80,5250.44
0bb04145-d02a-46c3-a800-6d0d42233c5c,40.447475808997,-86.919243440147,91,5768.76
d556586f-5536-47a5-9e1f-9ad30028e9c9,40.4607682906127,-86.924266688655,198,8783.1
d556586f-5536-47a5-9e1f-9ad30028e9c9,40.433274434223,-86.9128637206224,70,3559.96
0fd3c4b0-ae9d-40b2-a07c-715b3b3b553a,40.3891818457354,-86.9129435368147,65,5127.3
fa3c48c4-e5ed-42ea-a149-8f48abc3adb2,40.3874098895945,-86.839962594238,92,7503.86
9172832a-d99f-4400-b801-baf4cfd054b7,40.4489675283612,-86.9414118198858,28,798.44
13bf0b02-f652-4609-943f-dbc509710e91,40.4230398720376,-86.847091682818,84,5307.15
0fd3c4b0-ae9d-40b2-a07c-715b3b3b553a,40.3844054142466,-86.8411652997416,157,12680.11
4e025ba5-8f41-4b28-a28d-f15951c5a468,40.4423848058215,-86.9420723284526,29,4993.24
0bb04145-d02a-46c3-a800-6d0d42233c5c,40.4586414908707,-86.9245525000858,68,4156.45
32580df6-cf1f-4b44-970a-3d33e8c7feff,40.4190605071391,-86.8618679652129,43,2882.04
0bb04145-d02a-46c3-a800-6d0d42233c5c,40.4438991926826,-86.9200829918965,101,6428.13
13bf0b02-f652-4609-943f-dbc509710e91,40.4321453780796,-86.8871523851096,170,10061.15
33064dc1-95a3-4a07-8352-58827f35895b,40.3661535330423,-86.8605580611094,56,5059.37
24732034-b22f-40df-870b-590d76e81a8c,40.3994283328038,-86.808072370113,142,12010.46
96c76f87-236b-4d10-a004-d18116c5a5a0,40.4477882654795,-86.919497098478,52,3212.58
13bf0b02-f652-4609-943f-dbc509710e91,40.4263182414207,-86.8471560937151,90,5677.71
33064dc1-95a3-4a07-8352-58827f35895b,40.3781075554154,-86.87611101757,107,8086.58
eb71757f-5a3d-4a11-adc1-1d0b0e65c723,40.4180241273574,-86.8930158940953,131,12293.47
c7cc28c1-7c0e-4520-ae19-cb46fb733b6b,40.452088,-86.926868,21,1554.37
1f6ab1b9-203d-4800-9c2f-0575ebaff4a6,40.4313840069145,-86.913168736507,166,6296.15
0fd3c4b0-ae9d-40b2-a07c-715b3b3b553a,40.3820010476709,-86.8869424573039,119,8561.14
1f1c7703-f37e-4cab-90b2-34b3f54726f7,40.4695364733724,-86.9456486528755,27,2093.29
3bbf4832-650a-47e3-8118-13ea10ec264c,40.456775,-86.876203,0,0
33064dc1-95a3-4a07-8352-58827f35895b,40.3671833844845,-86.8685072359541,82,6216.14
3fa1788a-9312-405f-9fad-405ff4e7cdb3,40.4479678242188,-86.8994949400124,67,3995.13
002a917d-6cdc-46ab-bb61-4e54c64205ee,40.410060970585,-86.8783908342825,32,2170.2
93c1bdef-1567-4615-ab23-04d3cc324ca3,40.4345012930353,-86.8979774399336,34,2428.86
b60e3152-a76d-4f75-998c-5ccb6225d74b,40.4182503139725,-86.8886300667807,115,7319.61
e0c92e87-ef25-4f24-8979-fce9c3bc02dd,40.4673907022555,-86.9561094437719,33,3211.87
9172832a-d99f-4400-b801-baf4cfd054b7,40.4384920342064,-86.9377267175416,79,3156.48
170011b0-977b-444b-a647-c0e01b5f04fb,40.3709898333118,-86.8760950138189,65,6035.22
dd423f77-d4ba-47f0-98c9-7d78e756d475,40.4063402679875,-86.8767819691324,47,3071.16
13bf0b02-f652-4609-943f-dbc509710e91,40.3836060254676,-86.8425960110661,3,70.27
c7cc28c1-7c0e-4520-ae19-cb46fb733b6b,40.4411888572994,-86.9408238902447,74,4885.22
fa3c48c4-e5ed-42ea-a149-8f48abc3adb2,40.3873388340268,-86.8400801903706,93,7516.56
4b95220c-b38a-4e29-86e4-87b6928ae673,40.4097246965507,-86.8289146887679,72,4396.36
32580df6-cf1f-4b44-970a-3d33e8c7feff,40.4196878422765,-86.8804783570706,23,1278.68
1f1c7703-f37e-4cab-90b2-34b3f54726f7,40.4679561278653,-86.943359819138,16,1779.76
b811b298-72d9-4efd-9671-3351c62aa1de,40.4264444366958,-86.9190764080928,106,7621.89
fa3c48c4-e5ed-42ea-a149-8f48abc3adb2,40.3932896490866,-86.848649641791,60,5514.64
0fd3c4b0-ae9d-40b2-a07c-715b3b3b553a,40.3838244909796,-86.8425311467121,160,12814.87
1f6ab1b9-203d-4800-9c2f-0575ebaff4a6,40.4394002770314,-86.9081276816246,127,4596.99
002a917d-6cdc-46ab-bb61-4e54c64205ee,40.4191648016621,-86.8954637861008,65,4425.5
e0c92e87-ef25-4f24-8979-fce9c3bc02dd,40.4675123519059,-86.9430388499295,40,4319.25
93c1bdef-1567-4615-ab23-04d3cc324ca3,40.4563157060383,-86.9030862358899,69,5231.31
89055b80-8ef0-49cc-bbe3-6c7d5415021a,40.4184594540967,-86.904985011841,34,1533.12
f45e2fd4-e04e-476c-87ff-d079f18a5c71,40.4140073924217,-86.874932853067,22,2206.98
afbfbe89-3824-47d8-a4f2-727023af88ac,40.4239963111514,-86.9103637041603,65,4545.56
0fd3c4b0-ae9d-40b2-a07c-715b3b3b553a,40.3818756866559,-86.8557028257102,149,11222.88
d556586f-5536-47a5-9e1f-9ad30028e9c9,40.4476694244992,-86.9154718792039,137,6594.22
cf98ced7-c172-4e65-98ed-b92c8d5118ed,40.3819478121077,-86.8548580946046,15,1610.96
0fd3c4b0-ae9d-40b2-a07c-715b3b3b553a,40.3959944207945,-86.8957372734251,39,3004.75
9172832a-d99f-4400-b801-baf4cfd054b7,40.4480395917552,-86.9445121990456,57,1766.93
13bf0b02-f652-4609-943f-dbc509710e91,40.3844126652685,-86.8411320206749,10,231.55
01b692f1-d433-46dc-bbc7-f1ccd7a75e1d,40.4182524153303,-86.8840151748654,71,6312.47
d556586f-5536-47a5-9e1f-9ad30028e9c9,40.4263220804624,-86.9032597394346,34,1971.36
a05e2688-6ec0-45d9-a447-37df08b14d0b,40.3924244474233,-86.838401070596,163,10841.33
fa3c48c4-e5ed-42ea-a149-8f48abc3adb2,40.3871833335812,-86.84013466797,94,7534.44
c7cc28c1-7c0e-4520-ae19-cb46fb733b6b,40.4220566939494,-86.9043630731177,122,9304.68
9172832a-d99f-4400-b801-baf4cfd054b7,40.449670212785,-86.942470933487,15,634
4b95220c-b38a-4e29-86e4-87b6928ae673,40.3940062563115,-86.8370213371791,27,1539.67
f25f38ba-f752-43fd-baec-05c57d7fd482,40.4175256945743,-86.8242748241166,71,7167.93
b60e3152-a76d-4f75-998c-5ccb6225d74b,40.392692382912,-86.8478998535301,45,2541.24
170011b0-977b-444b-a647-c0e01b5f04fb,40.3661412797096,-86.8604318772136,90,7896.54
e5c0c034-1aae-426b-a8b7-3e19ad8540c5,40.4333645363667,-86.8815053630772,39,2777.22
96c76f87-236b-4d10-a004-d18116c5a5a0,40.4331957398539,-86.9151291040971,18,1251.97
d556586f-5536-47a5-9e1f-9ad30028e9c9,40.4274031938608,-86.9057020975178,42,2214.67
4b95220c-b38a-4e29-86e4-87b6928ae673,40.3924219053697,-86.8368507990629,17,1342.75
3326e01b-3c23-4fa9-bcd3-2acaafb07d2d,40.4320895523038,-86.8858764892732,70,4257.26
002a917d-6cdc-46ab-bb61-4e54c64205ee,40.4123851258443,-86.8857631337717,40,2898.44
4b95220c-b38a-4e29-86e4-87b6928ae673,40.4029478938827,-86.8280608343519,49,3546.04
96c76f87-236b-4d10-a004-d18116c5a5a0,40.4519879635876,-86.9244193619444,68,4037.57
a05e2688-6ec0-45d9-a447-37df08b14d0b,40.421887861351,-86.8868802762661,13,919.88
3326e01b-3c23-4fa9-bcd3-2acaafb07d2d,40.4229036701662,-86.8868444402935,17,1036.37
f25f38ba-f752-43fd-baec-05c57d7fd482,40.417262,-86.893175,4,483.62
d556586f-5536-47a5-9e1f-9ad30028e9c9,40.4276431994777,-86.909626704387,49,2550.54
0fd3c4b0-ae9d-40b2-a07c-715b3b3b553a,40.3816363948745,-86.8832856509419,125,8875.2
3fa1788a-9312-405f-9fad-405ff4e7cdb3,40.4536696219626,-86.9030820560738,75,4732.87
a05e2688-6ec0-45d9-a447-37df08b14d0b,40.4218421908315,-86.8908520722966,8,580.6
32580df6-cf1f-4b44-970a-3d33e8c7feff,40.420060992989,-86.8883912324166,11,599.16
13bf0b02-f652-4609-943f-dbc509710e91,40.3900572048393,-86.8383070287282,22,956.48
092fb563-ae54-468c-ae0c-1f4db815f671,40.4496643215218,-86.9246701553267,58,3715.53
24732034-b22f-40df-870b-590d76e81a8c,40.3927202828823,-86.8368448334542,18,1376.44
0a1d1408-7910-4fd5-b3f7-3ce7064b408b,40.4180111483231,-86.8930310127426,73,4688.76
f45e2fd4-e04e-476c-87ff-d079f18a5c71,40.3915359455133,-86.8493491081472,70,5846.19
96c76f87-236b-4d10-a004-d18116c5a5a0,40.4323051219284,-86.9149355110416,15,1150.46
dd423f77-d4ba-47f0-98c9-7d78e756d475,40.4111340748567,-86.8865469818145,21,1730.96
01f4d3e9-bd6a-4bca-ab3c-3b44e6831475,40.3835241440647,-86.8912039824951,114,8155.87
13bf0b02-f652-4609-943f-dbc509710e91,40.3850917027155,-86.841752778078,13,325.69
9172832a-d99f-4400-b801-baf4cfd054b7,40.430362,-86.913149,105,5876.87
0bb04145-d02a-46c3-a800-6d0d42233c5c,40.431386644349,-86.9163218321162,132,8076.11
c7cc28c1-7c0e-4520-ae19-cb46fb733b6b,40.4239718935654,-86.911528422149,113,8634.02
3326e01b-3c23-4fa9-bcd3-2acaafb07d2d,40.4320888484958,-86.873580996285,84,5303.41
0bb04145-d02a-46c3-a800-6d0d42233c5c,40.480846386598,-86.9284600840457,4,235.68
002a917d-6cdc-46ab-bb61-4e54c64205ee,40.4141561505737,-86.8866173533922,46,3128.64
63c2c448-4a2f-4a35-a796-66b635935f73,40.4190374983927,-86.8676175777946,14,920.73
270e300e-042e-44fa-b9c9-e21538746b2f,40.4030981669803,-86.8274422122658,18,2530.09
b2d5f522-ef1c-4f6f-a88e-f9f90dc80c88,40.4430022335573,-86.9196409133114,52,4573.12
4b95220c-b38a-4e29-86e4-87b6928ae673,40.4023868444246,-86.8075178374639,132,9396.58
dd423f77-d4ba-47f0-98c9-7d78e756d475,40.4182182236995,-86.8942459678256,3,288.4
63c2c448-4a2f-4a35-a796-66b635935f73,40.4192578878298,-86.8788310020363,25,1885.74
f45e2fd4-e04e-476c-87ff-d079f18a5c71,40.384130254987,-86.8419700194515,99,7977.51
01f4d3e9-bd6a-4bca-ab3c-3b44e6831475,40.3861695114302,-86.9033493381821,87,6528.99
3326e01b-3c23-4fa9-bcd3-2acaafb07d2d,40.422493206993,-86.8471240420488,150,8917.61
c7cc28c1-7c0e-4520-ae19-cb46fb733b6b,40.4598877811308,-86.9340697844267,8,404.74
f25f38ba-f752-43fd-baec-05c57d7fd482,40.4173404561146,-86.8835627663771,17,1304.11
3fa1788a-9312-405f-9fad-405ff4e7cdb3,40.430362,-86.913149,4,241.71
1f6ab1b9-203d-4800-9c2f-0575ebaff4a6,40.460524040294,-86.9305015515754,29,738.22
9172832a-d99f-4400-b801-baf4cfd054b7,40.43139727473,-86.9185145988881,99,5367.03
56875f33-4f60-4591-a742-8e882d645c09,40.436643209735,-86.9153773408525,50,3693.36
b60e3152-a76d-4f75-998c-5ccb6225d74b,40.4182645440888,-86.8865117870486,110,7139.87
b60e3152-a76d-4f75-998c-5ccb6225d74b,40.3971246864902,-86.8525557582504,57,3255.59
56875f33-4f60-4591-a742-8e882d645c09,40.4675608156355,-86.9414390291114,81,7860.96
afbfbe89-3824-47d8-a4f2-727023af88ac,40.4239470768493,-86.9082394900514,63,4365.6
e1d33256-6b3d-4dd2-9b32-5f76612e652a,40.4544770726552,-86.9285111539266,119,9440.66
c7cc28c1-7c0e-4520-ae19-cb46fb733b6b,40.450556,-86.925226,29,1778.63
96c76f87-236b-4d10-a004-d18116c5a5a0,40.465581167403,-86.9285620714728,113,5956
0fd3c4b0-ae9d-40b2-a07c-715b3b3b553a,40.3817427748228,-86.8723693659278,135,9807.11
eb71757f-5a3d-4a11-adc1-1d0b0e65c723,40.393849,-86.901211,109,9263.6
002a917d-6cdc-46ab-bb61-4e54c64205ee,40.4109012753528,-86.8835116548278,38,2645.18
1f6ab1b9-203d-4800-9c2f-0575ebaff4a6,40.4363306282723,-86.9059239075167,141,5001.86
002a917d-6cdc-46ab-bb61-4e54c64205ee,40.4018068563206,-86.8699570229361,9,868.62
b60e3152-a76d-4f75-998c-5ccb6225d74b,40.392981252666,-86.8482418205899,31,2044.48
0bb04145-d02a-46c3-a800-6d0d42233c5c,40.4519930217752,-86.922271222459,77,5090.53
170011b0-977b-444b-a647-c0e01b5f04fb,40.3879400904769,-86.8935157144152,15,1038.64
f25f38ba-f752-43fd-baec-05c57d7fd482,40.4175538947891,-86.8241222030188,72,7181.22
d556586f-5536-47a5-9e1f-9ad30028e9c9,40.4601345188007,-86.93371873145,238,9617.97
afbfbe89-3824-47d8-a4f2-727023af88ac,40.423974292665,-86.9084539940963,64,4384
3326e01b-3c23-4fa9-bcd3-2acaafb07d2d,40.4275608483879,-86.8458309316654,123,8265.5
b60e3152-a76d-4f75-998c-5ccb6225d74b,40.4182909224353,-86.8837724577338,108,6907.72
89055b80-8ef0-49cc-bbe3-6c7d5415021a,40.418919498856,-86.8995874762289,10,957.31
eb71757f-5a3d-4a11-adc1-1d0b0e65c723,40.381813964666,-86.8639468699047,27,2383.8
dd423f77-d4ba-47f0-98c9-7d78e756d475,40.3996050412859,-86.8670594316897,66,4196.76
170011b0-977b-444b-a647-c0e01b5f04fb,40.3879047215938,-86.8995938945961,7,520.77
01b692f1-d433-46dc-bbc7-f1ccd7a75e1d,40.4176567181663,-86.8477052118078,33,3187.63
b60e3152-a76d-4f75-998c-5ccb6225d74b,40.4212905717665,-86.894240492239,128,8259.51
002a917d-6cdc-46ab-bb61-4e54c64205ee,40.4182372882235,-86.8953554808941,63,4314.03
24732034-b22f-40df-870b-590d76e81a8c,40.384024537928,-86.84228319444,5,120.42
0a1d1408-7910-4fd5-b3f7-3ce7064b408b,40.4183758768964,-86.9067421334884,44,3335.12
3fa1788a-9312-405f-9fad-405ff4e7cdb3,40.4256442929399,-86.9021296673474,22,1387.59
24732034-b22f-40df-870b-590d76e81a8c,40.3838743114886,-86.8424898962432,3,96.17
33064dc1-95a3-4a07-8352-58827f35895b,40.3830363038111,-86.8427490938001,0,0
a05e2688-6ec0-45d9-a447-37df08b14d0b,40.4297863050317,-86.887024069428,30,1806.43
a05e2688-6ec0-45d9-a447-37df08b14d0b,40.4205684859121,-86.8460209816925,123,7068.38
4b95220c-b38a-4e29-86e4-87b6928ae673,40.3889719448409,-86.8386815336033,11,826.53
170011b0-977b-444b-a647-c0e01b5f04fb,40.3671004841726,-86.8638884930858,83,7497.17
96c76f87-236b-4d10-a004-d18116c5a5a0,40.4661895029386,-86.9281590981846,107,5875.06
e1d33256-6b3d-4dd2-9b32-5f76612e652a,40.4459698248934,-86.9406599494367,98,6698.46
33064dc1-95a3-4a07-8352-58827f35895b,40.3640987670153,-86.8605986749637,68,5302.42
01b692f1-d433-46dc-bbc7-f1ccd7a75e1d,40.4182541735352,-86.8814459312669,68,6094.32
24732034-b22f-40df-870b-590d76e81a8c,40.4156987590588,-86.8280916309626,76,5329.06
3bbf4832-650a-47e3-8118-13ea10ec264c,40.4400268413488,-86.8850498528788,20,2087.14
1f6ab1b9-203d-4800-9c2f-0575ebaff4a6,40.4267333026904,-86.9090634779627,184,7062.42
f45e2fd4-e04e-476c-87ff-d079f18a5c71,40.3836830967278,-86.8425766541296,105,8053.05
0fd3c4b0-ae9d-40b2-a07c-715b3b3b553a,40.3845818570007,-86.9021798313963,96,7191.76
4b95220c-b38a-4e29-86e4-87b6928ae673,40.4151755630019,-86.8290878452002,86,5483.26
afbfbe89-3824-47d8-a4f2-727023af88ac,40.4281775220606,-86.9191605739694,81,5735.47
092fb563-ae54-468c-ae0c-1f4db815f671,40.4701192638959,-86.9456057095469,7,262
96c76f87-236b-4d10-a004-d18116c5a5a0,40.4652828536263,-86.9298244192566,117,6072.74
f45e2fd4-e04e-476c-87ff-d079f18a5c71,40.3944664230526,-86.8488562668339,55,5319.38
c7cc28c1-7c0e-4520-ae19-cb46fb733b6b,40.4304828479395,-86.9321658316031,89,6293.57
96c76f87-236b-4d10-a004-d18116c5a5a0,40.4793485455202,-86.9314909900472,157,10437.38
e0c92e87-ef25-4f24-8979-fce9c3bc02dd,40.4458856829592,-86.9619345308689,3,192.28
33064dc1-95a3-4a07-8352-58827f35895b,40.367139899575,-86.8720515525122,90,6525.67
afbfbe89-3824-47d8-a4f2-727023af88ac,40.4442202125503,-86.8996038081972,21,1244.82
0bb04145-d02a-46c3-a800-6d0d42233c5c,40.4555050857595,-86.9245354246546,71,4507.31
b811b298-72d9-4efd-9671-3351c62aa1de,40.4496500194902,-86.9424756944618,19,632.49
e1d33256-6b3d-4dd2-9b32-5f76612e652a,40.4293968121318,-86.9313523469639,64,4197.13
eb71757f-5a3d-4a11-adc1-1d0b0e65c723,40.3817808621722,-86.8725905734769,31,3116.82
1f6ab1b9-203d-4800-9c2f-0575ebaff4a6,40.4280934371208,-86.9106147655312,179,6862.2
f25f38ba-f752-43fd-baec-05c57d7fd482,40.4172645757952,-86.8894339733978,10,802.88
96c76f87-236b-4d10-a004-d18116c5a5a0,40.4652959436351,-86.9291579286046,116,6016.38
0bb04145-d02a-46c3-a800-6d0d42233c5c,40.4652216734608,-86.930394075738,32,2911.32
13bf0b02-f652-4609-943f-dbc509710e91,40.4321009287978,-86.8801103823409,159,9463
24732034-b22f-40df-870b-590d76e81a8c,40.4044884652144,-86.8278466125956,93,6706.35
96c76f87-236b-4d10-a004-d18116c5a5a0,40.4807337458475,-86.9345936533485,162,10852.26
a05e2688-6ec0-45d9-a447-37df08b14d0b,40.4221929551739,-86.8470017121266,116,6866.55
a05e2688-6ec0-45d9-a447-37df08b14d0b,40.4246232166662,-86.8868711225314,19,1229.11
4aac4c21-daca-4d3b-abb9-c9efb54fea4a,40.4327417423357,-86.9151166589452,47,3268.57
4aac4c21-daca-4d3b-abb9-c9efb54fea4a,40.4593182670722,-86.9399556357936,84,7410.2
4aac4c21-daca-4d3b-abb9-c9efb54fea4a,40.4395962528906,-86.9178001588266,56,4088.37
e8cb7b35-8b91-4734-bc08-322ef94d7dcd,40.4363502754174,-86.9154151653382,59,6110.91
4aac4c21-daca-4d3b-abb9-c9efb54fea4a,40.4589102741057,-86.937305922937,80,7180.43
4aac4c21-daca-4d3b-abb9-c9efb54fea4a,40.4592827188918,-86.9395086682548,82,7371.36
4aac4c21-daca-4d3b-abb9-c9efb54fea4a,40.4589383764192,-86.9368567674597,79,7142.33
4aac4c21-daca-4d3b-abb9-c9efb54fea4a,40.4498389874245,-86.9246161063615,62,5368.02
e8cb7b35-8b91-4734-bc08-322ef94d7dcd,40.4540885213723,-86.9285572966242,44,3831.34
4aac4c21-daca-4d3b-abb9-c9efb54fea4a,40.4605117650975,-86.9330995467506,72,6773.07
e8cb7b35-8b91-4734-bc08-322ef94d7dcd,40.4583124111722,-86.9448045123958,22,1969.45
afbfbe89-3824-47d8-a4f2-727023af88ac,40.4226076563143,-86.9055735112076,60,4095.22
33064dc1-95a3-4a07-8352-58827f35895b,40.3672474576,-86.8590750609039,47,4446.39
fa3c48c4-e5ed-42ea-a149-8f48abc3adb2,40.3929895226761,-86.8482624659692,61,5561.39
c7cc28c1-7c0e-4520-ae19-cb46fb733b6b,40.4242372916174,-86.9295064404181,100,7107.04
a05e2688-6ec0-45d9-a447-37df08b14d0b,40.4206094084308,-86.841960471016,130,7415.21
dd423f77-d4ba-47f0-98c9-7d78e756d475,40.409462487561,-86.8769676085132,41,2720.34
0fd3c4b0-ae9d-40b2-a07c-715b3b3b553a,40.3817112806796,-86.876397032114,129,9459.65
96c76f87-236b-4d10-a004-d18116c5a5a0,40.4793636477667,-86.9344333644978,160,10686.54
d556586f-5536-47a5-9e1f-9ad30028e9c9,40.431711454048,-86.9056960563097,84,4530.3
56875f33-4f60-4591-a742-8e882d645c09,40.4561124751137,-86.9298124468665,73,6207.94
092fb563-ae54-468c-ae0c-1f4db815f671,40.4669894387227,-86.9471721509377,19,676.11
092fb563-ae54-468c-ae0c-1f4db815f671,40.4718965736888,-86.9457552332345,4,63.13
0a1d1408-7910-4fd5-b3f7-3ce7064b408b,40.4200443790891,-86.8923354969436,80,4977.77
eb71757f-5a3d-4a11-adc1-1d0b0e65c723,40.3857215567466,-86.9046597121726,81,6034.69
13bf0b02-f652-4609-943f-dbc509710e91,40.4320898296133,-86.8843614432582,168,9824.83
f45e2fd4-e04e-476c-87ff-d079f18a5c71,40.3839584996464,-86.8423874816669,102,8017.93
eb71757f-5a3d-4a11-adc1-1d0b0e65c723,40.3847225661325,-86.9025807466923,78,5751.18
092fb563-ae54-468c-ae0c-1f4db815f671,40.4668735785202,-86.9455462814884,26,824.06
ade7b7b0-935b-439e-966d-c3f250810c1a,40.4413620286066,-86.8844230495674,34,2625.09
1f6ab1b9-203d-4800-9c2f-0575ebaff4a6,40.4388879048933,-86.9075333181404,131,4674.64
c7cc28c1-7c0e-4520-ae19-cb46fb733b6b,40.4415723873099,-86.9413005281833,73,4826.56
01b692f1-d433-46dc-bbc7-f1ccd7a75e1d,40.4175794020124,-86.8139122316633,10,317.38
4e025ba5-8f41-4b28-a28d-f15951c5a468,40.4477041487826,-86.9444579554526,33,5677.68
3326e01b-3c23-4fa9-bcd3-2acaafb07d2d,40.4271148473773,-86.8471258795367,133,8389.73
33064dc1-95a3-4a07-8352-58827f35895b,40.3660659268346,-86.8604579855142,58,5078.61
3326e01b-3c23-4fa9-bcd3-2acaafb07d2d,40.3980413444551,-86.8385138662337,193,12299.79
4aac4c21-daca-4d3b-abb9-c9efb54fea4a,40.4323167644462,-86.9149640038841,45,3219.29
e8cb7b35-8b91-4734-bc08-322ef94d7dcd,40.4583338288554,-86.9317058537502,39,3282.57
4aac4c21-daca-4d3b-abb9-c9efb54fea4a,40.4502574061735,-86.9246033192023,64,5415.33
4aac4c21-daca-4d3b-abb9-c9efb54fea4a,40.437267496312,-86.9158143535014,53,3779.08
e8cb7b35-8b91-4734-bc08-322ef94d7dcd,40.459238404296,-86.9393714143571,30,2464.43
e8cb7b35-8b91-4734-bc08-322ef94d7dcd,40.4589035600414,-86.9366439991417,33,2700.33
4aac4c21-daca-4d3b-abb9-c9efb54fea4a,40.4593380620693,-86.9397466850102,83,7392.4
4aac4c21-daca-4d3b-abb9-c9efb54fea4a,40.4588204175768,-86.9441271045215,88,7776.29
e8cb7b35-8b91-4734-bc08-322ef94d7dcd,40.4592425381652,-86.9354650168674,35,2807.45
e8cb7b35-8b91-4734-bc08-322ef94d7dcd,40.4505809650441,-86.9251591418354,47,4316.32
4aac4c21-daca-4d3b-abb9-c9efb54fea4a,40.4594169399103,-86.9351507939127,77,6987.36
e8cb7b35-8b91-4734-bc08-322ef94d7dcd,40.4372778757146,-86.9158449582815,57,6001.14
4aac4c21-daca-4d3b-abb9-c9efb54fea4a,40.460331445593,-86.9334706684497,73,6810.3
c7cc28c1-7c0e-4520-ae19-cb46fb733b6b,40.4462082217978,-86.9219894117421,46,2346.34
1f6ab1b9-203d-4800-9c2f-0575ebaff4a6,40.4482910304243,-86.9158470282464,100,3383.17
13bf0b02-f652-4609-943f-dbc509710e91,40.4006794701183,-86.8384657409718,32,2141.52
1f6ab1b9-203d-4800-9c2f-0575ebaff4a6,40.430579690373,-86.9132822304396,169,6497.52
c7cc28c1-7c0e-4520-ae19-cb46fb733b6b,40.4505296377463,-86.9251616208837,30,1784.81
b811b298-72d9-4efd-9671-3351c62aa1de,40.4460062768106,-86.9443959961603,143,11933.68
24732034-b22f-40df-870b-590d76e81a8c,40.3901046337796,-86.8383181996284,13,957.38
c7cc28c1-7c0e-4520-ae19-cb46fb733b6b,40.4574294849874,-86.9333983946624,3,72.35
0bb04145-d02a-46c3-a800-6d0d42233c5c,40.4241356639464,-86.9174008415698,145,9282.58
33064dc1-95a3-4a07-8352-58827f35895b,40.3829215489012,-86.8435795045237,13,613.54
3326e01b-3c23-4fa9-bcd3-2acaafb07d2d,40.4305431303004,-86.8449335361506,111,7904.27
eb71757f-5a3d-4a11-adc1-1d0b0e65c723,40.3828922668295,-86.8884860901095,52,4502.83
eb71757f-5a3d-4a11-adc1-1d0b0e65c723,40.412436411982,-86.8929594928889,127,11672.08
96c76f87-236b-4d10-a004-d18116c5a5a0,40.4455809736814,-86.9212397421655,40,2761.9
d556586f-5536-47a5-9e1f-9ad30028e9c9,40.433274434223,-86.9130844907532,68,3538.71
e5c0c034-1aae-426b-a8b7-3e19ad8540c5,40.4238805509913,-86.8940497255766,68,4999.04
c7cc28c1-7c0e-4520-ae19-cb46fb733b6b,40.4211699024294,-86.9021043777188,124,9519.73
4e025ba5-8f41-4b28-a28d-f15951c5a468,40.4311314675548,-86.9324856560445,24,3490.92
89055b80-8ef0-49cc-bbe3-6c7d5415021a,40.4191237296384,-86.9021228483154,26,1272.26
3fa1788a-9312-405f-9fad-405ff4e7cdb3,40.4285790343058,-86.9111330966064,8,507.15
dd423f77-d4ba-47f0-98c9-7d78e756d475,40.3955016699525,-86.8705753896401,74,4974.24
01f4d3e9-bd6a-4bca-ab3c-3b44e6831475,40.3934521660194,-86.9020283341463,47,3617.6
13bf0b02-f652-4609-943f-dbc509710e91,40.4266302517351,-86.8471583335162,101,5723.66
e1d33256-6b3d-4dd2-9b32-5f76612e652a,40.4195994388818,-86.900178903352,17,855.37
1f6ab1b9-203d-4800-9c2f-0575ebaff4a6,40.4605555081139,-86.9245798752321,52,1249.86
1f6ab1b9-203d-4800-9c2f-0575ebaff4a6,40.4287209791676,-86.9112981012238,175,6768.61
ade7b7b0-935b-439e-966d-c3f250810c1a,40.4405367993451,-86.8847374949467,33,2529.61
b811b298-72d9-4efd-9671-3351c62aa1de,40.4477098101347,-86.9453200416769,142,11728.89
4aac4c21-daca-4d3b-abb9-c9efb54fea4a,40.4439635850941,-86.9200925014432,58,4611.09
4aac4c21-daca-4d3b-abb9-c9efb54fea4a,40.4592435711996,-86.9431183622379,86,7678.22
4aac4c21-daca-4d3b-abb9-c9efb54fea4a,40.436829385879,-86.9155541614562,52,3725.65
e8cb7b35-8b91-4734-bc08-322ef94d7dcd,40.4548085046872,-86.9294545538363,43,3721.08
e8cb7b35-8b91-4734-bc08-322ef94d7dcd,40.4588622211288,-86.9372796716122,32,2646.39
e8cb7b35-8b91-4734-bc08-322ef94d7dcd,40.4589945055595,-86.9361495872202,34,2743.34
4aac4c21-daca-4d3b-abb9-c9efb54fea4a,40.4465742586576,-86.9220586745218,61,4945.67
4aac4c21-daca-4d3b-abb9-c9efb54fea4a,40.4595709972951,-86.9348233848482,75,6953.48
4aac4c21-daca-4d3b-abb9-c9efb54fea4a,40.4505736511737,-86.9249325885516,67,5466.18
e8cb7b35-8b91-4734-bc08-322ef94d7dcd,40.4592240715036,-86.939916477172,28,2417.78
e8cb7b35-8b91-4734-bc08-322ef94d7dcd,40.4573780374107,-86.9310859305855,40,3401.01
e8cb7b35-8b91-4734-bc08-322ef94d7dcd,40.4558263989688,-86.9303681248159,41,3583.8
e8cb7b35-8b91-4734-bc08-322ef94d7dcd,40.4356220778117,-86.915341570656,60,6192.07
e8cb7b35-8b91-4734-bc08-322ef94d7dcd,40.4500127108708,-86.9248565369813,50,4387.85
e8cb7b35-8b91-4734-bc08-322ef94d7dcd,40.4388708985368,-86.9173462897958,56,5783.29
3bbf4832-650a-47e3-8118-13ea10ec264c,40.4403094218049,-86.8849619164978,18,2052.22
3bbf4832-650a-47e3-8118-13ea10ec264c,40.4325708108562,-86.8871911174939,30,2941.45
eb71757f-5a3d-4a11-adc1-1d0b0e65c723,40.3847454365924,-86.9095774740214,92,7054.18
e8cb7b35-8b91-4734-bc08-322ef94d7dcd,40.4530645782877,-86.9620529324494,9,277.52
e1d33256-6b3d-4dd2-9b32-5f76612e652a,40.4241151641663,-86.9166460711916,48,2432.06
0fd3c4b0-ae9d-40b2-a07c-715b3b3b553a,40.3835192070169,-86.8922993403008,113,8063.15
e1d33256-6b3d-4dd2-9b32-5f76612e652a,40.4240813101271,-86.9118721362696,43,2026.34
270e300e-042e-44fa-b9c9-e21538746b2f,40.3992468356637,-86.8097026234688,12,614.02
170011b0-977b-444b-a647-c0e01b5f04fb,40.3641036648823,-86.8606025093805,98,8128.47
afbfbe89-3824-47d8-a4f2-727023af88ac,40.431280459838,-86.9153011986793,92,6434.91
e0c92e87-ef25-4f24-8979-fce9c3bc02dd,40.4524302013716,-86.9620109478234,12,1058.3
e0c92e87-ef25-4f24-8979-fce9c3bc02dd,40.459014325972,-86.9361030767246,65,5901.23
e0c92e87-ef25-4f24-8979-fce9c3bc02dd,40.462041343418,-86.9358855213613,53,5346.93
33064dc1-95a3-4a07-8352-58827f35895b,40.3867375075154,-86.851250904041,19,1542.77
13bf0b02-f652-4609-943f-dbc509710e91,40.4206260350613,-86.8436306895747,69,4802.24
96c76f87-236b-4d10-a004-d18116c5a5a0,40.4462181345619,-86.9192270229973,50,3030.96
01f4d3e9-bd6a-4bca-ab3c-3b44e6831475,40.3930483740409,-86.9025140845974,48,3678.45
01b692f1-d433-46dc-bbc7-f1ccd7a75e1d,40.4173787288461,-86.8755623728793,55,5552.06
f45e2fd4-e04e-476c-87ff-d079f18a5c71,40.4164622155477,-86.8776739900308,18,1848.42
33064dc1-95a3-4a07-8352-58827f35895b,40.3692618669801,-86.8571242309917,42,4055.76
c7cc28c1-7c0e-4520-ae19-cb46fb733b6b,40.4522284600765,-86.9269042815207,20,1538.46
33064dc1-95a3-4a07-8352-58827f35895b,40.3921015292959,-86.8763850542046,126,9652.71
0fd3c4b0-ae9d-40b2-a07c-715b3b3b553a,40.3818652109081,-86.858743594239,147,10965.05
fa3c48c4-e5ed-42ea-a149-8f48abc3adb2,40.416541,-86.877817,17,1833.49
092fb563-ae54-468c-ae0c-1f4db815f671,40.4321487264683,-86.9151060615343,69,5861.39
e1d33256-6b3d-4dd2-9b32-5f76612e652a,40.4307756443192,-86.9317839895174,72,4359.7
b60e3152-a76d-4f75-998c-5ccb6225d74b,40.4164557411487,-86.877601085714,96,6295.32
96c76f87-236b-4d10-a004-d18116c5a5a0,40.4265181974481,-86.9103069251959,4,366.21
0fd3c4b0-ae9d-40b2-a07c-715b3b3b553a,40.3835403102887,-86.8964504649629,103,7702.74
96c76f87-236b-4d10-a004-d18116c5a5a0,40.436613020775,-86.9154292565268,24,1636.4
1f6ab1b9-203d-4800-9c2f-0575ebaff4a6,40.4238469849874,-86.8938986215525,221,8559.23
d556586f-5536-47a5-9e1f-9ad30028e9c9,40.448466616313,-86.9157473255226,144,6687.91
96c76f87-236b-4d10-a004-d18116c5a5a0,40.4656173928562,-86.927663253842,101,5788.14
96c76f87-236b-4d10-a004-d18116c5a5a0,40.4456127225487,-86.9213435328886,41,2771.36
c7cc28c1-7c0e-4520-ae19-cb46fb733b6b,40.4557949688673,-86.9303167221097,15,1046.31
092fb563-ae54-468c-ae0c-1f4db815f671,40.4688875606153,-86.9470916011919,11,450.14
c7cc28c1-7c0e-4520-ae19-cb46fb733b6b,40.4554281195146,-86.9300595914689,16,1092.51
b60e3152-a76d-4f75-998c-5ccb6225d74b,40.4218538356932,-86.8930938478168,126,8098.91
4b95220c-b38a-4e29-86e4-87b6928ae673,40.402512240051,-86.8060777501516,134,9519.63
c7cc28c1-7c0e-4520-ae19-cb46fb733b6b,40.4429742184848,-86.9425692688986,67,4635.52
b811b298-72d9-4efd-9671-3351c62aa1de,40.4306072741613,-86.9316740342794,83,4205.68
f45e2fd4-e04e-476c-87ff-d079f18a5c71,40.3923852979585,-86.8458533943188,84,6595.27
dd423f77-d4ba-47f0-98c9-7d78e756d475,40.420013156181,-86.8942952161323,1,88.87
93c1bdef-1567-4615-ab23-04d3cc324ca3,40.4285720342412,-86.9005908560356,24,1730.82
96c76f87-236b-4d10-a004-d18116c5a5a0,40.4459210262532,-86.921399637594,44,2808.7
d556586f-5536-47a5-9e1f-9ad30028e9c9,40.4348339878862,-86.9058213619155,90,4878.05
63c2c448-4a2f-4a35-a796-66b635935f73,40.4200690691061,-86.8881568576724,39,2696.36
d556586f-5536-47a5-9e1f-9ad30028e9c9,40.4359580563104,-86.9058463145806,93,5005.98
f45e2fd4-e04e-476c-87ff-d079f18a5c71,40.393741505483,-86.8491201962158,80,6216.99
a05e2688-6ec0-45d9-a447-37df08b14d0b,40.4268784786102,-86.8472244584458,99,6331.1
1f6ab1b9-203d-4800-9c2f-0575ebaff4a6,40.4603784060704,-86.9158108184225,84,2010.38
f25f38ba-f752-43fd-baec-05c57d7fd482,40.4175119322588,-86.8440750859514,50,4653.34
b811b298-72d9-4efd-9671-3351c62aa1de,40.4492802908514,-86.9416790703833,24,741.15
afbfbe89-3824-47d8-a4f2-727023af88ac,40.424168083549,-86.9164896035399,72,5066.41
d556586f-5536-47a5-9e1f-9ad30028e9c9,40.4479423417133,-86.9156511535235,139,6628.14
13bf0b02-f652-4609-943f-dbc509710e91,40.3837071546436,-86.8425683519642,4,81.75
d556586f-5536-47a5-9e1f-9ad30028e9c9,40.43823872836,-86.9066016804154,102,5269.81
63c2c448-4a2f-4a35-a796-66b635935f73,40.4206260823109,-86.8605605672199,2,159.44
b60e3152-a76d-4f75-998c-5ccb6225d74b,40.3904035588062,-86.8417224956536,15,1115.81
63c2c448-4a2f-4a35-a796-66b635935f73,40.4200410962768,-86.8880526248895,38,2687.01
4b95220c-b38a-4e29-86e4-87b6928ae673,40.4064125811932,-86.828880984191,67,4025.3
e1d33256-6b3d-4dd2-9b32-5f76612e652a,40.4240453469457,-86.9120789736075,44,2044.29
eb71757f-5a3d-4a11-adc1-1d0b0e65c723,40.381770738385,-86.8689353987617,30,2807.43
4b95220c-b38a-4e29-86e4-87b6928ae673,40.4024871609444,-86.806880127282,133,9451.68
3326e01b-3c23-4fa9-bcd3-2acaafb07d2d,40.4200272512452,-86.89305093247,2,191.31
eb71757f-5a3d-4a11-adc1-1d0b0e65c723,40.3820092681809,-86.8867361375818,48,4323.45
d556586f-5536-47a5-9e1f-9ad30028e9c9,40.4332290848034,-86.9129582889651,69,3550.51
d556586f-5536-47a5-9e1f-9ad30028e9c9,40.4607327467515,-86.9200234890235,181,8416.91
24732034-b22f-40df-870b-590d76e81a8c,40.4000955506471,-86.8080082359168,145,12085.16
e1d33256-6b3d-4dd2-9b32-5f76612e652a,40.4502400928182,-86.924563371596,112,8856.71
93c1bdef-1567-4615-ab23-04d3cc324ca3,40.4422395893001,-86.8993580538893,48,3363.57
f25f38ba-f752-43fd-baec-05c57d7fd482,40.4154507060569,-86.8139323680854,85,8329.45
3bbf4832-650a-47e3-8118-13ea10ec264c,40.45141,-86.87723,5,627.24
d556586f-5536-47a5-9e1f-9ad30028e9c9,40.445537,-86.91398,127,6320.23
e1d33256-6b3d-4dd2-9b32-5f76612e652a,40.4234015566608,-86.9070856301377,36,1602.17
32580df6-cf1f-4b44-970a-3d33e8c7feff,40.4204094660526,-86.8604714787287,48,3134.01
1f6ab1b9-203d-4800-9c2f-0575ebaff4a6,40.428372120102,-86.9109227009504,178,6821.73
a05e2688-6ec0-45d9-a447-37df08b14d0b,40.4218283547061,-86.890795194554,9,585.65
e0c92e87-ef25-4f24-8979-fce9c3bc02dd,40.4482511576589,-86.9619087918748,9,592.01
b60e3152-a76d-4f75-998c-5ccb6225d74b,40.4183330701334,-86.8930607434419,125,7707.67
33064dc1-95a3-4a07-8352-58827f35895b,40.3861851348267,-86.8574301459382,34,2171.05
9172832a-d99f-4400-b801-baf4cfd054b7,40.4469364668218,-86.9405200749878,39,1057.71
24732034-b22f-40df-870b-590d76e81a8c,40.4154417300757,-86.8276814397906,74,5284.1
63c2c448-4a2f-4a35-a796-66b635935f73,40.4188702191471,-86.8773588129887,24,1753.96
0fd3c4b0-ae9d-40b2-a07c-715b3b3b553a,40.3819472642393,-86.8491501319136,150,11777.59
33064dc1-95a3-4a07-8352-58827f35895b,40.386898615363,-86.8575736735617,29,2085.05
f25f38ba-f752-43fd-baec-05c57d7fd482,40.417482409455,-86.8531857729782,46,3881.4
f45e2fd4-e04e-476c-87ff-d079f18a5c71,40.4011092710682,-86.8582950017051,41,4225.96
a05e2688-6ec0-45d9-a447-37df08b14d0b,40.4246915172957,-86.8869066509004,20,1237.27
e8cb7b35-8b91-4734-bc08-322ef94d7dcd,40.4368185583264,-86.9155682422769,58,6057.29
e8cb7b35-8b91-4734-bc08-322ef94d7dcd,40.4602809288128,-86.933203848414,38,3031.86
4aac4c21-daca-4d3b-abb9-c9efb54fea4a,40.424180636643,-86.9191256664094,25,1827.04
4aac4c21-daca-4d3b-abb9-c9efb54fea4a,40.4318498236178,-86.9144890770278,44,3153.67
e8cb7b35-8b91-4734-bc08-322ef94d7dcd,40.4592775173042,-86.9352969360501,36,2822.18
4aac4c21-daca-4d3b-abb9-c9efb54fea4a,40.4520453571237,-86.9263735645747,69,5671.8
e8cb7b35-8b91-4734-bc08-322ef94d7dcd,40.443327128975,-86.9197219261332,54,5248.59
e8cb7b35-8b91-4734-bc08-322ef94d7dcd,40.4592342704265,-86.9430333224352,25,2153.4
4aac4c21-daca-4d3b-abb9-c9efb54fea4a,40.4387312688887,-86.917203680836,54,3979.74
e8cb7b35-8b91-4734-bc08-322ef94d7dcd,40.4509200558537,-86.9255946784301,46,4263.63
4aac4c21-daca-4d3b-abb9-c9efb54fea4a,40.4510212569379,-86.9255559625626,68,5538.65
4aac4c21-daca-4d3b-abb9-c9efb54fea4a,40.4504982390396,-86.9247056164759,66,5445.24
e8cb7b35-8b91-4734-bc08-322ef94d7dcd,40.4592590736397,-86.9397354319257,29,2433.57
13bf0b02-f652-4609-943f-dbc509710e91,40.3922746225448,-86.8382879359958,24,1204.23
0fd3c4b0-ae9d-40b2-a07c-715b3b3b553a,40.384836523359,-86.8414261004316,156,12627.36
d556586f-5536-47a5-9e1f-9ad30028e9c9,40.4468018639076,-86.9145856509622,131,6471.55
1f6ab1b9-203d-4800-9c2f-0575ebaff4a6,40.441334662939,-86.9101561108578,124,4321.98
13bf0b02-f652-4609-943f-dbc509710e91,40.4320877033703,-86.8823281787116,164,9651.84
b2d5f522-ef1c-4f6f-a88e-f9f90dc80c88,40.4698710612596,-86.9457338453313,8,291.39
3326e01b-3c23-4fa9-bcd3-2acaafb07d2d,40.4254924271457,-86.8869113189934,21,1324.54
33064dc1-95a3-4a07-8352-58827f35895b,40.3867166361333,-86.8524431143458,23,1645.17
eb71757f-5a3d-4a11-adc1-1d0b0e65c723,40.408665998022,-86.8929591536879,126,11253.11
01b692f1-d433-46dc-bbc7-f1ccd7a75e1d,40.4175420053266,-86.8600152793117,42,4231.74
13bf0b02-f652-4609-943f-dbc509710e91,40.4207112145848,-86.8948077794795,202,11973.43
b811b298-72d9-4efd-9671-3351c62aa1de,40.4308115598005,-86.9314255376277,85,4236.61
33064dc1-95a3-4a07-8352-58827f35895b,40.3954369558545,-86.8787801013125,134,10221.28
4b95220c-b38a-4e29-86e4-87b6928ae673,40.4014998913705,-86.8083977287053,129,9267.07
f25f38ba-f752-43fd-baec-05c57d7fd482,40.4175916369264,-86.8290990003513,59,5925.68
01b692f1-d433-46dc-bbc7-f1ccd7a75e1d,40.4174197009031,-86.8757738078906,56,5570.52
3326e01b-3c23-4fa9-bcd3-2acaafb07d2d,40.4218311605381,-86.8920618977193,5,476.25
b811b298-72d9-4efd-9671-3351c62aa1de,40.4268172637711,-86.9104262835042,101,6327.59
3326e01b-3c23-4fa9-bcd3-2acaafb07d2d,40.390334846275,-86.8383740964146,199,13157.76
1f6ab1b9-203d-4800-9c2f-0575ebaff4a6,40.4604764197564,-86.9304448309172,30,745.36
3326e01b-3c23-4fa9-bcd3-2acaafb07d2d,40.4264337083648,-86.8471838285504,143,8476.64
e1d33256-6b3d-4dd2-9b32-5f76612e652a,40.4589705157253,-86.9347852709733,130,10498.83
b811b298-72d9-4efd-9671-3351c62aa1de,40.4474484817443,-86.945154329517,54,1646.54
270e300e-042e-44fa-b9c9-e21538746b2f,40.3844054823276,-86.8411653686072,54,5653.28
13bf0b02-f652-4609-943f-dbc509710e91,40.4322229241262,-86.8473892941826,132,6675.99
3fa1788a-9312-405f-9fad-405ff4e7cdb3,40.4344983053301,-86.8979822140094,39,2439.57
b2d5f522-ef1c-4f6f-a88e-f9f90dc80c88,40.4330604925531,-86.9152414344078,60,5765.05
96c76f87-236b-4d10-a004-d18116c5a5a0,40.4652725194071,-86.9303116094343,120,6115.84
e81bb089-9706-4260-bf6e-57a054f3429f,40.4207112145848,-86.8948077794795,0,0
e81bb089-9706-4260-bf6e-57a054f3429f,40.436227253226,-86.8621617741674,74,4005.74
e81bb089-9706-4260-bf6e-57a054f3429f,40.4200219200444,-86.89427023511,1,89.08
e81bb089-9706-4260-bf6e-57a054f3429f,40.4210379017243,-86.890650601714,9,505.71
e81bb089-9706-4260-bf6e-57a054f3429f,40.4200420785603,-86.8923293490242,4,254.2
e81bb089-9706-4260-bf6e-57a054f3429f,40.4200360310062,-86.8925729527348,2,232.67
e81bb089-9706-4260-bf6e-57a054f3429f,40.4371023625714,-86.8621767455854,75,4102.99
e81bb089-9706-4260-bf6e-57a054f3429f,40.4216386138328,-86.8906558974468,10,572.46
e81bb089-9706-4260-bf6e-57a054f3429f,40.4342179027742,-86.8637361242201,65,3725.33
e81bb089-9706-4260-bf6e-57a054f3429f,40.4319868781474,-86.8663247738011,56,3381.48
e81bb089-9706-4260-bf6e-57a054f3429f,40.4200440944115,-86.8910054158142,5,366.2
e81bb089-9706-4260-bf6e-57a054f3429f,40.4217264307574,-86.8906288975852,11,582.48
e81bb089-9706-4260-bf6e-57a054f3429f,40.4247094364669,-86.8805429650151,36,1783.9
e81bb089-9706-4260-bf6e-57a054f3429f,40.4292176131764,-86.8718703749431,47,2814.15
e81bb089-9706-4260-bf6e-57a054f3429f,40.434223,-86.863664,66,3731.45
96c76f87-236b-4d10-a004-d18116c5a5a0,40.4808688019223,-86.9321923856866,166,11068.72
1f6ab1b9-203d-4800-9c2f-0575ebaff4a6,40.4512033310144,-86.9157903817259,96,3057.33
e8cb7b35-8b91-4734-bc08-322ef94d7dcd,40.4529633402574,-86.9610819966664,3,190.88
ade7b7b0-935b-439e-966d-c3f250810c1a,40.4344292557621,-86.886838717429,24,1821.34
c7cc28c1-7c0e-4520-ae19-cb46fb733b6b,40.4460622363634,-86.9402231148415,58,3897.74
33064dc1-95a3-4a07-8352-58827f35895b,40.3806149719683,-86.8761950125152,110,8368.73
3326e01b-3c23-4fa9-bcd3-2acaafb07d2d,40.4246232166662,-86.8868711225314,19,1227.61
e5c0c034-1aae-426b-a8b7-3e19ad8540c5,40.4318222660912,-86.8823676933269,43,3019.31
f45e2fd4-e04e-476c-87ff-d079f18a5c71,40.393913746173,-86.8488057870578,81,6249.77
270e300e-042e-44fa-b9c9-e21538746b2f,40.3925493593544,-86.8384652935544,40,4647.18
24732034-b22f-40df-870b-590d76e81a8c,40.405455,-86.828217,90,6587.21
01f4d3e9-bd6a-4bca-ab3c-3b44e6831475,40.3817980845518,-86.8608521081851,143,10785.48
0fd3c4b0-ae9d-40b2-a07c-715b3b3b553a,40.39208061693,-86.9138522109831,63,4795.15
1f6ab1b9-203d-4800-9c2f-0575ebaff4a6,40.4248805124743,-86.8934122932549,214,8427.66
1f6ab1b9-203d-4800-9c2f-0575ebaff4a6,40.4436436992468,-86.9131601530146,114,3955.07
1f6ab1b9-203d-4800-9c2f-0575ebaff4a6,40.4603998637438,-86.9189771663533,78,1739.46
eb71757f-5a3d-4a11-adc1-1d0b0e65c723,40.4207112145848,-86.8948077794795,137,12956.02
b811b298-72d9-4efd-9671-3351c62aa1de,40.4493094103645,-86.9417706763544,23,732.76
0fd3c4b0-ae9d-40b2-a07c-715b3b3b553a,40.3925272757862,-86.9031893962003,50,3766.1
9172832a-d99f-4400-b801-baf4cfd054b7,40.448262178675,-86.9446498438536,61,1797.24
0bb04145-d02a-46c3-a800-6d0d42233c5c,40.4558117167427,-86.9245388397406,69,4470.9
32580df6-cf1f-4b44-970a-3d33e8c7feff,40.422866518174,-86.8617510173974,63,3956.96
1f6ab1b9-203d-4800-9c2f-0575ebaff4a6,40.4317027626967,-86.9057364324122,150,5520.64
93c1bdef-1567-4615-ab23-04d3cc324ca3,40.430559,-86.899728,29,1964.62
24732034-b22f-40df-870b-590d76e81a8c,40.3883938223211,-86.8103215118579,119,10553.08
0fd3c4b0-ae9d-40b2-a07c-715b3b3b553a,40.3844423821236,-86.9111866898052,76,5689.87
1f6ab1b9-203d-4800-9c2f-0575ebaff4a6,40.4421807874775,-86.9114923142419,120,4174.47
96c76f87-236b-4d10-a004-d18116c5a5a0,40.4459762500467,-86.9212002275314,46,2827.05
0fd3c4b0-ae9d-40b2-a07c-715b3b3b553a,40.3817349012883,-86.8726691152504,133,9777.65
4e025ba5-8f41-4b28-a28d-f15951c5a468,40.431563883078,-86.9281085877475,13,3092.65
e8cb7b35-8b91-4734-bc08-322ef94d7dcd,40.4589614344763,-86.9380566046318,31,2579.78
4aac4c21-daca-4d3b-abb9-c9efb54fea4a,40.4581977542462,-86.9450840736085,90,7882.92
4aac4c21-daca-4d3b-abb9-c9efb54fea4a,40.4591448802616,-86.9357926879998,78,7049.48
e8cb7b35-8b91-4734-bc08-322ef94d7dcd,40.4333522912891,-86.9152091002282,61,6444.54
e8cb7b35-8b91-4734-bc08-322ef94d7dcd,40.4497898647853,-86.9247149960011,51,4415.35
4aac4c21-daca-4d3b-abb9-c9efb54fea4a,40.4600823341676,-86.9337679214163,74,6847.69
4aac4c21-daca-4d3b-abb9-c9efb54fea4a,40.4362063113268,-86.9153774272368,50,3654.66
4aac4c21-daca-4d3b-abb9-c9efb54fea4a,40.4593160026337,-86.9425121148057,85,7626.34
4aac4c21-daca-4d3b-abb9-c9efb54fea4a,40.458468422893,-86.9446131045285,89,7833.02
4aac4c21-daca-4d3b-abb9-c9efb54fea4a,40.4501041484457,-86.9246576646289,63,5397.69
4aac4c21-daca-4d3b-abb9-c9efb54fea4a,40.4462671391443,-86.9218726487638,60,4908.09
4aac4c21-daca-4d3b-abb9-c9efb54fea4a,40.4590869752688,-86.9436327441107,87,7725.06
4aac4c21-daca-4d3b-abb9-c9efb54fea4a,40.4503985002805,-86.9246001224125,65,5431.01
13bf0b02-f652-4609-943f-dbc509710e91,40.4274183432955,-86.8460648174688,112,5875.27
0bb04145-d02a-46c3-a800-6d0d42233c5c,40.4649327731353,-86.926263622455,47,3302.01
56875f33-4f60-4591-a742-8e882d645c09,40.4302384215735,-86.9191072534983,34,2499.83
24732034-b22f-40df-870b-590d76e81a8c,40.4061312811204,-86.8287726214524,63,3997.92
1f6ab1b9-203d-4800-9c2f-0575ebaff4a6,40.4365880363522,-86.9060099342152,140,4972.35
1f6ab1b9-203d-4800-9c2f-0575ebaff4a6,40.4354125479608,-86.9058550851127,143,5104.25
d556586f-5536-47a5-9e1f-9ad30028e9c9,40.4269703029868,-86.9045407056213,39,2104.84
3fa1788a-9312-405f-9fad-405ff4e7cdb3,40.4283151469118,-86.9007313153726,26,1708.31
d556586f-5536-47a5-9e1f-9ad30028e9c9,40.4363207538179,-86.9058929825755,96,5046.71
f45e2fd4-e04e-476c-87ff-d079f18a5c71,40.3840198901598,-86.8422833425026,101,8006.78
b60e3152-a76d-4f75-998c-5ccb6225d74b,40.4182233282461,-86.8928067179802,122,7674.41
f25f38ba-f752-43fd-baec-05c57d7fd482,40.4172995499184,-86.8933821225992,3,465.61
a05e2688-6ec0-45d9-a447-37df08b14d0b,40.42229328458,-86.847065180782,115,6854.18
d556586f-5536-47a5-9e1f-9ad30028e9c9,40.430746,-86.905845,81,4413.74
c7cc28c1-7c0e-4520-ae19-cb46fb733b6b,40.4272562809719,-86.930625089036,97,6680.36
1f1c7703-f37e-4cab-90b2-34b3f54726f7,40.4674702328002,-86.9587097419512,60,3743.65
d556586f-5536-47a5-9e1f-9ad30028e9c9,40.4415018120847,-86.9103239676597,112,5751.88
01b692f1-d433-46dc-bbc7-f1ccd7a75e1d,40.4177469189426,-86.834020896677,21,2022.44
d556586f-5536-47a5-9e1f-9ad30028e9c9,40.4325462721725,-86.9150791601214,64,3274.92
f25f38ba-f752-43fd-baec-05c57d7fd482,40.4175253772988,-86.8600025572957,36,3302.08
1f6ab1b9-203d-4800-9c2f-0575ebaff4a6,40.4308656862433,-86.9100590707511,158,5991.66
1f6ab1b9-203d-4800-9c2f-0575ebaff4a6,40.4570301522942,-86.9156951297946,92,2407.23
13bf0b02-f652-4609-943f-dbc509710e91,40.3986285583484,-86.8384273161945,29,1911.61
d556586f-5536-47a5-9e1f-9ad30028e9c9,40.4607552564594,-86.9241310312826,196,8771.09
092fb563-ae54-468c-ae0c-1f4db815f671,40.4392199898533,-86.9176928074515,61,5021.19
a05e2688-6ec0-45d9-a447-37df08b14d0b,40.4274222919764,-86.8461270491156,89,6208.83
4b95220c-b38a-4e29-86e4-87b6928ae673,40.4043637210438,-86.8278803181286,104,6719.89
1f6ab1b9-203d-4800-9c2f-0575ebaff4a6,40.4606090858868,-86.9247330718916,50,1235.25
3326e01b-3c23-4fa9-bcd3-2acaafb07d2d,40.3970339106199,-86.8384776255048,194,12411.78
002a917d-6cdc-46ab-bb61-4e54c64205ee,40.4100237633666,-86.8814519519276,33,2429.23
0bb04145-d02a-46c3-a800-6d0d42233c5c,40.4314182532764,-86.916422877511,133,8085.35
63c2c448-4a2f-4a35-a796-66b635935f73,40.4189945628248,-86.8699742264234,15,1120.16
0bb04145-d02a-46c3-a800-6d0d42233c5c,40.4479467488986,-86.919520405672,89,5709.96
092fb563-ae54-468c-ae0c-1f4db815f671,40.4697104759899,-86.9459327926133,10,316.13
d556586f-5536-47a5-9e1f-9ad30028e9c9,40.460818288375,-86.9303081590121,225,9307.72
170011b0-977b-444b-a647-c0e01b5f04fb,40.3953777184324,-86.8791590995162,33,3087.71
170011b0-977b-444b-a647-c0e01b5f04fb,40.3670637553526,-86.8700382282083,79,6975.55
b2d5f522-ef1c-4f6f-a88e-f9f90dc80c88,40.467188,-86.947349,16,644.32
13bf0b02-f652-4609-943f-dbc509710e91,40.432211354948,-86.8556557568187,134,7375.21
170011b0-977b-444b-a647-c0e01b5f04fb,40.366158,-86.861817,88,7779.08
eb71757f-5a3d-4a11-adc1-1d0b0e65c723,40.3836636877149,-86.8993466866357,71,5448.29
eb71757f-5a3d-4a11-adc1-1d0b0e65c723,40.3818809777052,-86.8610558567722,23,2137.12
13bf0b02-f652-4609-943f-dbc509710e91,40.4206590211892,-86.8404042305222,66,4527.32
afbfbe89-3824-47d8-a4f2-727023af88ac,40.4265114174314,-86.9191447620506,80,5550.33
1f6ab1b9-203d-4800-9c2f-0575ebaff4a6,40.4269062060915,-86.9092543981848,183,7037.32
4b95220c-b38a-4e29-86e4-87b6928ae673,40.4138690374118,-86.8276794749608,77,4968.98
0bb04145-d02a-46c3-a800-6d0d42233c5c,40.4806376658114,-86.9277969332284,6,297.44
cf98ced7-c172-4e65-98ed-b92c8d5118ed,40.3836564101424,-86.8950521223951,61,5074.46
33064dc1-95a3-4a07-8352-58827f35895b,40.3853114178962,-86.8761945889112,118,8895.78
0fd3c4b0-ae9d-40b2-a07c-715b3b3b553a,40.3933551659329,-86.9135530597906,62,4651.28
d556586f-5536-47a5-9e1f-9ad30028e9c9,40.4606725604197,-86.921089324773,191,8511.51
3326e01b-3c23-4fa9-bcd3-2acaafb07d2d,40.4113291426348,-86.8388301959528,182,10819.18
89055b80-8ef0-49cc-bbe3-6c7d5415021a,40.4193352412781,-86.9001091659134,13,1022.31
cf98ced7-c172-4e65-98ed-b92c8d5118ed,40.381813964666,-86.8639468699047,27,2383.8
cf98ced7-c172-4e65-98ed-b92c8d5118ed,40.3817785977108,-86.8684994828479,28,2769.18
4b95220c-b38a-4e29-86e4-87b6928ae673,40.3992456043233,-86.8097333291032,118,8857.47
0a1d1408-7910-4fd5-b3f7-3ce7064b408b,40.4195813446502,-86.8867964443483,89,5498.01
b811b298-72d9-4efd-9671-3351c62aa1de,40.4489846829585,-86.9412906146831,36,805.58
a05e2688-6ec0-45d9-a447-37df08b14d0b,40.4205713764841,-86.8458235448876,124,7085.09
a05e2688-6ec0-45d9-a447-37df08b14d0b,40.3927283603455,-86.8384035186552,161,10805.85
092fb563-ae54-468c-ae0c-1f4db815f671,40.4719783288076,-86.9459584919974,3,43.69
e0c92e87-ef25-4f24-8979-fce9c3bc02dd,40.458120964299,-86.9620109478235,22,1697.99
13bf0b02-f652-4609-943f-dbc509710e91,40.4264940247795,-86.8470501434348,94,5702.8
24732034-b22f-40df-870b-590d76e81a8c,40.4051861042644,-86.8279007939649,92,6628.69
dd423f77-d4ba-47f0-98c9-7d78e756d475,40.409977250027,-86.8864836654997,24,1860.27
eb71757f-5a3d-4a11-adc1-1d0b0e65c723,40.382017461194,-86.8487466494721,12,1093.16
0fd3c4b0-ae9d-40b2-a07c-715b3b3b553a,40.3869464285431,-86.9033680602146,88,6615.34
0bb04145-d02a-46c3-a800-6d0d42233c5c,40.4284385930067,-86.9191702766923,137,8655.25
3bbf4832-650a-47e3-8118-13ea10ec264c,40.4321673330531,-86.8876819271171,32,3003.33
13bf0b02-f652-4609-943f-dbc509710e91,40.4206019604965,-86.8459430152106,71,4997.89
3bbf4832-650a-47e3-8118-13ea10ec264c,40.4428666766471,-86.8836620798484,15,1745.07
eb71757f-5a3d-4a11-adc1-1d0b0e65c723,40.4051004658589,-86.8929228246472,119,10852.7
dd423f77-d4ba-47f0-98c9-7d78e756d475,40.4056956428427,-86.8758174733293,51,3182.61
e1d33256-6b3d-4dd2-9b32-5f76612e652a,40.460031779355,-86.9338172179626,124,10302.78
e1d33256-6b3d-4dd2-9b32-5f76612e652a,40.4420670479058,-86.9417866561438,84,5891.02
e1d33256-6b3d-4dd2-9b32-5f76612e652a,40.4577671823374,-86.9341006588533,132,10645.7
93c1bdef-1567-4615-ab23-04d3cc324ca3,40.4266390357315,-86.9064838126444,14,990.64
4aac4c21-daca-4d3b-abb9-c9efb54fea4a,40.4239655793585,-86.9083388250303,15,911.54
24732034-b22f-40df-870b-590d76e81a8c,40.388389261528,-86.8100520568517,121,10581.17
24732034-b22f-40df-870b-590d76e81a8c,40.4029654904691,-86.8097915743647,106,8442.07
afbfbe89-3824-47d8-a4f2-727023af88ac,40.4465549951703,-86.8993802024897,17,984.27
3326e01b-3c23-4fa9-bcd3-2acaafb07d2d,40.4285235634416,-86.844925826427,115,8129.79
01b692f1-d433-46dc-bbc7-f1ccd7a75e1d,40.4177227020754,-86.8232271241179,15,1106.36
d556586f-5536-47a5-9e1f-9ad30028e9c9,40.4238563451693,-86.8931313930637,6,467.99
1f6ab1b9-203d-4800-9c2f-0575ebaff4a6,40.4309752849807,-86.9102569351638,160,6012.94
24732034-b22f-40df-870b-590d76e81a8c,40.3940062563115,-86.8370213371791,28,1539.54
092fb563-ae54-468c-ae0c-1f4db815f671,40.4660445729521,-86.9382823668886,36,1546.66
b60e3152-a76d-4f75-998c-5ccb6225d74b,40.4174508046308,-86.8786670811647,100,6439.61
0bb04145-d02a-46c3-a800-6d0d42233c5c,40.461045016236,-86.9245661604312,55,3878.75
28e019d7-aabd-407a-8617-6fb357801f08,40.4182550122835,-86.8929220084798,123,7684.78
b60e3152-a76d-4f75-998c-5ccb6225d74b,40.3924432339327,-86.8458236309862,19,1531.07
d556586f-5536-47a5-9e1f-9ad30028e9c9,40.427617714922,-86.908619693897,48,2465.31
a05e2688-6ec0-45d9-a447-37df08b14d0b,40.4320730526491,-86.8568853650621,65,4634.56
e1d33256-6b3d-4dd2-9b32-5f76612e652a,40.4519866334766,-86.9263189183694,116,9106.49
170011b0-977b-444b-a647-c0e01b5f04fb,40.3670952371995,-86.8715532805341,75,6846.01
4e025ba5-8f41-4b28-a28d-f15951c5a468,40.446817440309,-86.9402435236461,48,6517.14
eb71757f-5a3d-4a11-adc1-1d0b0e65c723,40.3861695114302,-86.9033493381821,83,6195.46
e1d33256-6b3d-4dd2-9b32-5f76612e652a,40.4473616682108,-86.9226449701822,110,8488.83
13bf0b02-f652-4609-943f-dbc509710e91,40.3835048961398,-86.8425923231859,2,59.03
eb71757f-5a3d-4a11-adc1-1d0b0e65c723,40.3844080073364,-86.841166611849,5,224
c7cc28c1-7c0e-4520-ae19-cb46fb733b6b,40.4454183843981,-86.9441094663208,64,4333.48
e5c0c034-1aae-426b-a8b7-3e19ad8540c5,40.4348563705378,-86.8815067678838,36,2610.65
56875f33-4f60-4591-a742-8e882d645c09,40.424067116542,-86.9124768251745,18,1258.75
fa3c48c4-e5ed-42ea-a149-8f48abc3adb2,40.3916115659082,-86.8494180575239,69,5835.96
13bf0b02-f652-4609-943f-dbc509710e91,40.3895793030078,-86.8384162373575,18,901.01
fa3c48c4-e5ed-42ea-a149-8f48abc3adb2,40.3944664230526,-86.8488562668339,55,5319.38
270e300e-042e-44fa-b9c9-e21538746b2f,40.4030069690892,-86.8363601935208,26,3287.74
4b95220c-b38a-4e29-86e4-87b6928ae673,40.4149692711742,-86.8290822004297,88,5507.3
b811b298-72d9-4efd-9671-3351c62aa1de,40.4491929322363,-86.9415410816419,28,762.2
0bb04145-d02a-46c3-a800-6d0d42233c5c,40.4504116884943,-86.9193871821067,84,5429.27
b60e3152-a76d-4f75-998c-5ccb6225d74b,40.4137575872992,-86.8745061382357,90,5895.07
01b692f1-d433-46dc-bbc7-f1ccd7a75e1d,40.4176021483943,-86.859836973187,41,4215.24
9172832a-d99f-4400-b801-baf4cfd054b7,40.4491951193077,-86.9398636125554,5,285.11
1f1c7703-f37e-4cab-90b2-34b3f54726f7,40.4677381037136,-86.9431428886722,14,1748.36
0a1d1408-7910-4fd5-b3f7-3ce7064b408b,40.4192160652841,-86.900200720029,66,3941.49
a05e2688-6ec0-45d9-a447-37df08b14d0b,40.3851019933567,-86.8418170143254,172,11737.36
eb71757f-5a3d-4a11-adc1-1d0b0e65c723,40.3837510185235,-86.8954247319732,64,5110.31
b2d5f522-ef1c-4f6f-a88e-f9f90dc80c88,40.4675352682004,-86.9434506145456,27,1070.08
9172832a-d99f-4400-b801-baf4cfd054b7,40.4500490241291,-86.941311094559,10,491.28
1f6ab1b9-203d-4800-9c2f-0575ebaff4a6,40.4606729364888,-86.9223622995117,60,1440.99
33064dc1-95a3-4a07-8352-58827f35895b,40.3659879219488,-86.8605037211971,59,5088.1
c7cc28c1-7c0e-4520-ae19-cb46fb733b6b,40.442846538677,-86.9424888803684,69,4651.99
e5c0c034-1aae-426b-a8b7-3e19ad8540c5,40.4257725432976,-86.8844544520649,51,3889.75
f25f38ba-f752-43fd-baec-05c57d7fd482,40.4175048558666,-86.8366676848875,54,5283.15
afbfbe89-3824-47d8-a4f2-727023af88ac,40.4233988702173,-86.9070724859021,62,4249.6
3326e01b-3c23-4fa9-bcd3-2acaafb07d2d,40.4320730526491,-86.8691376965724,89,5681.15
eb71757f-5a3d-4a11-adc1-1d0b0e65c723,40.381841472285,-86.8612075639864,24,2150.69
092fb563-ae54-468c-ae0c-1f4db815f671,40.468046861278,-86.9472481338023,14,547.03
fa3c48c4-e5ed-42ea-a149-8f48abc3adb2,40.3943290397418,-86.8487579553623,56,5336.77
a05e2688-6ec0-45d9-a447-37df08b14d0b,40.3965524741809,-86.8384577134748,158,10378.77
1f1c7703-f37e-4cab-90b2-34b3f54726f7,40.4540422904961,-86.9620692027572,73,5521.04
93c1bdef-1567-4615-ab23-04d3cc324ca3,40.4292281377125,-86.9003627006617,25,1806.24
0fd3c4b0-ae9d-40b2-a07c-715b3b3b553a,40.3845013907255,-86.911375785552,75,5672.57
b811b298-72d9-4efd-9671-3351c62aa1de,40.4310022258372,-86.9313877661367,118,9232.76
c7cc28c1-7c0e-4520-ae19-cb46fb733b6b,40.431216886889,-86.9326920501694,82,6198.37
0a1d1408-7910-4fd5-b3f7-3ce7064b408b,40.4184103931063,-86.9069163896221,43,3319.89
89055b80-8ef0-49cc-bbe3-6c7d5415021a,40.419828,-86.900233,16,1079.85
f45e2fd4-e04e-476c-87ff-d079f18a5c71,40.3830363038111,-86.8427490938001,106,8126.39
a05e2688-6ec0-45d9-a447-37df08b14d0b,40.4208546519307,-86.8392435836774,136,7650.52
33064dc1-95a3-4a07-8352-58827f35895b,40.3878706908593,-86.8762827852064,120,9181.09
1f6ab1b9-203d-4800-9c2f-0575ebaff4a6,40.4266749979672,-86.9081722444146,189,7142
a05e2688-6ec0-45d9-a447-37df08b14d0b,40.4206231965475,-86.8402879054808,132,7556.71
d556586f-5536-47a5-9e1f-9ad30028e9c9,40.4606502289878,-86.9298173827258,219,9259.4
a05e2688-6ec0-45d9-a447-37df08b14d0b,40.4265591692602,-86.8472924955044,103,6371.49
b60e3152-a76d-4f75-998c-5ccb6225d74b,40.3932223178837,-86.8484905230548,48,2618.73
c7cc28c1-7c0e-4520-ae19-cb46fb733b6b,40.4195005476367,-86.9005682957282,134,9764.94
0fd3c4b0-ae9d-40b2-a07c-715b3b3b553a,40.3861695114302,-86.9033493381821,87,6528.99
eb71757f-5a3d-4a11-adc1-1d0b0e65c723,40.4182506035461,-86.8930383692254,133,12319.07
f45e2fd4-e04e-476c-87ff-d079f18a5c71,40.4172827394576,-86.891915750893,6,594.09
24732034-b22f-40df-870b-590d76e81a8c,40.3967802812917,-86.809691441185,133,11564.27
32580df6-cf1f-4b44-970a-3d33e8c7feff,40.4248537322432,-86.8617964721053,57,3734.12
24732034-b22f-40df-870b-590d76e81a8c,40.4023849596136,-86.8053154333255,159,12567.19
eb71757f-5a3d-4a11-adc1-1d0b0e65c723,40.383678,-86.89574,66,5139.3
96c76f87-236b-4d10-a004-d18116c5a5a0,40.452179708321,-86.9218188347032,62,3798.53
1f6ab1b9-203d-4800-9c2f-0575ebaff4a6,40.4254850885889,-86.9011075345623,201,7766.41
32580df6-cf1f-4b44-970a-3d33e8c7feff,40.4192942201073,-86.8790270751899,26,1410.72
1f1c7703-f37e-4cab-90b2-34b3f54726f7,40.4578896668988,-86.9620630813081,68,5089.61
33064dc1-95a3-4a07-8352-58827f35895b,40.3753141873169,-86.8760662196626,106,7776.16
96c76f87-236b-4d10-a004-d18116c5a5a0,40.4808566765887,-86.9312882850009,167,11145.15
092fb563-ae54-468c-ae0c-1f4db815f671,40.4553677525837,-86.930064324113,46,2929.42
33064dc1-95a3-4a07-8352-58827f35895b,40.3878064951656,-86.8495676063956,15,1356.64
c7cc28c1-7c0e-4520-ae19-cb46fb733b6b,40.444060561855,-86.9432318551603,66,4502.43
f25f38ba-f752-43fd-baec-05c57d7fd482,40.4174542333624,-86.8568402884844,42,3570.88
4e025ba5-8f41-4b28-a28d-f15951c5a468,40.4310911761781,-86.9311663853324,18,3358.83
33064dc1-95a3-4a07-8352-58827f35895b,40.3672474576,-86.8571143021089,45,4280.21
32580df6-cf1f-4b44-970a-3d33e8c7feff,40.4244459132481,-86.8605951691092,55,3587.45
3bbf4832-650a-47e3-8118-13ea10ec264c,40.4288400124978,-86.8909929058886,36,3468.62
e1d33256-6b3d-4dd2-9b32-5f76612e652a,40.4186943251992,-86.8989981898449,12,703.4
092fb563-ae54-468c-ae0c-1f4db815f671,40.4574864968824,-86.9312197719882,43,2674.05
b60e3152-a76d-4f75-998c-5ccb6225d74b,40.4182580687474,-86.883551948616,107,6888.71
1f1c7703-f37e-4cab-90b2-34b3f54726f7,40.4691131336689,-86.9442140802765,22,1951.72
f25f38ba-f752-43fd-baec-05c57d7fd482,40.4176110093813,-86.8305386700654,58,5803.86
afbfbe89-3824-47d8-a4f2-727023af88ac,40.4240255490373,-86.9116791402341,66,4656.88
d556586f-5536-47a5-9e1f-9ad30028e9c9,40.4604536889764,-86.9155944195564,166,8027.84
002a917d-6cdc-46ab-bb61-4e54c64205ee,40.3954704861422,-86.8716604923087,2,74.86
0bb04145-d02a-46c3-a800-6d0d42233c5c,40.4426641290314,-86.9194078884284,104,6578.46
13bf0b02-f652-4609-943f-dbc509710e91,40.4321564976256,-86.8624025085876,142,7953.84
e0c92e87-ef25-4f24-8979-fce9c3bc02dd,40.4657803150444,-86.937815687741,47,4811.71
9172832a-d99f-4400-b801-baf4cfd054b7,40.4391318133678,-86.9383222761644,78,3069.35
b2d5f522-ef1c-4f6f-a88e-f9f90dc80c88,40.4603649950245,-86.9332585891043,36,2310.82
e1d33256-6b3d-4dd2-9b32-5f76612e652a,40.4301243786022,-86.9316686793077,67,4284.14
f45e2fd4-e04e-476c-87ff-d079f18a5c71,40.396992,-86.852573,50,4895.76
4b95220c-b38a-4e29-86e4-87b6928ae673,40.4153311796734,-86.8267993472702,79,5205.6
ade7b7b0-935b-439e-966d-c3f250810c1a,40.4299197787837,-86.8900702267728,13,1199.92
d556586f-5536-47a5-9e1f-9ad30028e9c9,40.4594479664466,-86.9350557360502,243,9758.42
32580df6-cf1f-4b44-970a-3d33e8c7feff,40.4216764521097,-86.8605408941699,50,3275.77
002a917d-6cdc-46ab-bb61-4e54c64205ee,40.4063274792267,-86.8767685371482,20,1647
24732034-b22f-40df-870b-590d76e81a8c,40.405849979872,-86.828501714606,62,3959.16
ade7b7b0-935b-439e-966d-c3f250810c1a,40.4350154811158,-86.8865457510274,27,1893.19
dd423f77-d4ba-47f0-98c9-7d78e756d475,40.4173280913057,-86.8920084580338,8,584.41
b811b298-72d9-4efd-9671-3351c62aa1de,40.4315268470834,-86.9268761903072,93,4637.98
e5c0c034-1aae-426b-a8b7-3e19ad8540c5,40.4362787566351,-86.8815375495873,35,2452.57
3326e01b-3c23-4fa9-bcd3-2acaafb07d2d,40.4320716839268,-86.8557986421634,104,6814.71
32580df6-cf1f-4b44-970a-3d33e8c7feff,40.4190363773722,-86.865304557637,42,2591.3
3326e01b-3c23-4fa9-bcd3-2acaafb07d2d,40.4320913005768,-86.8669995923953,91,5862.13
33064dc1-95a3-4a07-8352-58827f35895b,40.3661716467309,-86.8627622238025,54,4872.74
96c76f87-236b-4d10-a004-d18116c5a5a0,40.4648024842656,-86.9245277129466,92,5483.3
fa3c48c4-e5ed-42ea-a149-8f48abc3adb2,40.3840812806172,-86.8421339254406,100,7992.41
1f1c7703-f37e-4cab-90b2-34b3f54726f7,40.4678332359637,-86.9473175422508,33,2381.82
b2d5f522-ef1c-4f6f-a88e-f9f90dc80c88,40.4674664752053,-86.9472443535478,13,611.28
13bf0b02-f652-4609-943f-dbc509710e91,40.418453,-86.838863,56,4131.86
1f6ab1b9-203d-4800-9c2f-0575ebaff4a6,40.455419,-86.915778,94,2587.71
93c1bdef-1567-4615-ab23-04d3cc324ca3,40.4268305607879,-86.9091735853514,9,757.54
33064dc1-95a3-4a07-8352-58827f35895b,40.3680220645643,-86.8759473503358,97,6958.45
eb71757f-5a3d-4a11-adc1-1d0b0e65c723,40.3987114397307,-86.8941597893144,114,10127.45
1f6ab1b9-203d-4800-9c2f-0575ebaff4a6,40.4293398467301,-86.9119986843035,174,6677.83
0fd3c4b0-ae9d-40b2-a07c-715b3b3b553a,40.3857270675085,-86.9046564321884,85,6370
e0c92e87-ef25-4f24-8979-fce9c3bc02dd,40.457871,-86.961939,21,1669.56
56875f33-4f60-4591-a742-8e882d645c09,40.4285325150448,-86.9110905868563,5,270.25
b2d5f522-ef1c-4f6f-a88e-f9f90dc80c88,40.4669161287088,-86.94552833401,25,828.83
24732034-b22f-40df-870b-590d76e81a8c,40.4012383680931,-86.8084288450551,148,12217.51
a05e2688-6ec0-45d9-a447-37df08b14d0b,40.4278358923588,-86.8454397306303,85,6134.26
3326e01b-3c23-4fa9-bcd3-2acaafb07d2d,40.4320716839267,-86.8805103157989,78,4712.92
f25f38ba-f752-43fd-baec-05c57d7fd482,40.4168785816186,-86.8141476097351,78,8096.93
1f1c7703-f37e-4cab-90b2-34b3f54726f7,40.4646444597628,-86.9362707100076,9,1047.83
e5c0c034-1aae-426b-a8b7-3e19ad8540c5,40.4397723340852,-86.8794507908494,26,1982.94
3326e01b-3c23-4fa9-bcd3-2acaafb07d2d,40.3834958468612,-86.8426098374135,216,14090.26
63c2c448-4a2f-4a35-a796-66b635935f73,40.4200440264985,-86.8858452734039,37,2500.27
4b95220c-b38a-4e29-86e4-87b6928ae673,40.3922746225448,-86.8382879359958,15,1198.8
0bb04145-d02a-46c3-a800-6d0d42233c5c,40.4789279008556,-86.9257195364875,8,558.4
f45e2fd4-e04e-476c-87ff-d079f18a5c71,40.4113726490933,-86.872009212206,27,2591.3
13bf0b02-f652-4609-943f-dbc509710e91,40.4321462807644,-86.8736243434723,154,8912.63
e1d33256-6b3d-4dd2-9b32-5f76612e652a,40.4189954995358,-86.8997621269927,14,776.25
01b692f1-d433-46dc-bbc7-f1ccd7a75e1d,40.4174939376848,-86.867125161482,49,4835.6
28e019d7-aabd-407a-8617-6fb357801f08,40.3937313444733,-86.8491539982824,27,1929.1
56875f33-4f60-4591-a742-8e882d645c09,40.4241454283193,-86.9167349813281,22,1619.44
13bf0b02-f652-4609-943f-dbc509710e91,40.432106218968,-86.8772886803506,155,9222.6
1f1c7703-f37e-4cab-90b2-34b3f54726f7,40.4691112204204,-86.9450821098712,25,2025.59
1f6ab1b9-203d-4800-9c2f-0575ebaff4a6,40.460455213659,-86.9196003477623,75,1685.17
1f1c7703-f37e-4cab-90b2-34b3f54726f7,40.4692605404712,-86.9581552173529,56,3503.24
b811b298-72d9-4efd-9671-3351c62aa1de,40.4467574342251,-86.9404510865428,145,12350.83
eb71757f-5a3d-4a11-adc1-1d0b0e65c723,40.3823344472626,-86.844044647074,9,684.65
a05e2688-6ec0-45d9-a447-37df08b14d0b,40.4230456604981,-86.847125868428,113,6770.02
4b95220c-b38a-4e29-86e4-87b6928ae673,40.4064350851482,-86.8289745701924,95,6457.02
b60e3152-a76d-4f75-998c-5ccb6225d74b,40.4218377424382,-86.8942726787491,127,8198.65
3326e01b-3c23-4fa9-bcd3-2acaafb07d2d,40.4338525617748,-86.8874450716986,60,3798.83
56875f33-4f60-4591-a742-8e882d645c09,40.430362,-86.913149,0,0
13bf0b02-f652-4609-943f-dbc509710e91,40.4263082238121,-86.8471260900417,89,5674.94
d556586f-5536-47a5-9e1f-9ad30028e9c9,40.4608727134662,-86.9245072522276,201,8807.15
24732034-b22f-40df-870b-590d76e81a8c,40.4070355967943,-86.8289626328942,85,6391.9
0bb04145-d02a-46c3-a800-6d0d42233c5c,40.4651710730149,-86.9271293809403,43,3223.64
96c76f87-236b-4d10-a004-d18116c5a5a0,40.4651933126857,-86.9270784778986,99,5719.83
0fd3c4b0-ae9d-40b2-a07c-715b3b3b553a,40.3835241440647,-86.8912039824951,114,8155.87
1f6ab1b9-203d-4800-9c2f-0575ebaff4a6,40.4272222987351,-86.9095966274774,182,6991.8
afbfbe89-3824-47d8-a4f2-727023af88ac,40.4244933534831,-86.9191060731022,75,5320.24
170011b0-977b-444b-a647-c0e01b5f04fb,40.3661578262136,-86.8605404613199,89,7887.16
afbfbe89-3824-47d8-a4f2-727023af88ac,40.4369209070509,-86.8982644146544,34,2149.57
e0c92e87-ef25-4f24-8979-fce9c3bc02dd,40.4598798298731,-86.9620200131139,23,1893.44
1f6ab1b9-203d-4800-9c2f-0575ebaff4a6,40.4303453969697,-86.9130248384006,172,6536.15
96c76f87-236b-4d10-a004-d18116c5a5a0,40.4439376742915,-86.9200684826596,38,2552.84
d556586f-5536-47a5-9e1f-9ad30028e9c9,40.4378610318802,-86.906403363224,100,5224.23
afbfbe89-3824-47d8-a4f2-727023af88ac,40.4542716623691,-86.9031000367388,1,20.7
4b95220c-b38a-4e29-86e4-87b6928ae673,40.3945617115674,-86.837000782942,32,1603.39
c7cc28c1-7c0e-4520-ae19-cb46fb733b6b,40.4572686870466,-86.9310221762978,14,872.03
96c76f87-236b-4d10-a004-d18116c5a5a0,40.446097,-86.91917,49,3016.66
24732034-b22f-40df-870b-590d76e81a8c,40.3991705074855,-86.8086402108109,139,11930.69
0bb04145-d02a-46c3-a800-6d0d42233c5c,40.4649612977153,-86.9264843821704,46,3283.08
d556586f-5536-47a5-9e1f-9ad30028e9c9,40.4237748739088,-86.8930673186748,5,457.44
b811b298-72d9-4efd-9671-3351c62aa1de,40.4482306406433,-86.9452747687226,63,1836.99
dd423f77-d4ba-47f0-98c9-7d78e756d475,40.4135697332604,-86.8866307891339,18,1458.56
24732034-b22f-40df-870b-590d76e81a8c,40.4028151563676,-86.8276334097232,49,3585.67
89055b80-8ef0-49cc-bbe3-6c7d5415021a,40.4184715699238,-86.9064673427622,40,1666.31
96c76f87-236b-4d10-a004-d18116c5a5a0,40.4793810463735,-86.9343417958443,159,10678.56
eb71757f-5a3d-4a11-adc1-1d0b0e65c723,40.3847074482964,-86.9068045731298,90,6818.92
f25f38ba-f752-43fd-baec-05c57d7fd482,40.4207112145848,-86.8948077794795,0,0
01f4d3e9-bd6a-4bca-ab3c-3b44e6831475,40.4191204779586,-86.8942560467206,3,299.15
13bf0b02-f652-4609-943f-dbc509710e91,40.4288250407555,-86.8448822388415,124,6079.78
1f6ab1b9-203d-4800-9c2f-0575ebaff4a6,40.443075474684,-86.9127651699046,117,4027.31
0fd3c4b0-ae9d-40b2-a07c-715b3b3b553a,40.3930258157585,-86.9095041520661,58,4305.24
32580df6-cf1f-4b44-970a-3d33e8c7feff,40.419996468817,-86.8819999186927,21,1143.87
33064dc1-95a3-4a07-8352-58827f35895b,40.3851130143365,-86.8464749858817,14,959.03
01f4d3e9-bd6a-4bca-ab3c-3b44e6831475,40.3834476197839,-86.8950993081831,109,7824.32
24732034-b22f-40df-870b-590d76e81a8c,40.4149517154994,-86.8290840867226,81,5511.16
dd423f77-d4ba-47f0-98c9-7d78e756d475,40.3967590866541,-86.8669195095849,71,4516.75
afbfbe89-3824-47d8-a4f2-727023af88ac,40.4239606847587,-86.9032522710079,53,3769.95
96c76f87-236b-4d10-a004-d18116c5a5a0,40.464727125651,-86.9245556739631,91,5474.6
eb71757f-5a3d-4a11-adc1-1d0b0e65c723,40.3820355233045,-86.8489263930326,13,1108.51
4b95220c-b38a-4e29-86e4-87b6928ae673,40.384024537928,-86.84228319444,5,120.42
e5c0c034-1aae-426b-a8b7-3e19ad8540c5,40.425731897655,-86.8866703380208,52,4077.25
63c2c448-4a2f-4a35-a796-66b635935f73,40.4205395531976,-86.8606029069783,3,169.7
c7cc28c1-7c0e-4520-ae19-cb46fb733b6b,40.4460902777964,-86.9401183390688,57,3888.35
d556586f-5536-47a5-9e1f-9ad30028e9c9,40.4546881428923,-86.9156478213582,154,7381.28
dd423f77-d4ba-47f0-98c9-7d78e756d475,40.4015610316043,-86.8696221020738,63,3886.61
270e300e-042e-44fa-b9c9-e21538746b2f,40.3836949369107,-86.8425845855696,58,5802.58
eb71757f-5a3d-4a11-adc1-1d0b0e65c723,40.3836271739749,-86.8958189384947,67,5148.05
96c76f87-236b-4d10-a004-d18116c5a5a0,40.480853841238,-86.9310822374726,153,10250.9
c7cc28c1-7c0e-4520-ae19-cb46fb733b6b,40.4173404424211,-86.8961858724433,144,10213.14
b60e3152-a76d-4f75-998c-5ccb6225d74b,40.3839897751704,-86.84234867299,3,113.24
1f1c7703-f37e-4cab-90b2-34b3f54726f7,40.4675543134596,-86.954763064665,38,3036.93
002a917d-6cdc-46ab-bb61-4e54c64205ee,40.418233987198,-86.891617621036,60,3997.54
1f1c7703-f37e-4cab-90b2-34b3f54726f7,40.4675604398095,-86.9548878829103,39,3047.5
33064dc1-95a3-4a07-8352-58827f35895b,40.393030188391,-86.8859561732779,148,11106.64
1f1c7703-f37e-4cab-90b2-34b3f54726f7,40.4690931291345,-86.9449092700994,24,2010.84
33064dc1-95a3-4a07-8352-58827f35895b,40.3857372603974,-86.904708828652,171,13513.12
d556586f-5536-47a5-9e1f-9ad30028e9c9,40.4606471333665,-86.9327896289918,233,9520.2
3326e01b-3c23-4fa9-bcd3-2acaafb07d2d,40.3891116465783,-86.8386906491705,203,13300.99
3326e01b-3c23-4fa9-bcd3-2acaafb07d2d,40.4280649822982,-86.8451539143301,119,8185.34
13bf0b02-f652-4609-943f-dbc509710e91,40.3986855883536,-86.8384301876064,31,1919.94
002a917d-6cdc-46ab-bb61-4e54c64205ee,40.4128845540914,-86.8864565795081,42,2980.39
0fd3c4b0-ae9d-40b2-a07c-715b3b3b553a,40.4200068961025,-86.8954882111823,1,97.15
e0c92e87-ef25-4f24-8979-fce9c3bc02dd,40.4672458724378,-86.9410610617049,42,4489.53
b60e3152-a76d-4f75-998c-5ccb6225d74b,40.4155914089415,-86.8766533054246,92,6168.7
1f1c7703-f37e-4cab-90b2-34b3f54726f7,40.452416637892,-86.9621181743528,78,5709.47
1f6ab1b9-203d-4800-9c2f-0575ebaff4a6,40.4553141807122,-86.9157158042844,95,2600.49
d556586f-5536-47a5-9e1f-9ad30028e9c9,40.4604822200587,-86.9162760194313,168,8085.87
33064dc1-95a3-4a07-8352-58827f35895b,40.385733244537,-86.9033433195068,172,13628.7
93c1bdef-1567-4615-ab23-04d3cc324ca3,40.4265762757942,-86.9057295967827,16,1055.64
092fb563-ae54-468c-ae0c-1f4db815f671,40.4672703425449,-86.9413146043607,32,1254.19
b811b298-72d9-4efd-9671-3351c62aa1de,40.4304302261053,-86.9318251202435,81,4182.04
092fb563-ae54-468c-ae0c-1f4db815f671,40.4668784740257,-86.9470820631846,21,691.28
170011b0-977b-444b-a647-c0e01b5f04fb,40.3849561772769,-86.8415537182961,127,12714.45
d556586f-5536-47a5-9e1f-9ad30028e9c9,40.4293452459183,-86.9117512948365,55,2816.57
56875f33-4f60-4591-a742-8e882d645c09,40.4504072934632,-86.924474354057,65,5423.67
e1d33256-6b3d-4dd2-9b32-5f76612e652a,40.4182218168263,-86.8952673105384,4,375.91
002a917d-6cdc-46ab-bb61-4e54c64205ee,40.4108300689985,-86.8834773131719,37,2636.75
01f4d3e9-bd6a-4bca-ab3c-3b44e6831475,40.4184068093495,-86.8942580695836,4,378.45
01f4d3e9-bd6a-4bca-ab3c-3b44e6831475,40.3817025054516,-86.8689539652439,137,10096.52
0bb04145-d02a-46c3-a800-6d0d42233c5c,40.4404571214601,-86.9183351323725,106,6840.53
0bb04145-d02a-46c3-a800-6d0d42233c5c,40.4653974360761,-86.9288260319526,35,3047.07
d556586f-5536-47a5-9e1f-9ad30028e9c9,40.4417674915394,-86.9107575183548,113,5798.95
e5c0c034-1aae-426b-a8b7-3e19ad8540c5,40.439548,-86.874389,12,1246.54
170011b0-977b-444b-a647-c0e01b5f04fb,40.3878979044837,-86.8992445681339,9,550.51
1f6ab1b9-203d-4800-9c2f-0575ebaff4a6,40.4459661558707,-86.9142600720748,110,3679.09
eb71757f-5a3d-4a11-adc1-1d0b0e65c723,40.4008562448851,-86.8932408635214,116,10378.57
0fd3c4b0-ae9d-40b2-a07c-715b3b3b553a,40.3835438420501,-86.8987801312673,102,7505.55
32580df6-cf1f-4b44-970a-3d33e8c7feff,40.4200190643484,-86.8861277279149,13,791.19
33064dc1-95a3-4a07-8352-58827f35895b,40.3672188268624,-86.8638734464108,78,5821.04
dd423f77-d4ba-47f0-98c9-7d78e756d475,40.416797,-86.886797,16,1098.83
13bf0b02-f652-4609-943f-dbc509710e91,40.411332888422,-86.8387575676217,47,3331.79
1f6ab1b9-203d-4800-9c2f-0575ebaff4a6,40.4474762519521,-86.915362983649,105,3484.09
0bb04145-d02a-46c3-a800-6d0d42233c5c,40.44281,-86.919553,103,6558.13
b60e3152-a76d-4f75-998c-5ccb6225d74b,40.4182623856417,-86.8813377399801,106,6701.39
3326e01b-3c23-4fa9-bcd3-2acaafb07d2d,40.4297863050317,-86.887024069428,30,1803.75
24732034-b22f-40df-870b-590d76e81a8c,40.3883677952509,-86.814294565576,118,10216.8
3fa1788a-9312-405f-9fad-405ff4e7cdb3,40.4497055147315,-86.9007832916055,69,4217.78
1f6ab1b9-203d-4800-9c2f-0575ebaff4a6,40.4299490400885,-86.9126743269528,173,6589.24
f25f38ba-f752-43fd-baec-05c57d7fd482,40.4175390840761,-86.8369781103008,53,5256.61
f45e2fd4-e04e-476c-87ff-d079f18a5c71,40.3900854397423,-86.841176943147,88,7068.16
002a917d-6cdc-46ab-bb61-4e54c64205ee,40.41823524664,-86.8954520182888,64,4322.2
d556586f-5536-47a5-9e1f-9ad30028e9c9,40.4606737590259,-86.9199737912063,180,8409.12
d556586f-5536-47a5-9e1f-9ad30028e9c9,40.4607108154234,-86.9203862830893,185,8451.16
e1d33256-6b3d-4dd2-9b32-5f76612e652a,40.4193120384568,-86.9001254260325,15,822.96
0fd3c4b0-ae9d-40b2-a07c-715b3b3b553a,40.3926265329075,-86.9046496094471,54,3891.21
1f6ab1b9-203d-4800-9c2f-0575ebaff4a6,40.4605558865622,-86.9307033238947,26,719.65
33064dc1-95a3-4a07-8352-58827f35895b,40.3879836083535,-86.8858710440778,152,11670.83
4b95220c-b38a-4e29-86e4-87b6928ae673,40.4155771540709,-86.827910130444,82,5306.94
4b95220c-b38a-4e29-86e4-87b6928ae673,40.4069534598533,-86.8288900144189,70,4088.02
0a1d1408-7910-4fd5-b3f7-3ce7064b408b,40.4242328804234,-86.9219445387959,18,1437.96
c7cc28c1-7c0e-4520-ae19-cb46fb733b6b,40.41822724528,-86.8952083180243,148,10762.84
c7cc28c1-7c0e-4520-ae19-cb46fb733b6b,40.4540698188331,-86.9285637834144,19,1290.36
56875f33-4f60-4591-a742-8e882d645c09,40.4245414092864,-86.9190750669882,25,1860.11
170011b0-977b-444b-a647-c0e01b5f04fb,40.3865689428263,-86.8569986464411,112,10972.07
a05e2688-6ec0-45d9-a447-37df08b14d0b,40.4272933860039,-86.8468659844044,94,6273.42
f45e2fd4-e04e-476c-87ff-d079f18a5c71,40.4059255365089,-86.8650580564176,34,3439.01
f45e2fd4-e04e-476c-87ff-d079f18a5c71,40.4002382380723,-86.857076525786,44,4368.55
0bb04145-d02a-46c3-a800-6d0d42233c5c,40.4389686830674,-86.9174215263013,108,7023.17
002a917d-6cdc-46ab-bb61-4e54c64205ee,40.4129066667023,-86.8865433035299,43,2988.13
28e019d7-aabd-407a-8617-6fb357801f08,40.3904035588062,-86.8417224956536,15,1115.81
01f4d3e9-bd6a-4bca-ab3c-3b44e6831475,40.3834648994678,-86.8955238403504,106,7784.29
d556586f-5536-47a5-9e1f-9ad30028e9c9,40.4606839897544,-86.9298513411487,220,9264.12
c7cc28c1-7c0e-4520-ae19-cb46fb733b6b,40.439982913517,-86.9393475984918,75,5068.37
4e025ba5-8f41-4b28-a28d-f15951c5a468,40.446512432772,-86.9446046836641,31,5499.53
13bf0b02-f652-4609-943f-dbc509710e91,40.4283397380137,-86.8449297699711,119,6017.83
3fa1788a-9312-405f-9fad-405ff4e7cdb3,40.426627249348,-86.9062190481017,14,1020.2
13bf0b02-f652-4609-943f-dbc509710e91,40.4270458424389,-86.8471358343561,104,5770
33064dc1-95a3-4a07-8352-58827f35895b,40.3672188268624,-86.8651725787765,79,5931.03
33064dc1-95a3-4a07-8352-58827f35895b,40.3658298706875,-86.862726977065,74,5575.53
d556586f-5536-47a5-9e1f-9ad30028e9c9,40.4607083177989,-86.921175236772,192,8519.79
a05e2688-6ec0-45d9-a447-37df08b14d0b,40.423230650039,-86.847125868428,111,6749.1
13bf0b02-f652-4609-943f-dbc509710e91,40.4208801188833,-86.8391659667453,59,4415.02
b2d5f522-ef1c-4f6f-a88e-f9f90dc80c88,40.4395693770779,-86.9178265553018,53,4984.28
f25f38ba-f752-43fd-baec-05c57d7fd482,40.4174520270404,-86.8587332357513,39,3410.22
b60e3152-a76d-4f75-998c-5ccb6225d74b,40.4182667025358,-86.8799825649123,103,6586.4
092fb563-ae54-468c-ae0c-1f4db815f671,40.4513874468649,-86.9261346361073,51,3483.35
89055b80-8ef0-49cc-bbe3-6c7d5415021a,40.4187888846401,-86.9041741765402,31,1453.2
0a1d1408-7910-4fd5-b3f7-3ce7064b408b,40.4200414876407,-86.8925324660945,78,4959.7
b2d5f522-ef1c-4f6f-a88e-f9f90dc80c88,40.4506585535488,-86.9252360184716,46,3594.19
96c76f87-236b-4d10-a004-d18116c5a5a0,40.451946217825,-86.9225077002386,65,3873.02
32580df6-cf1f-4b44-970a-3d33e8c7feff,40.4200314233495,-86.8820887524374,20,1135.41
e0c92e87-ef25-4f24-8979-fce9c3bc02dd,40.4576139886138,-86.9619882845975,20,1640.7
4b95220c-b38a-4e29-86e4-87b6928ae673,40.3839638695986,-86.8423818044747,4,109.69
0fd3c4b0-ae9d-40b2-a07c-715b3b3b553a,40.3944397431237,-86.9002058722909,44,3427.39
f45e2fd4-e04e-476c-87ff-d079f18a5c71,40.39185,-86.84846,75,5938.18
96c76f87-236b-4d10-a004-d18116c5a5a0,40.431117,-86.913622,11,975.64
9172832a-d99f-4400-b801-baf4cfd054b7,40.4500551961904,-86.9418281556195,11,535.01
e8cb7b35-8b91-4734-bc08-322ef94d7dcd,40.4529971238239,-86.9589429534611,1,9.96
1f6ab1b9-203d-4800-9c2f-0575ebaff4a6,40.460603,-86.925062,46,1205.21
b811b298-72d9-4efd-9671-3351c62aa1de,40.4477041487826,-86.9444579554526,132,11530.44
b811b298-72d9-4efd-9671-3351c62aa1de,40.4302384215735,-86.9191072534983,108,8044.7
01b692f1-d433-46dc-bbc7-f1ccd7a75e1d,40.4176601587312,-86.8442481003939,32,2895.16
9172832a-d99f-4400-b801-baf4cfd054b7,40.4409282788724,-86.9405336661484,76,2795.8
d556586f-5536-47a5-9e1f-9ad30028e9c9,40.4266627506122,-86.9039474760064,38,2044.13
1f6ab1b9-203d-4800-9c2f-0575ebaff4a6,40.4361665878151,-86.905882251851,142,5020.43
89055b80-8ef0-49cc-bbe3-6c7d5415021a,40.4195471623287,-86.9009249879668,21,1158.06
d556586f-5536-47a5-9e1f-9ad30028e9c9,40.4350263335797,-86.9058213619155,92,4902.43
e1d33256-6b3d-4dd2-9b32-5f76612e652a,40.4422871585828,-86.9419908082976,85,5920.96
93c1bdef-1567-4615-ab23-04d3cc324ca3,40.4498814824977,-86.9008774853657,58,4247.69
d556586f-5536-47a5-9e1f-9ad30028e9c9,40.4236935788301,-86.893123169635,4,447.25
3326e01b-3c23-4fa9-bcd3-2acaafb07d2d,40.4288725866479,-86.8449085012346,114,8090.98
24732034-b22f-40df-870b-590d76e81a8c,40.3949915644889,-86.809756871058,107,9328.14
13bf0b02-f652-4609-943f-dbc509710e91,40.42689246107,-86.8471626997771,102,5752.8
1f6ab1b9-203d-4800-9c2f-0575ebaff4a6,40.46056377607,-86.9246477920784,51,1244.04
13bf0b02-f652-4609-943f-dbc509710e91,40.43219,-86.862337,141,7947.16
1f6ab1b9-203d-4800-9c2f-0575ebaff4a6,40.4251594303937,-86.8947721717384,209,8305.63
56875f33-4f60-4591-a742-8e882d645c09,40.428627,-86.911277,4,251.31
1f6ab1b9-203d-4800-9c2f-0575ebaff4a6,40.4573367435666,-86.9337656253125,4,48.5
b811b298-72d9-4efd-9671-3351c62aa1de,40.4460098115212,-86.9404455685881,144,12267.75
0fd3c4b0-ae9d-40b2-a07c-715b3b3b553a,40.3815899588916,-86.8802037888478,127,9136.64
3326e01b-3c23-4fa9-bcd3-2acaafb07d2d,40.420862935533,-86.8390751827428,173,9751
0bb04145-d02a-46c3-a800-6d0d42233c5c,40.438373,-86.917026,110,7097.98
a05e2688-6ec0-45d9-a447-37df08b14d0b,40.4215426016202,-86.846491792535,118,6950.72
3fa1788a-9312-405f-9fad-405ff4e7cdb3,40.4296406277655,-86.900187088953,30,1865.25
b60e3152-a76d-4f75-998c-5ccb6225d74b,40.3893031567733,-86.8394717235345,12,888.38
d556586f-5536-47a5-9e1f-9ad30028e9c9,40.4253179088424,-86.8932842846682,24,1106.9
4e025ba5-8f41-4b28-a28d-f15951c5a468,40.430845250513,-86.9319997955559,22,3438.73
170011b0-977b-444b-a647-c0e01b5f04fb,40.3861695114302,-86.9033493381821,0,0
93c1bdef-1567-4615-ab23-04d3cc324ca3,40.43723594362,-86.8993279353777,43,2782.4
f45e2fd4-e04e-476c-87ff-d079f18a5c71,40.391506537559,-86.8489767815127,73,5879.88
33064dc1-95a3-4a07-8352-58827f35895b,40.3808153819958,-86.8762011883224,112,8392.28
e1d33256-6b3d-4dd2-9b32-5f76612e652a,40.4207112145848,-86.8948077794795,0,0
01b692f1-d433-46dc-bbc7-f1ccd7a75e1d,40.4173913530442,-86.8783715175776,59,5791.89
cf98ced7-c172-4e65-98ed-b92c8d5118ed,40.3820600782983,-86.8445814647153,11,740.57
dd423f77-d4ba-47f0-98c9-7d78e756d475,40.4039025124813,-86.8731638494558,55,3485.72
eb71757f-5a3d-4a11-adc1-1d0b0e65c723,40.3817468925799,-86.8757640859281,36,3387.94
24732034-b22f-40df-870b-590d76e81a8c,40.3902523197922,-86.813959154444,114,10002.4
b60e3152-a76d-4f75-998c-5ccb6225d74b,40.3838336966487,-86.8425177176988,2,90.76
afbfbe89-3824-47d8-a4f2-727023af88ac,40.4241096078885,-86.9155582363927,70,4987.07
dd423f77-d4ba-47f0-98c9-7d78e756d475,40.409988731578,-86.8841454116224,30,2060.18
d556586f-5536-47a5-9e1f-9ad30028e9c9,40.46060028166,-86.9329227460106,234,9532.6
a05e2688-6ec0-45d9-a447-37df08b14d0b,40.384837358683,-86.8414263277862,174,11781.87
9172832a-d99f-4400-b801-baf4cfd054b7,40.4463900083459,-86.9446063626152,67,2086.23
01b692f1-d433-46dc-bbc7-f1ccd7a75e1d,40.4182524153303,-86.8868151439044,74,6550.16
96c76f87-236b-4d10-a004-d18116c5a5a0,40.4655459097307,-86.9317770186358,124,6287.88
4b95220c-b38a-4e29-86e4-87b6928ae673,40.403028089054,-86.8299215799432,45,3385.95
e0c92e87-ef25-4f24-8979-fce9c3bc02dd,40.4650768361367,-86.9370451380568,48,4913.47
96c76f87-236b-4d10-a004-d18116c5a5a0,40.4460140008666,-86.9192215112529,48,3006.46
e1d33256-6b3d-4dd2-9b32-5f76612e652a,40.4240222996671,-86.9114694385519,41,1991.13
0bb04145-d02a-46c3-a800-6d0d42233c5c,40.4607083177989,-86.924766714857,59,3920.56
33064dc1-95a3-4a07-8352-58827f35895b,40.3653509136458,-86.8625473735122,72,5519.98
96c76f87-236b-4d10-a004-d18116c5a5a0,40.440325394884,-86.9181048907151,33,2113.57
13bf0b02-f652-4609-943f-dbc509710e91,40.4321740229963,-86.8588948392681,137,7654.31
e0c92e87-ef25-4f24-8979-fce9c3bc02dd,40.4596405316558,-86.9373075639047,62,5709.35
d556586f-5536-47a5-9e1f-9ad30028e9c9,40.4386508837762,-86.9071087928684,104,5332.68
4b95220c-b38a-4e29-86e4-87b6928ae673,40.4028643830502,-86.8279108836409,50,3561.76
9172832a-d99f-4400-b801-baf4cfd054b7,40.4480967890834,-86.9445348379939,58,1773.57
170011b0-977b-444b-a647-c0e01b5f04fb,40.3784401322335,-86.8761647957295,56,5203.13
170011b0-977b-444b-a647-c0e01b5f04fb,40.3658670799089,-86.860552870932,92,7928.69
33064dc1-95a3-4a07-8352-58827f35895b,40.365177575973,-86.8624156642401,71,5497.72
a05e2688-6ec0-45d9-a447-37df08b14d0b,40.3963862595788,-86.8385108911104,159,10397.78
0bb04145-d02a-46c3-a800-6d0d42233c5c,40.4609592703238,-86.924590066035,56,3888.49
0fd3c4b0-ae9d-40b2-a07c-715b3b3b553a,40.383548829298,-86.894561351391,110,7871.22
b2d5f522-ef1c-4f6f-a88e-f9f90dc80c88,40.4701290253911,-86.9456064283116,6,260.36
3bbf4832-650a-47e3-8118-13ea10ec264c,40.4486867533507,-86.8779551253247,8,937.03
270e300e-042e-44fa-b9c9-e21538746b2f,40.4030087889779,-86.8141957615546,16,1408.19
c7cc28c1-7c0e-4520-ae19-cb46fb733b6b,40.4461383555791,-86.9268890050599,51,2768.62
1f6ab1b9-203d-4800-9c2f-0575ebaff4a6,40.4575379230798,-86.9341279259613,0,0
1f1c7703-f37e-4cab-90b2-34b3f54726f7,40.4693791969341,-86.956118604897,50,3320.31
e0c92e87-ef25-4f24-8979-fce9c3bc02dd,40.4674007777971,-86.9495004440862,35,3770.95
e5c0c034-1aae-426b-a8b7-3e19ad8540c5,40.4378177866325,-86.8661421838524,2,343.04
3326e01b-3c23-4fa9-bcd3-2acaafb07d2d,40.422714857095,-86.8868375882457,15,1014.75
b811b298-72d9-4efd-9671-3351c62aa1de,40.4314396959267,-86.9298634900898,115,9094.76
e0c92e87-ef25-4f24-8979-fce9c3bc02dd,40.461172318244,-86.9376657080395,57,5530.56
56875f33-4f60-4591-a742-8e882d645c09,40.4257879720566,-86.908047988368,8,669.69
89055b80-8ef0-49cc-bbe3-6c7d5415021a,40.4182799982769,-86.8977972619418,7,789.88
eb71757f-5a3d-4a11-adc1-1d0b0e65c723,40.3819257615797,-86.8862793634309,46,4282.74
3326e01b-3c23-4fa9-bcd3-2acaafb07d2d,40.432774576091,-86.8880629126161,44,2568.46
24732034-b22f-40df-870b-590d76e81a8c,40.3928943657326,-86.8101002823972,127,11124.31
13bf0b02-f652-4609-943f-dbc509710e91,40.4275428077114,-86.845816569152,114,5900.46
eb71757f-5a3d-4a11-adc1-1d0b0e65c723,40.4084012316012,-86.8929541862989,124,11222.59
eb71757f-5a3d-4a11-adc1-1d0b0e65c723,40.3820401965253,-86.8869391483159,49,4340.97
b60e3152-a76d-4f75-998c-5ccb6225d74b,40.3928615002293,-86.8480478865085,46,2563.83
24732034-b22f-40df-870b-590d76e81a8c,40.3949752428653,-86.8372973621565,35,1678.69
13bf0b02-f652-4609-943f-dbc509710e91,40.4183741646952,-86.8389216395432,55,4121.79
a05e2688-6ec0-45d9-a447-37df08b14d0b,40.4290951328465,-86.8449160949578,76,5978.98
a05e2688-6ec0-45d9-a447-37df08b14d0b,40.432045,-86.873718,47,3204.39
9172832a-d99f-4400-b801-baf4cfd054b7,40.4311813083567,-86.9305924430709,92,4340.74
56875f33-4f60-4591-a742-8e882d645c09,40.4691120298802,-86.9438283527705,85,8177.83
96c76f87-236b-4d10-a004-d18116c5a5a0,40.478899137077,-86.9246896200776,143,9621.28
0bb04145-d02a-46c3-a800-6d0d42233c5c,40.4372459426549,-86.9158288248366,113,7260.58
b811b298-72d9-4efd-9671-3351c62aa1de,40.4314916486214,-86.9191101584362,109,8183.96
e1d33256-6b3d-4dd2-9b32-5f76612e652a,40.4210143042215,-86.9014207661999,27,1051.34
13bf0b02-f652-4609-943f-dbc509710e91,40.4265921279383,-86.8470628295215,98,5714.38
f25f38ba-f752-43fd-baec-05c57d7fd482,40.4174536498338,-86.8642709099534,31,2939.97
f45e2fd4-e04e-476c-87ff-d079f18a5c71,40.3932896490866,-86.848649641791,60,5514.64
dd423f77-d4ba-47f0-98c9-7d78e756d475,40.4000487337126,-86.8674384690019,64,4136.38
96c76f87-236b-4d10-a004-d18116c5a5a0,40.4660896067679,-86.9283655653974,109,5896.16
b811b298-72d9-4efd-9671-3351c62aa1de,40.4308720887596,-86.9315766235919,119,9254.31
c7cc28c1-7c0e-4520-ae19-cb46fb733b6b,40.4240934887021,-86.9172436713025,110,8148.18
56875f33-4f60-4591-a742-8e882d645c09,40.4721197767329,-86.9456879464202,93,8651.54
0bb04145-d02a-46c3-a800-6d0d42233c5c,40.4606211460007,-86.9247398927653,60,3930.51
a05e2688-6ec0-45d9-a447-37df08b14d0b,40.432098656819,-86.884669196083,35,2272.97
93c1bdef-1567-4615-ab23-04d3cc324ca3,40.4482721881165,-86.8996508864745,56,4040.45
4e025ba5-8f41-4b28-a28d-f15951c5a468,40.4477098101347,-86.9453200416769,43,5876.13
d556586f-5536-47a5-9e1f-9ad30028e9c9,40.4331921277758,-86.9151353047143,66,3346.91
f45e2fd4-e04e-476c-87ff-d079f18a5c71,40.4004409173678,-86.8572605628624,43,4341.17
01f4d3e9-bd6a-4bca-ab3c-3b44e6831475,40.3818261083197,-86.860694248374,144,10799.2
b811b298-72d9-4efd-9671-3351c62aa1de,40.4475539457133,-86.9390959656722,3,42.04
0bb04145-d02a-46c3-a800-6d0d42233c5c,40.4616733581651,-86.9246160182664,52,3808.05
96c76f87-236b-4d10-a004-d18116c5a5a0,40.4648753977363,-86.9245701101463,93,5492.16
01f4d3e9-bd6a-4bca-ab3c-3b44e6831475,40.3872529028697,-86.9121668938679,67,5352.64
c7cc28c1-7c0e-4520-ae19-cb46fb733b6b,40.430436303032,-86.9321046843409,90,6300.88
b60e3152-a76d-4f75-998c-5ccb6225d74b,40.4106198295187,-86.8710957193583,83,5435.77
270e300e-042e-44fa-b9c9-e21538746b2f,40.403042161646,-86.8365676305632,27,3305.72
3326e01b-3c23-4fa9-bcd3-2acaafb07d2d,40.3896013727331,-86.8384744176327,202,13243.58
01b692f1-d433-46dc-bbc7-f1ccd7a75e1d,40.417737481742,-86.8398018704686,28,2517.13
170011b0-977b-444b-a647-c0e01b5f04fb,40.387916,-86.890443,17,1299.26
3326e01b-3c23-4fa9-bcd3-2acaafb07d2d,40.4231493243834,-86.8471485164753,148,8844.54
f45e2fd4-e04e-476c-87ff-d079f18a5c71,40.4115960749712,-86.87224539372,25,2559.1
eb71757f-5a3d-4a11-adc1-1d0b0e65c723,40.3817785977108,-86.8684994828479,28,2769.18
e1d33256-6b3d-4dd2-9b32-5f76612e652a,40.4305083793518,-86.9317407014987,70,4328.74
56875f33-4f60-4591-a742-8e882d645c09,40.4570353756151,-86.9303660045136,75,6320.68
24732034-b22f-40df-870b-590d76e81a8c,40.3907106652722,-86.8135010809327,112,9938.16
e0c92e87-ef25-4f24-8979-fce9c3bc02dd,40.459706,-86.937326,61,5701.91
13bf0b02-f652-4609-943f-dbc509710e91,40.432191,-86.870874,150,8675.31
1f6ab1b9-203d-4800-9c2f-0575ebaff4a6,40.4606370401021,-86.9250197243959,47,1210.41
3326e01b-3c23-4fa9-bcd3-2acaafb07d2d,40.4208373085703,-86.8394562079288,170,9717.19
b811b298-72d9-4efd-9671-3351c62aa1de,40.4471896472566,-86.9395476280664,148,12441.83
d556586f-5536-47a5-9e1f-9ad30028e9c9,40.4261650675466,-86.891456046688,17,894.17
a05e2688-6ec0-45d9-a447-37df08b14d0b,40.3901904908202,-86.8384855614007,165,11091.86
f45e2fd4-e04e-476c-87ff-d079f18a5c71,40.3993542042227,-86.8557656155344,48,4518.6
01b692f1-d433-46dc-bbc7-f1ccd7a75e1d,40.4182492049304,-86.8886452441499,77,6705.35
ade7b7b0-935b-439e-966d-c3f250810c1a,40.4570204138302,-86.8760347197267,48,4585.42
b811b298-72d9-4efd-9671-3351c62aa1de,40.4312186160014,-86.9306581799668,116,9166.33
4e025ba5-8f41-4b28-a28d-f15951c5a468,40.4240813101271,-86.9118721362696,4,908.28
a05e2688-6ec0-45d9-a447-37df08b14d0b,40.432107779382,-86.8480645812755,69,5382.43
0fd3c4b0-ae9d-40b2-a07c-715b3b3b553a,40.3818433214332,-86.8844209244502,123,8776.35
a05e2688-6ec0-45d9-a447-37df08b14d0b,40.4250487233,-86.8471410558745,110,6547.07
c7cc28c1-7c0e-4520-ae19-cb46fb733b6b,40.4199199170212,-86.9006894823957,130,9713.04
3326e01b-3c23-4fa9-bcd3-2acaafb07d2d,40.4320695825343,-86.8843285536525,72,4388.29
13bf0b02-f652-4609-943f-dbc509710e91,40.3871141265384,-86.8401537551072,16,588.62
96c76f87-236b-4d10-a004-d18116c5a5a0,40.4667805574843,-86.9317292665193,126,6426.07
e1d33256-6b3d-4dd2-9b32-5f76612e652a,40.4279314345233,-86.9307330509948,62,4025.27
33064dc1-95a3-4a07-8352-58827f35895b,40.3954314331051,-86.8832614322256,140,10605.15
270e300e-042e-44fa-b9c9-e21538746b2f,40.384847031775,-86.8414252252341,53,5599.51
3326e01b-3c23-4fa9-bcd3-2acaafb07d2d,40.4320863964148,-86.8738934760585,82,5275.3
eb71757f-5a3d-4a11-adc1-1d0b0e65c723,40.3830363038111,-86.8427490938001,0,0
3fa1788a-9312-405f-9fad-405ff4e7cdb3,40.4538664029678,-86.903086160931,77,4755.26
002a917d-6cdc-46ab-bb61-4e54c64205ee,40.40322570668,-86.8720915592689,12,1109.57
b811b298-72d9-4efd-9671-3351c62aa1de,40.4240813101271,-86.9118721362696,103,6761.04
3fa1788a-9312-405f-9fad-405ff4e7cdb3,40.4371008537472,-86.8993031620564,49,2778.56
96c76f87-236b-4d10-a004-d18116c5a5a0,40.4678511424827,-86.934744000346,129,6795.93
e0c92e87-ef25-4f24-8979-fce9c3bc02dd,40.4604390775219,-86.9372755687395,59,5620.09
d556586f-5536-47a5-9e1f-9ad30028e9c9,40.4321398279357,-86.914785612549,60,3221.64
96c76f87-236b-4d10-a004-d18116c5a5a0,40.4502391623282,-86.9195209827038,56,3486.15
e1d33256-6b3d-4dd2-9b32-5f76612e652a,40.4201584764783,-86.8942810666627,1,75.88
b60e3152-a76d-4f75-998c-5ccb6225d74b,40.3836685595871,-86.8425724756716,1,71.83
b2d5f522-ef1c-4f6f-a88e-f9f90dc80c88,40.4539232614685,-86.9284288186611,43,3140.8
fa3c48c4-e5ed-42ea-a149-8f48abc3adb2,40.4050837237778,-86.8637571732524,36,3584.47
d556586f-5536-47a5-9e1f-9ad30028e9c9,40.4606526453302,-86.9296373817626,217,9244.16
33064dc1-95a3-4a07-8352-58827f35895b,40.3867555128817,-86.8522677806412,22,1629.71
1f6ab1b9-203d-4800-9c2f-0575ebaff4a6,40.4605500827614,-86.9266367232779,41,1071.48
e0c92e87-ef25-4f24-8979-fce9c3bc02dd,40.4455782186304,-86.9615554576486,7,291.61
c7cc28c1-7c0e-4520-ae19-cb46fb733b6b,40.4501572014171,-86.925029155676,35,1830.17
4b95220c-b38a-4e29-86e4-87b6928ae673,40.4042391475097,-86.8277695705262,58,3750.61
b60e3152-a76d-4f75-998c-5ccb6225d74b,40.3915032604688,-86.8489757304724,41,2361.33
a05e2688-6ec0-45d9-a447-37df08b14d0b,40.4179066636917,-86.8390657766615,140,7994.68
3fa1788a-9312-405f-9fad-405ff4e7cdb3,40.4465293409201,-86.8993341261406,65,3834.52
e5c0c034-1aae-426b-a8b7-3e19ad8540c5,40.4257966831801,-86.8824427951838,50,3719.56
33064dc1-95a3-4a07-8352-58827f35895b,40.3870539689939,-86.8506843476323,17,1483.02
0fd3c4b0-ae9d-40b2-a07c-715b3b3b553a,40.4163702683192,-86.8932114875016,13,688.78
96c76f87-236b-4d10-a004-d18116c5a5a0,40.4790900513717,-86.9261191835144,146,9746.79
13bf0b02-f652-4609-943f-dbc509710e91,40.4320824131986,-86.8833567794372,165,9738.84
f45e2fd4-e04e-476c-87ff-d079f18a5c71,40.3916220687341,-86.8495449243772,68,5825.16
f45e2fd4-e04e-476c-87ff-d079f18a5c71,40.4173357374308,-86.8859952067172,14,1099.35
b2d5f522-ef1c-4f6f-a88e-f9f90dc80c88,40.4645505235761,-86.9366068177458,35,1766.35
e0c92e87-ef25-4f24-8979-fce9c3bc02dd,40.4533786953303,-86.9619746866618,16,1168.27
13bf0b02-f652-4609-943f-dbc509710e91,40.3849566068054,-86.8415147432842,12,300.56
e8cb7b35-8b91-4734-bc08-322ef94d7dcd,40.4529190983791,-86.9608497729396,17,451.73
b2d5f522-ef1c-4f6f-a88e-f9f90dc80c88,40.4306242480957,-86.9133258017513,63,6088.39
170011b0-977b-444b-a647-c0e01b5f04fb,40.3670532614004,-86.8732818175058,72,6698.67
e1d33256-6b3d-4dd2-9b32-5f76612e652a,40.4220225340626,-86.9043225391069,33,1322.36
1f6ab1b9-203d-4800-9c2f-0575ebaff4a6,40.4313901018885,-86.9141654324074,167,6380.46
0fd3c4b0-ae9d-40b2-a07c-715b3b3b553a,40.3851357331953,-86.9114240653172,71,5599.89
270e300e-042e-44fa-b9c9-e21538746b2f,40.3839360156602,-86.842421342304,56,5772.27
d556586f-5536-47a5-9e1f-9ad30028e9c9,40.4253732516124,-86.8998072321689,28,1659.42
0fd3c4b0-ae9d-40b2-a07c-715b3b3b553a,40.3835286843596,-86.8959353507843,105,7748.74
b60e3152-a76d-4f75-998c-5ccb6225d74b,40.3913824437331,-86.8436927634403,17,1315.17
a05e2688-6ec0-45d9-a447-37df08b14d0b,40.4255072097348,-86.886930675566,21,1327.93
a05e2688-6ec0-45d9-a447-37df08b14d0b,40.4008856654695,-86.8386074506406,153,9896.02
092fb563-ae54-468c-ae0c-1f4db815f671,40.4670432208991,-86.9404893246924,33,1328.38
c7cc28c1-7c0e-4520-ae19-cb46fb733b6b,40.4241239214248,-86.9174114007522,109,8133.59
13bf0b02-f652-4609-943f-dbc509710e91,40.4206141861465,-86.8460008864339,73,5015.12
24732034-b22f-40df-870b-590d76e81a8c,40.4138466692181,-86.827811777892,70,4959.41
13bf0b02-f652-4609-943f-dbc509710e91,40.4265188412167,-86.8470383711814,95,5705.73
32580df6-cf1f-4b44-970a-3d33e8c7feff,40.4199953410598,-86.8840160529634,17,971.41
89055b80-8ef0-49cc-bbe3-6c7d5415021a,40.4195118227649,-86.9102819419904,48,2103.64
3326e01b-3c23-4fa9-bcd3-2acaafb07d2d,40.4343867542226,-86.8874055254327,39,2375.85
eb71757f-5a3d-4a11-adc1-1d0b0e65c723,40.3822999940578,-86.8874060730043,50,4389.91
9172832a-d99f-4400-b801-baf4cfd054b7,40.448253909205,-86.9451940841821,62,1843.27
33064dc1-95a3-4a07-8352-58827f35895b,40.366158,-86.861817,55,4952.78
d556586f-5536-47a5-9e1f-9ad30028e9c9,40.460750896811,-86.9257128951349,207,8911.6
4b95220c-b38a-4e29-86e4-87b6928ae673,40.3941380150478,-86.837079345506,29,1555.46
d556586f-5536-47a5-9e1f-9ad30028e9c9,40.4308657348781,-86.9104264697537,75,4022.52
0fd3c4b0-ae9d-40b2-a07c-715b3b3b553a,40.3847414484466,-86.9099998122454,80,5798.23
a05e2688-6ec0-45d9-a447-37df08b14d0b,40.4320608844589,-86.882387500454,38,2466.42
d556586f-5536-47a5-9e1f-9ad30028e9c9,40.4548000782483,-86.9156875796119,155,7394.16
4b95220c-b38a-4e29-86e4-87b6928ae673,40.405197356448,-86.8278219847005,61,3858.7
d556586f-5536-47a5-9e1f-9ad30028e9c9,40.428189733551,-86.9105403427797,52,2652
96c76f87-236b-4d10-a004-d18116c5a5a0,40.4604367205774,-86.9245212763434,78,4988.49
170011b0-977b-444b-a647-c0e01b5f04fb,40.3751079775247,-86.8761373650386,60,5575.72
0bb04145-d02a-46c3-a800-6d0d42233c5c,40.4678702731308,-86.9306707865345,19,2375.81
b60e3152-a76d-4f75-998c-5ccb6225d74b,40.3940943453902,-86.8486779407455,24,1861.77
24732034-b22f-40df-870b-590d76e81a8c,40.4029893858094,-86.8342539776195,44,3018.46
dd423f77-d4ba-47f0-98c9-7d78e756d475,40.4100086329283,-86.8818986371532,31,2250.29
56875f33-4f60-4591-a742-8e882d645c09,40.4660432318475,-86.9377874992959,78,7504.85
fa3c48c4-e5ed-42ea-a149-8f48abc3adb2,40.3917964154048,-86.8485796331026,74,5926.43
170011b0-977b-444b-a647-c0e01b5f04fb,40.3953594899778,-86.8818637220548,32,2858.81
dd423f77-d4ba-47f0-98c9-7d78e756d475,40.4173280913057,-86.8918034001742,10,604.49
56875f33-4f60-4591-a742-8e882d645c09,40.4264910622969,-86.9191325568021,29,2081.3
002a917d-6cdc-46ab-bb61-4e54c64205ee,40.4182536747467,-86.8885652598677,53,3738.25
e8cb7b35-8b91-4734-bc08-322ef94d7dcd,40.4530538082917,-86.9619821645352,8,271.42
13bf0b02-f652-4609-943f-dbc509710e91,40.421282467726,-86.8943387054779,201,11898.57
e5c0c034-1aae-426b-a8b7-3e19ad8540c5,40.4377570953786,-86.8743243130025,8,1036.41
63c2c448-4a2f-4a35-a796-66b635935f73,40.4200741899058,-86.8925855691782,46,3072.51
1f6ab1b9-203d-4800-9c2f-0575ebaff4a6,40.4368312917251,-86.9061387721383,138,4942.47
f25f38ba-f752-43fd-baec-05c57d7fd482,40.4174688132259,-86.8678264326705,27,2637.93
4aac4c21-daca-4d3b-abb9-c9efb54fea4a,40.4324975148642,-86.9150629469791,46,3241.05
4aac4c21-daca-4d3b-abb9-c9efb54fea4a,40.4332979751607,-86.9151746113295,49,3331.03
4aac4c21-daca-4d3b-abb9-c9efb54fea4a,40.4331731728382,-86.9151237263094,48,3316.51
4aac4c21-daca-4d3b-abb9-c9efb54fea4a,40.4241274514981,-86.9166421719556,24,1616.87
4aac4c21-daca-4d3b-abb9-c9efb54fea4a,40.4241490569979,-86.9164971132939,23,1604.37
4aac4c21-daca-4d3b-abb9-c9efb54fea4a,40.4365696943386,-86.9154522938159,51,3695.53
4aac4c21-daca-4d3b-abb9-c9efb54fea4a,40.4314468239835,-86.9191854248974,38,2642.38
4aac4c21-daca-4d3b-abb9-c9efb54fea4a,40.4390404599126,-86.917444235746,55,4019.67
4aac4c21-daca-4d3b-abb9-c9efb54fea4a,40.4314001096772,-86.9167870189171,39,2845.31
4aac4c21-daca-4d3b-abb9-c9efb54fea4a,40.4313827801683,-86.914774654345,42,3015.78
4aac4c21-daca-4d3b-abb9-c9efb54fea4a,40.44338463296,-86.9197358550302,57,4540.04
4aac4c21-daca-4d3b-abb9-c9efb54fea4a,40.431370724855,-86.9162663579407,40,2889.47
4aac4c21-daca-4d3b-abb9-c9efb54fea4a,40.4450012429405,-86.9208593590777,59,4743.38
01f4d3e9-bd6a-4bca-ab3c-3b44e6831475,40.3839838291578,-86.8423761970904,159,12792.84
28e019d7-aabd-407a-8617-6fb357801f08,40.3848442986665,-86.8414061206742,6,278.76
e5c0c034-1aae-426b-a8b7-3e19ad8540c5,40.4417272379672,-86.8747422178843,19,1524.89
0bb04145-d02a-46c3-a800-6d0d42233c5c,40.4657986649885,-86.9318075518731,25,2701.34
0fd3c4b0-ae9d-40b2-a07c-715b3b3b553a,40.3842345109126,-86.9011364520274,98,7288.36
e5c0c034-1aae-426b-a8b7-3e19ad8540c5,40.4386525117548,-86.881294809657,31,2186.26
0bb04145-d02a-46c3-a800-6d0d42233c5c,40.4602343232371,-86.9245456699134,65,3977.85
e1d33256-6b3d-4dd2-9b32-5f76612e652a,40.4499563132607,-86.9246662454027,111,8824
e5c0c034-1aae-426b-a8b7-3e19ad8540c5,40.4392265369307,-86.8806536116505,28,2101.74
24732034-b22f-40df-870b-590d76e81a8c,40.3992269626085,-86.8089127278922,138,11906.79
e1d33256-6b3d-4dd2-9b32-5f76612e652a,40.424196843611,-86.9188515401631,49,2618.85
0bb04145-d02a-46c3-a800-6d0d42233c5c,40.4519865250013,-86.9242963686152,73,4916.49
0fd3c4b0-ae9d-40b2-a07c-715b3b3b553a,40.406716905174,-86.8929975729335,23,1768.38
afbfbe89-3824-47d8-a4f2-727023af88ac,40.4544505757517,-86.9031683815964,0,0
eb71757f-5a3d-4a11-adc1-1d0b0e65c723,40.3819193421792,-86.858515243212,18,1921.48
092fb563-ae54-468c-ae0c-1f4db815f671,40.4674659321023,-86.9472450791189,15,611.58
eb71757f-5a3d-4a11-adc1-1d0b0e65c723,40.3847293430543,-86.904626372688,80,5924.4
56875f33-4f60-4591-a742-8e882d645c09,40.4240103318697,-86.9083100204652,15,906.04
3326e01b-3c23-4fa9-bcd3-2acaafb07d2d,40.3927415242194,-86.83842080186,196,12888.87
092fb563-ae54-468c-ae0c-1f4db815f671,40.4387802859159,-86.9173388864808,62,5078.49
0bb04145-d02a-46c3-a800-6d0d42233c5c,40.4445611774582,-86.9205460436343,100,6344.8
170011b0-977b-444b-a647-c0e01b5f04fb,40.3850832136872,-86.8417840313478,126,12690.38
b811b298-72d9-4efd-9671-3351c62aa1de,40.4482602729161,-86.9446508392947,61,1783.98
d556586f-5536-47a5-9e1f-9ad30028e9c9,40.4593828148299,-86.9352038464914,244,9772.88
1f1c7703-f37e-4cab-90b2-34b3f54726f7,40.4663360745687,-86.9382993046908,11,1302.91
170011b0-977b-444b-a647-c0e01b5f04fb,40.387901,-86.893649,14,1026.55
89055b80-8ef0-49cc-bbe3-6c7d5415021a,40.4220894424157,-86.9103174613922,53,2394.12
f45e2fd4-e04e-476c-87ff-d079f18a5c71,40.3899787997869,-86.8410561199282,89,7083.81
0fd3c4b0-ae9d-40b2-a07c-715b3b3b553a,40.3817980845518,-86.8608521081851,143,10785.48
ade7b7b0-935b-439e-966d-c3f250810c1a,40.44021,-86.88472,32,2493.27
96c76f87-236b-4d10-a004-d18116c5a5a0,40.4339008786638,-86.9152034299096,20,1331.03
0fd3c4b0-ae9d-40b2-a07c-715b3b3b553a,40.3832246591583,-86.88958954153,116,8296.91
3fa1788a-9312-405f-9fad-405ff4e7cdb3,40.443710444199,-86.8995795100347,59,3516.66
01b692f1-d433-46dc-bbc7-f1ccd7a75e1d,40.4176704804246,-86.852156525197,36,3565.02
28e019d7-aabd-407a-8617-6fb357801f08,40.3927725644642,-86.8463044972194,20,1585.8
a05e2688-6ec0-45d9-a447-37df08b14d0b,40.4205430609062,-86.8457322763697,125,7093.43
4b95220c-b38a-4e29-86e4-87b6928ae673,40.4055657079731,-86.8281680696701,64,3911.59
0fd3c4b0-ae9d-40b2-a07c-715b3b3b553a,40.4165742292332,-86.894256046721,7,582.84
c7cc28c1-7c0e-4520-ae19-cb46fb733b6b,40.4478192742125,-86.9232676191597,42,2135.14
3326e01b-3c23-4fa9-bcd3-2acaafb07d2d,40.4298347225269,-86.8913016403587,48,3010.79
56875f33-4f60-4591-a742-8e882d645c09,40.4313810047725,-86.9165766793885,39,2854.92
b2d5f522-ef1c-4f6f-a88e-f9f90dc80c88,40.4719613239172,-86.9459270259736,3,46.15
3326e01b-3c23-4fa9-bcd3-2acaafb07d2d,40.3987237864996,-86.8385037975296,191,12223.57
1f6ab1b9-203d-4800-9c2f-0575ebaff4a6,40.4605448742686,-86.9297465800556,36,807.19
13bf0b02-f652-4609-943f-dbc509710e91,40.4273738414231,-86.8462089773288,111,5862.11
01b692f1-d433-46dc-bbc7-f1ccd7a75e1d,40.4173551899077,-86.8786198599299,60,5813.28
1f6ab1b9-203d-4800-9c2f-0575ebaff4a6,40.426645185205,-86.90692652606,190,7247.43
afbfbe89-3824-47d8-a4f2-727023af88ac,40.4282278040181,-86.9191214514328,82,5741.96
01b692f1-d433-46dc-bbc7-f1ccd7a75e1d,40.4177401868773,-86.8342773268135,23,2047.44
24732034-b22f-40df-870b-590d76e81a8c,40.4153311796734,-86.8267993472702,72,5207.27
eb71757f-5a3d-4a11-adc1-1d0b0e65c723,40.3925923164968,-86.9048052173681,104,8896.65
33064dc1-95a3-4a07-8352-58827f35895b,40.3879468005534,-86.8993526069858,162,12813.58
1f6ab1b9-203d-4800-9c2f-0575ebaff4a6,40.4380325619036,-86.9065016101945,135,4804.72
3326e01b-3c23-4fa9-bcd3-2acaafb07d2d,40.4320968785117,-86.8475357671196,107,7514.75
c7cc28c1-7c0e-4520-ae19-cb46fb733b6b,40.4193936080254,-86.9003176596659,136,9789.61
0a1d1408-7910-4fd5-b3f7-3ce7064b408b,40.4240864952063,-86.9154910324813,25,1985.7
d556586f-5536-47a5-9e1f-9ad30028e9c9,40.4207112145848,-86.8948077794795,0,0
170011b0-977b-444b-a647-c0e01b5f04fb,40.387869217727,-86.8971119720224,11,731.77
b811b298-72d9-4efd-9671-3351c62aa1de,40.4474972602254,-86.9391294142306,2,35.14
9172832a-d99f-4400-b801-baf4cfd054b7,40.447760495659,-86.9443890431645,53,1720.05
c7cc28c1-7c0e-4520-ae19-cb46fb733b6b,40.4305508750541,-86.9322246270475,88,6284.52
b60e3152-a76d-4f75-998c-5ccb6225d74b,40.4065186512078,-86.8657129737596,76,4788.11
b811b298-72d9-4efd-9671-3351c62aa1de,40.4491955794688,-86.9399756631463,7,291.92
0bb04145-d02a-46c3-a800-6d0d42233c5c,40.4679363683727,-86.9245992007403,18,1862.49
4b95220c-b38a-4e29-86e4-87b6928ae673,40.3962100179581,-86.8383402053748,38,1907.96
eb71757f-5a3d-4a11-adc1-1d0b0e65c723,40.381897926023,-86.8856419097262,44,4228.54
270e300e-042e-44fa-b9c9-e21538746b2f,40.3830363038111,-86.8427490938001,59,5877.08
0fd3c4b0-ae9d-40b2-a07c-715b3b3b553a,40.4065099489326,-86.8930096523769,25,1791.76
9172832a-d99f-4400-b801-baf4cfd054b7,40.4315133236579,-86.9274071508752,95,4614.73
0fd3c4b0-ae9d-40b2-a07c-715b3b3b553a,40.3846956457519,-86.903466391766,92,7079.14
a05e2688-6ec0-45d9-a447-37df08b14d0b,40.4321109172211,-86.8634399001298,58,4077.35
270e300e-042e-44fa-b9c9-e21538746b2f,40.3901904908202,-86.8384855614007,43,4912.17
01f4d3e9-bd6a-4bca-ab3c-3b44e6831475,40.4052608767907,-86.893038231206,27,1930.78
e5c0c034-1aae-426b-a8b7-3e19ad8540c5,40.427864,-86.882285,47,3459.44
13bf0b02-f652-4609-943f-dbc509710e91,40.3839501449598,-86.842389489771,6,113.01
270e300e-042e-44fa-b9c9-e21538746b2f,40.403083,-86.813864,15,1378.93
13bf0b02-f652-4609-943f-dbc509710e91,40.4321347434601,-86.8773586676931,156,9229.32
96c76f87-236b-4d10-a004-d18116c5a5a0,40.4292947460269,-86.9117210153582,7,716.15
c7cc28c1-7c0e-4520-ae19-cb46fb733b6b,40.427387636772,-86.9306578154583,96,6665.5
b60e3152-a76d-4f75-998c-5ccb6225d74b,40.3854503026687,-86.8414272413283,9,367.37
f45e2fd4-e04e-476c-87ff-d079f18a5c71,40.4173105967215,-86.8818818957508,15,1447.35
092fb563-ae54-468c-ae0c-1f4db815f671,40.4500373854163,-86.924953392069,57,3667.65
89055b80-8ef0-49cc-bbe3-6c7d5415021a,40.4190173994909,-86.8997859597079,11,977.32
32580df6-cf1f-4b44-970a-3d33e8c7feff,40.4190591282955,-86.8617402815418,45,2894.01
0a1d1408-7910-4fd5-b3f7-3ce7064b408b,40.4189255353184,-86.8998847615447,67,3983.4
3326e01b-3c23-4fa9-bcd3-2acaafb07d2d,40.4273271635286,-86.8467337729434,129,8347.82
3326e01b-3c23-4fa9-bcd3-2acaafb07d2d,40.4289177367933,-86.8915527263947,53,3142.82
63c2c448-4a2f-4a35-a796-66b635935f73,40.4188939540286,-86.8759732232969,23,1636.71
d556586f-5536-47a5-9e1f-9ad30028e9c9,40.4509343732943,-86.9157211886318,150,6963.99
e0c92e87-ef25-4f24-8979-fce9c3bc02dd,40.4588817707356,-86.9373556232436,63,5793.76
e1d33256-6b3d-4dd2-9b32-5f76612e652a,40.4572754855813,-86.9305171931563,121,9797.37
0bb04145-d02a-46c3-a800-6d0d42233c5c,40.446042,-86.921129,96,6101.24
e1d33256-6b3d-4dd2-9b32-5f76612e652a,40.424274421089,-86.9226191029747,52,2939.61
b2d5f522-ef1c-4f6f-a88e-f9f90dc80c88,40.4686750327939,-86.9472402433214,12,476.98
3326e01b-3c23-4fa9-bcd3-2acaafb07d2d,40.4320741360083,-86.8778236340347,79,4940.16
33064dc1-95a3-4a07-8352-58827f35895b,40.3879279176564,-86.8992508274216,161,12804.71
1f6ab1b9-203d-4800-9c2f-0575ebaff4a6,40.4476221115709,-86.9155191578285,104,3463.18
33064dc1-95a3-4a07-8352-58827f35895b,40.3879243601546,-86.8994563351621,163,12822.71
01b692f1-d433-46dc-bbc7-f1ccd7a75e1d,40.4175265399576,-86.8615094394956,43,4358.16
0fd3c4b0-ae9d-40b2-a07c-715b3b3b553a,40.3819146473296,-86.8864952402116,120,8600.19
24732034-b22f-40df-870b-590d76e81a8c,40.392655893443,-86.8098000220126,125,11087.59
3fa1788a-9312-405f-9fad-405ff4e7cdb3,40.4354281154446,-86.8992001894538,43,2587.56
092fb563-ae54-468c-ae0c-1f4db815f671,40.4323864280724,-86.9151945417769,68,5833.94
33064dc1-95a3-4a07-8352-58827f35895b,40.3869101230516,-86.8571204284348,27,2045.11
4aac4c21-daca-4d3b-abb9-c9efb54fea4a,40.4240325048618,-86.9119920184105,19,1222.84
4e025ba5-8f41-4b28-a28d-f15951c5a468,40.4310022258372,-86.9313877661367,19,3380
eb71757f-5a3d-4a11-adc1-1d0b0e65c723,40.4164449361032,-86.8930269295694,130,12117.99
eb71757f-5a3d-4a11-adc1-1d0b0e65c723,40.3818609338573,-86.8637031102843,26,2362.52
3bbf4832-650a-47e3-8118-13ea10ec264c,40.4438480809648,-86.8827321867043,12,1610.4
4b95220c-b38a-4e29-86e4-87b6928ae673,40.4000955506471,-86.8080082359168,125,9106.35
e1d33256-6b3d-4dd2-9b32-5f76612e652a,40.4506119400796,-86.9249491483709,114,8913.33
b811b298-72d9-4efd-9671-3351c62aa1de,40.446817440309,-86.9402435236461,147,12369.9
092fb563-ae54-468c-ae0c-1f4db815f671,40.4506948494899,-86.9254062027227,53,3582.47
afbfbe89-3824-47d8-a4f2-727023af88ac,40.446254351344,-86.8993572810737,18,1017.73
01f4d3e9-bd6a-4bca-ab3c-3b44e6831475,40.4051725837149,-86.8929963183186,28,1941.21
4b95220c-b38a-4e29-86e4-87b6928ae673,40.3848421105618,-86.8414184602899,7,279.58
24732034-b22f-40df-870b-590d76e81a8c,40.4053923939962,-86.8280633380727,91,6601.96
24732034-b22f-40df-870b-590d76e81a8c,40.3850963360719,-86.8417863515731,9,321.99
1f6ab1b9-203d-4800-9c2f-0575ebaff4a6,40.4265103269167,-86.9046486541073,194,7441.06
f45e2fd4-e04e-476c-87ff-d079f18a5c71,40.3840812806172,-86.8421339254406,100,7992.41
13bf0b02-f652-4609-943f-dbc509710e91,40.4090450850426,-86.8387118325211,43,3076.22
0fd3c4b0-ae9d-40b2-a07c-715b3b3b553a,40.3963545687888,-86.8954358269722,37,2956.19
24732034-b22f-40df-870b-590d76e81a8c,40.3904507085172,-86.8138004753843,113,9976.59
d556586f-5536-47a5-9e1f-9ad30028e9c9,40.4360705574614,-86.9058449880041,94,5018.48
e1d33256-6b3d-4dd2-9b32-5f76612e652a,40.423899380715,-86.9080887391532,37,1703.46
24732034-b22f-40df-870b-590d76e81a8c,40.4034202594936,-86.8277041609388,54,3666
afbfbe89-3824-47d8-a4f2-727023af88ac,40.4319925863738,-86.8992522000821,42,2810.94
dd423f77-d4ba-47f0-98c9-7d78e756d475,40.416944118088,-86.8867347723511,15,1081.66
33064dc1-95a3-4a07-8352-58827f35895b,40.386712141338,-86.8520890487567,21,1613.83
f25f38ba-f752-43fd-baec-05c57d7fd482,40.4174854976074,-86.8609208681023,34,3224.08
002a917d-6cdc-46ab-bb61-4e54c64205ee,40.4097391020953,-86.8771096164183,28,2031.78
32580df6-cf1f-4b44-970a-3d33e8c7feff,40.4200205457223,-86.888530068906,10,586.58
a05e2688-6ec0-45d9-a447-37df08b14d0b,40.4320602452746,-86.8449291932931,74,5649.49
96c76f87-236b-4d10-a004-d18116c5a5a0,40.4501741511015,-86.9195209827038,55,3478.93
a05e2688-6ec0-45d9-a447-37df08b14d0b,40.3903290221953,-86.8383828408838,164,11074.18
1f6ab1b9-203d-4800-9c2f-0575ebaff4a6,40.4414835835387,-86.9103994614124,122,4295.28
0a1d1408-7910-4fd5-b3f7-3ce7064b408b,40.4242069348801,-86.9253441633716,13,1148.32
1f1c7703-f37e-4cab-90b2-34b3f54726f7,40.4676170670753,-86.9504567145046,37,2672.82
eb71757f-5a3d-4a11-adc1-1d0b0e65c723,40.3845406294443,-86.9017017702515,77,5674.08
0bb04145-d02a-46c3-a800-6d0d42233c5c,40.447785378255,-86.9195030953266,90,5727.95
96c76f87-236b-4d10-a004-d18116c5a5a0,40.4676497442502,-86.9388662845451,134,7185.86
93c1bdef-1567-4615-ab23-04d3cc324ca3,40.4287957783902,-86.9113944701979,6,468.61
96c76f87-236b-4d10-a004-d18116c5a5a0,40.4395986717349,-86.9177991124946,31,2027.45
4e025ba5-8f41-4b28-a28d-f15951c5a468,40.4472570387874,-86.9393954836962,50,6603.96
56875f33-4f60-4591-a742-8e882d645c09,40.4313527230864,-86.9157112625375,40,2928.19
1f6ab1b9-203d-4800-9c2f-0575ebaff4a6,40.4605810641935,-86.9205441954102,66,1597.42
0bb04145-d02a-46c3-a800-6d0d42233c5c,40.4503142345276,-86.9195015874966,85,5443.79
d556586f-5536-47a5-9e1f-9ad30028e9c9,40.4508190125715,-86.9156793901729,148,6950.07
3bbf4832-650a-47e3-8118-13ea10ec264c,40.4481013174008,-86.878406783404,9,1012.47
89055b80-8ef0-49cc-bbe3-6c7d5415021a,40.418542648467,-86.9062943402704,39,1649.68
28e019d7-aabd-407a-8617-6fb357801f08,40.3844150873067,-86.8411397471936,5,226.01
ade7b7b0-935b-439e-966d-c3f250810c1a,40.442748316893,-86.883519064605,36,2797.41
d556586f-5536-47a5-9e1f-9ad30028e9c9,40.4607569468295,-86.9250956482455,206,8859.41
32580df6-cf1f-4b44-970a-3d33e8c7feff,40.4188779669815,-86.8761821991186,28,1659.79
002a917d-6cdc-46ab-bb61-4e54c64205ee,40.4082100699853,-86.8768265967648,23,1857.77
01f4d3e9-bd6a-4bca-ab3c-3b44e6831475,40.4019913470448,-86.8930502167963,29,2294.74
eb71757f-5a3d-4a11-adc1-1d0b0e65c723,40.3857494870489,-86.9047079239015,86,6524.33
01f4d3e9-bd6a-4bca-ab3c-3b44e6831475,40.3833957807056,-86.895384490097,107,7798.37
092fb563-ae54-468c-ae0c-1f4db815f671,40.4501443227819,-86.9251043289536,56,3650.21
092fb563-ae54-468c-ae0c-1f4db815f671,40.4642930903609,-86.9363739750608,39,1800.56
dd423f77-d4ba-47f0-98c9-7d78e756d475,40.4133667358032,-86.8866119136849,20,1482.81
f45e2fd4-e04e-476c-87ff-d079f18a5c71,40.3916283822237,-86.844405307511,87,6745.59
e5c0c034-1aae-426b-a8b7-3e19ad8540c5,40.440824,-86.8743713290731,15,1390.12
0fd3c4b0-ae9d-40b2-a07c-715b3b3b553a,40.3818652109081,-86.8590515922603,145,10938.31
c7cc28c1-7c0e-4520-ae19-cb46fb733b6b,40.4242021098257,-86.9293586569642,101,7120.14
0fd3c4b0-ae9d-40b2-a07c-715b3b3b553a,40.3821117232423,-86.8442539013123,152,12193.83
13bf0b02-f652-4609-943f-dbc509710e91,40.4321870075003,-86.855924445151,136,7403.06
63c2c448-4a2f-4a35-a796-66b635935f73,40.4200703984886,-86.8903080877849,44,2879.35
b811b298-72d9-4efd-9671-3351c62aa1de,40.4492944094048,-86.9424838114466,20,672.01
56875f33-4f60-4591-a742-8e882d645c09,40.4256356218614,-86.9080042094258,9,687.02
3bbf4832-650a-47e3-8118-13ea10ec264c,40.4554623312466,-86.8761584195593,3,167.27
eb71757f-5a3d-4a11-adc1-1d0b0e65c723,40.3835989666914,-86.8949398013453,60,5063.01
01b692f1-d433-46dc-bbc7-f1ccd7a75e1d,40.417607759321,-86.8162339372042,11,513.82
d556586f-5536-47a5-9e1f-9ad30028e9c9,40.4605104081304,-86.9192482030762,175,8341.77
c7cc28c1-7c0e-4520-ae19-cb46fb733b6b,40.44606180974,-86.9444469294846,62,4256.02
0a1d1408-7910-4fd5-b3f7-3ce7064b408b,40.4173214364695,-86.8930200475958,72,4612.11
3326e01b-3c23-4fa9-bcd3-2acaafb07d2d,40.4320602452746,-86.8449291932931,110,7735.69
e0c92e87-ef25-4f24-8979-fce9c3bc02dd,40.4591765915087,-86.9356314944621,66,5944.99
e0c92e87-ef25-4f24-8979-fce9c3bc02dd,40.4663803353493,-86.9387720758784,46,4706.91
b60e3152-a76d-4f75-998c-5ccb6225d74b,40.4124258899288,-86.8730951199174,88,5704.16
1f1c7703-f37e-4cab-90b2-34b3f54726f7,40.4690681203087,-86.9438848156554,20,1923.43
d556586f-5536-47a5-9e1f-9ad30028e9c9,40.4604832597011,-86.9190687292302,174,8326.3
4b95220c-b38a-4e29-86e4-87b6928ae673,40.3924157837034,-86.8383547298468,16,1215.47
002a917d-6cdc-46ab-bb61-4e54c64205ee,40.4164102921731,-86.886651181379,48,3379.68
3326e01b-3c23-4fa9-bcd3-2acaafb07d2d,40.4109154351491,-86.8388301959528,184,10866.41
f25f38ba-f752-43fd-baec-05c57d7fd482,40.4175010715288,-86.8498097275826,47,4167.02
092fb563-ae54-468c-ae0c-1f4db815f671,40.4674165229449,-86.9421367014728,31,1182.82
1f6ab1b9-203d-4800-9c2f-0575ebaff4a6,40.430362,-86.913149,171,6525.49
33064dc1-95a3-4a07-8352-58827f35895b,40.3671651155502,-86.8627804318554,50,4761.18
3326e01b-3c23-4fa9-bcd3-2acaafb07d2d,40.4012385409381,-86.83856193908,188,11943.15
d556586f-5536-47a5-9e1f-9ad30028e9c9,40.4326001067519,-86.9056988898336,86,4629.32
13bf0b02-f652-4609-943f-dbc509710e91,40.432219642755,-86.8473127750666,130,6665.75
270e300e-042e-44fa-b9c9-e21538746b2f,40.4030951497772,-86.831984669084,21,2915.77
002a917d-6cdc-46ab-bb61-4e54c64205ee,40.4087409233065,-86.876836698309,25,1916.77
93c1bdef-1567-4615-ab23-04d3cc324ca3,40.4266740366694,-86.9086486536386,11,806.37
1f6ab1b9-203d-4800-9c2f-0575ebaff4a6,40.4432682229185,-86.9129081446796,115,4001.92
b60e3152-a76d-4f75-998c-5ccb6225d74b,40.4161172497004,-86.8772216205825,95,6245.87
32580df6-cf1f-4b44-970a-3d33e8c7feff,40.4200462541476,-86.8824978448086,19,1100.76
f45e2fd4-e04e-476c-87ff-d079f18a5c71,40.39168,-86.84966,67,5813.49
c7cc28c1-7c0e-4520-ae19-cb46fb733b6b,40.4207816898392,-86.9013450967504,128,9601.97
01b692f1-d433-46dc-bbc7-f1ccd7a75e1d,40.4175107974983,-86.8642094147614,48,4588.92
170011b0-977b-444b-a647-c0e01b5f04fb,40.3670742493032,-86.8679860209669,82,7150.25
3326e01b-3c23-4fa9-bcd3-2acaafb07d2d,40.4267742577137,-86.8471866182141,136,8429.32
0bb04145-d02a-46c3-a800-6d0d42233c5c,40.465014160335,-86.9309473879531,29,2856.9
24732034-b22f-40df-870b-590d76e81a8c,40.3936203435622,-86.8368950455789,25,1494.84
170011b0-977b-444b-a647-c0e01b5f04fb,40.3872790487543,-86.8763105264806,46,4217.41
f25f38ba-f752-43fd-baec-05c57d7fd482,40.4176080793323,-86.8309851014858,56,5764.42
1f6ab1b9-203d-4800-9c2f-0575ebaff4a6,40.4573336521774,-86.9338819778922,3,38.66
33064dc1-95a3-4a07-8352-58827f35895b,40.3879232759957,-86.9046708817698,167,13267.39
f45e2fd4-e04e-476c-87ff-d079f18a5c71,40.4048630012537,-86.8634315290439,38,3623.06
d556586f-5536-47a5-9e1f-9ad30028e9c9,40.4411579045147,-86.9099237110452,110,5700.79
afbfbe89-3824-47d8-a4f2-727023af88ac,40.427241,-86.901458,50,3374.42
e1d33256-6b3d-4dd2-9b32-5f76612e652a,40.4304388170628,-86.9317791797376,69,4320.35
e5c0c034-1aae-426b-a8b7-3e19ad8540c5,40.4257085283833,-86.8914365256755,60,4483.19
f45e2fd4-e04e-476c-87ff-d079f18a5c71,40.4010452045549,-86.8581353375218,42,4241.23
1f6ab1b9-203d-4800-9c2f-0575ebaff4a6,40.4472682663926,-86.9151109753139,106,3515.53
24732034-b22f-40df-870b-590d76e81a8c,40.3932884561229,-86.8365310076745,23,1446.78
e5c0c034-1aae-426b-a8b7-3e19ad8540c5,40.4257403567875,-86.8912203247082,59,4464.56
1f6ab1b9-203d-4800-9c2f-0575ebaff4a6,40.425327240343,-86.9003958883093,204,7829.16
0a1d1408-7910-4fd5-b3f7-3ce7064b408b,40.423931,-86.911286,27,2342.95
0a1d1408-7910-4fd5-b3f7-3ce7064b408b,40.4182699830918,-86.9057459853489,52,3434.59
0bb04145-d02a-46c3-a800-6d0d42233c5c,40.4807976851392,-86.9281262219101,5,264.41
01b692f1-d433-46dc-bbc7-f1ccd7a75e1d,40.4202997094633,-86.8954952471226,87,7516.92
eb71757f-5a3d-4a11-adc1-1d0b0e65c723,40.3953999101234,-86.8965150293978,111,9698.3
93c1bdef-1567-4615-ab23-04d3cc324ca3,40.4264530801914,-86.9050150764929,17,1117.61
e0c92e87-ef25-4f24-8979-fce9c3bc02dd,40.4545892990791,-86.9619701540166,19,1304.59
4b95220c-b38a-4e29-86e4-87b6928ae673,40.4030302497687,-86.8294165173357,47,3429.78
93c1bdef-1567-4615-ab23-04d3cc324ca3,40.4544505757517,-86.9031683815964,71,5439.28
01b692f1-d433-46dc-bbc7-f1ccd7a75e1d,40.4166794987989,-86.8139507881371,4,199.19
d556586f-5536-47a5-9e1f-9ad30028e9c9,40.4480264149995,-86.9156837536095,140,6637.88
33064dc1-95a3-4a07-8352-58827f35895b,40.3949158048609,-86.8860129260779,143,10889.8
3326e01b-3c23-4fa9-bcd3-2acaafb07d2d,40.4340417941834,-86.8873874477975,61,3820.42
13bf0b02-f652-4609-943f-dbc509710e91,40.4321605290286,-86.8651248033922,143,8184.1
e1d33256-6b3d-4dd2-9b32-5f76612e652a,40.421887319183,-86.904027863219,32,1293.25
4b95220c-b38a-4e29-86e4-87b6928ae673,40.4051861042644,-86.8279007939649,101,6627.07
eb71757f-5a3d-4a11-adc1-1d0b0e65c723,40.3843812627215,-86.9013164479685,76,5636.97
4e025ba5-8f41-4b28-a28d-f15951c5a468,40.4482492469557,-86.9446535559685,39,5750.21
270e300e-042e-44fa-b9c9-e21538746b2f,40.3989048539939,-86.8078706746024,8,450.45
3fa1788a-9312-405f-9fad-405ff4e7cdb3,40.4350428213383,-86.8988479274108,41,2535.24
28e019d7-aabd-407a-8617-6fb357801f08,40.3914694281977,-86.8439635360224,18,1340.04
4b95220c-b38a-4e29-86e4-87b6928ae673,40.4028950605109,-86.827982501891,110,6890.44
e0c92e87-ef25-4f24-8979-fce9c3bc02dd,40.4674458754373,-86.9499450462987,34,3733.03
0a1d1408-7910-4fd5-b3f7-3ce7064b408b,40.4274048747649,-86.9289749639367,4,211.19
24732034-b22f-40df-870b-590d76e81a8c,40.4011716347091,-86.8047993358431,162,12710.78
33064dc1-95a3-4a07-8352-58827f35895b,40.3873038894024,-86.9046692709383,170,13339
3326e01b-3c23-4fa9-bcd3-2acaafb07d2d,40.429772445203,-86.890937706667,54,3251.11
ade7b7b0-935b-439e-966d-c3f250810c1a,40.4435322855153,-86.8827531317856,39,2906.75
e0c92e87-ef25-4f24-8979-fce9c3bc02dd,40.460136912021,-86.9619910804538,24,1922.11
e1d33256-6b3d-4dd2-9b32-5f76612e652a,40.4197871935241,-86.900194996607,19,876.68
4b95220c-b38a-4e29-86e4-87b6928ae673,40.4030774206831,-86.827561744672,55,3615.94
3326e01b-3c23-4fa9-bcd3-2acaafb07d2d,40.3925493593544,-86.8384652935544,197,12910.55
e1d33256-6b3d-4dd2-9b32-5f76612e652a,40.4364835333514,-86.9361944883427,78,5104.6
b2d5f522-ef1c-4f6f-a88e-f9f90dc80c88,40.4722,-86.9459,0,0
93c1bdef-1567-4615-ab23-04d3cc324ca3,40.4260904654095,-86.903445574659,18,1256.35
f45e2fd4-e04e-476c-87ff-d079f18a5c71,40.3917025262356,-86.8446633861562,86,6722.25
3326e01b-3c23-4fa9-bcd3-2acaafb07d2d,40.4278358923588,-86.8454397306303,121,8220.46
d556586f-5536-47a5-9e1f-9ad30028e9c9,40.4389093856801,-86.9075082843984,107,5377.93
13bf0b02-f652-4609-943f-dbc509710e91,40.428795151871,-86.8448853386978,122,6068.8
3326e01b-3c23-4fa9-bcd3-2acaafb07d2d,40.4206060633375,-86.8435036624298,165,9370.86
b811b298-72d9-4efd-9671-3351c62aa1de,40.4311686798714,-86.9306204084758,87,4316.18
96c76f87-236b-4d10-a004-d18116c5a5a0,40.460355,-86.924485,77,4978.91
1f6ab1b9-203d-4800-9c2f-0575ebaff4a6,40.4576034587193,-86.9327965641828,9,135.71
e1d33256-6b3d-4dd2-9b32-5f76612e652a,40.4239516212971,-86.9082280037852,38,1716.59
3326e01b-3c23-4fa9-bcd3-2acaafb07d2d,40.4218449484045,-86.8907470275743,10,590.12
e5c0c034-1aae-426b-a8b7-3e19ad8540c5,40.4378333546356,-86.866224827536,3,350.24
0bb04145-d02a-46c3-a800-6d0d42233c5c,40.4652651896126,-86.9301886592929,33,2929.35
f25f38ba-f752-43fd-baec-05c57d7fd482,40.4175091669178,-86.8607774048273,35,3236.5
d556586f-5536-47a5-9e1f-9ad30028e9c9,40.4267404894557,-86.8920216134836,12,808.7
4b95220c-b38a-4e29-86e4-87b6928ae673,40.3990431640536,-86.8082662539927,121,8985.43
3326e01b-3c23-4fa9-bcd3-2acaafb07d2d,40.4111329785537,-86.8388943049668,183,10841.64
a05e2688-6ec0-45d9-a447-37df08b14d0b,40.421884815305,-86.8870368009229,11,904.02
96c76f87-236b-4d10-a004-d18116c5a5a0,40.4502971830473,-86.9194961798535,57,3492.93
01b692f1-d433-46dc-bbc7-f1ccd7a75e1d,40.4182284443857,-86.8906580455688,80,6876.46
96c76f87-236b-4d10-a004-d18116c5a5a0,40.4293838123371,-86.9118146207918,9,729.18
fa3c48c4-e5ed-42ea-a149-8f48abc3adb2,40.4201372218214,-86.8942565854941,1,79.01
ade7b7b0-935b-439e-966d-c3f250810c1a,40.4354268494841,-86.8863404968538,29,1942.43
0fd3c4b0-ae9d-40b2-a07c-715b3b3b553a,40.3844718864245,-86.91099222964,77,5706.65
13bf0b02-f652-4609-943f-dbc509710e91,40.4218860222033,-86.8904746705576,195,11513.2
24732034-b22f-40df-870b-590d76e81a8c,40.3870480302215,-86.8401774166609,10,578.07
e5c0c034-1aae-426b-a8b7-3e19ad8540c5,40.4213090467736,-86.894318035381,70,5288.15
0bb04145-d02a-46c3-a800-6d0d42233c5c,40.4648265909118,-86.9312992949002,28,2820.58
e1d33256-6b3d-4dd2-9b32-5f76612e652a,40.459127997359,-86.9349922467306,129,10474.08
c7cc28c1-7c0e-4520-ae19-cb46fb733b6b,40.4424847779046,-86.9422477147779,70,4697.07
1f1c7703-f37e-4cab-90b2-34b3f54726f7,40.4678325720128,-86.9432956109308,15,1765
3326e01b-3c23-4fa9-bcd3-2acaafb07d2d,40.4340918732894,-86.887528900089,40,2410.24
092fb563-ae54-468c-ae0c-1f4db815f671,40.4437436237263,-86.9200765692823,60,4479.61
01b692f1-d433-46dc-bbc7-f1ccd7a75e1d,40.4176670398603,-86.8483333666922,35,3241.58
270e300e-042e-44fa-b9c9-e21538746b2f,40.3838192828998,-86.8425212871604,57,5787.76
28e019d7-aabd-407a-8617-6fb357801f08,40.3924432339327,-86.8458236309862,19,1531.07
3bbf4832-650a-47e3-8118-13ea10ec264c,40.44697,-86.87958,10,1172.61
dd423f77-d4ba-47f0-98c9-7d78e756d475,40.4099617567584,-86.8842302492292,29,2052.4
afbfbe89-3824-47d8-a4f2-727023af88ac,40.4380508625684,-86.8992829969223,30,1935.07
afbfbe89-3824-47d8-a4f2-727023af88ac,40.4369448494241,-86.898157175734,35,2159.02
c7cc28c1-7c0e-4520-ae19-cb46fb733b6b,40.4420272541397,-86.941824801206,72,4759.32
b811b298-72d9-4efd-9671-3351c62aa1de,40.4474600471792,-86.9391502420635,1,30.64
092fb563-ae54-468c-ae0c-1f4db815f671,40.4459575035063,-86.9218543886212,59,4191.3
170011b0-977b-444b-a647-c0e01b5f04fb,40.3878956109115,-86.9030068736424,4,231.28
b60e3152-a76d-4f75-998c-5ccb6225d74b,40.418249496843,-86.891552804858,120,7567.96
96c76f87-236b-4d10-a004-d18116c5a5a0,40.4654693295056,-86.9274481803201,100,5763.62
b811b298-72d9-4efd-9671-3351c62aa1de,40.4474220803654,-86.9451816052986,66,1947.16
13bf0b02-f652-4609-943f-dbc509710e91,40.4246935690135,-86.8471001977076,85,5490.91
1f6ab1b9-203d-4800-9c2f-0575ebaff4a6,40.4604941921872,-86.9324984672988,22,566.14
32580df6-cf1f-4b44-970a-3d33e8c7feff,40.4228788766519,-86.8606146496986,64,4053.1
e1d33256-6b3d-4dd2-9b32-5f76612e652a,40.4243335380753,-86.9294847207954,56,3523.26
24732034-b22f-40df-870b-590d76e81a8c,40.4029139992448,-86.8274752169158,50,3602.98
13bf0b02-f652-4609-943f-dbc509710e91,40.4298146325239,-86.8871487311809,175,10321.81
13bf0b02-f652-4609-943f-dbc509710e91,40.4264678296415,-86.8470736879415,93,5699.28
0fd3c4b0-ae9d-40b2-a07c-715b3b3b553a,40.3925250199408,-86.9034885473929,51,3791.42
d556586f-5536-47a5-9e1f-9ad30028e9c9,40.4595269078701,-86.9156130328844,165,7924.84
170011b0-977b-444b-a647-c0e01b5f04fb,40.3670529213514,-86.8713609439962,76,6862.96
b60e3152-a76d-4f75-998c-5ccb6225d74b,40.402701516001,-86.8603268128213,69,4163.63
b811b298-72d9-4efd-9671-3351c62aa1de,40.4493305881843,-86.9420396964218,21,709.78
f25f38ba-f752-43fd-baec-05c57d7fd482,40.4175010715288,-86.8591392191918,38,3375.44
092fb563-ae54-468c-ae0c-1f4db815f671,40.4518196526276,-86.9265720600376,50,3422.73
3326e01b-3c23-4fa9-bcd3-2acaafb07d2d,40.4320962047384,-86.8667289913546,93,5885.6
9172832a-d99f-4400-b801-baf4cfd054b7,40.4468551043012,-86.9448525525157,66,2030.51
56875f33-4f60-4591-a742-8e882d645c09,40.4718958122668,-86.9455900457853,92,8625.31
4e025ba5-8f41-4b28-a28d-f15951c5a468,40.4471896472566,-86.9395476280664,49,6589.07
170011b0-977b-444b-a647-c0e01b5f04fb,40.3879522434291,-86.8906157897696,16,1284.09
fa3c48c4-e5ed-42ea-a149-8f48abc3adb2,40.3919383222441,-86.8483725639978,76,5950.47
270e300e-042e-44fa-b9c9-e21538746b2f,40.4030269579059,-86.8338935482169,23,3078.63
33064dc1-95a3-4a07-8352-58827f35895b,40.3854128329459,-86.8762490466821,119,8907.96
33064dc1-95a3-4a07-8352-58827f35895b,40.365994083747,-86.8627389506352,75,5593.81
4b95220c-b38a-4e29-86e4-87b6928ae673,40.401971897232,-86.8052574093541,137,9632.1
a05e2688-6ec0-45d9-a447-37df08b14d0b,40.3849342250805,-86.8415298990501,173,11767.99
3326e01b-3c23-4fa9-bcd3-2acaafb07d2d,40.4320730526491,-86.8568853650621,101,6721.01
24732034-b22f-40df-870b-590d76e81a8c,40.4064350851482,-86.8289745701924,86,6458.64
4b95220c-b38a-4e29-86e4-87b6928ae673,40.4158059166545,-86.8290816184204,85,5413.21
3fa1788a-9312-405f-9fad-405ff4e7cdb3,40.4426462850452,-86.8994148038109,56,3397.24
e5c0c034-1aae-426b-a8b7-3e19ad8540c5,40.4257396306921,-86.8893855690173,56,4308.78
33064dc1-95a3-4a07-8352-58827f35895b,40.3831292220866,-86.8434725212102,11,588.36
89055b80-8ef0-49cc-bbe3-6c7d5415021a,40.4197786504878,-86.9006871949218,19,1124.62
e1d33256-6b3d-4dd2-9b32-5f76612e652a,40.43003242541,-86.9316829841404,66,4273.85
afbfbe89-3824-47d8-a4f2-727023af88ac,40.4424751158207,-86.8994154996489,25,1441.39
a05e2688-6ec0-45d9-a447-37df08b14d0b,40.4207121363298,-86.83907724608,138,7681.56
0fd3c4b0-ae9d-40b2-a07c-715b3b3b553a,40.4016802659194,-86.8930721610628,31,2329.87
93c1bdef-1567-4615-ab23-04d3cc324ca3,40.4355695565656,-86.8992726249846,38,2593.65
1f6ab1b9-203d-4800-9c2f-0575ebaff4a6,40.4605474706212,-86.927477408675,38,999.13
89055b80-8ef0-49cc-bbe3-6c7d5415021a,40.4242772116826,-86.9289536433788,64,4181.31
170011b0-977b-444b-a647-c0e01b5f04fb,40.3838521602895,-86.8425146796499,134,12914.54
3bbf4832-650a-47e3-8118-13ea10ec264c,40.4296418058783,-86.8903401520354,35,3363.8
002a917d-6cdc-46ab-bb61-4e54c64205ee,40.4095266771476,-86.8769794791218,27,2005.73
b811b298-72d9-4efd-9671-3351c62aa1de,40.4313300807077,-86.9166811952997,97,5500.6
32580df6-cf1f-4b44-970a-3d33e8c7feff,40.4200289515494,-86.8839296681091,18,979.62
93c1bdef-1567-4615-ab23-04d3cc324ca3,40.4284942901701,-86.9110644183039,8,513.08
b811b298-72d9-4efd-9671-3351c62aa1de,40.4314864546112,-86.9284217101019,91,4507.1
a05e2688-6ec0-45d9-a447-37df08b14d0b,40.4320621552656,-86.8453487567713,72,5613.57
1f1c7703-f37e-4cab-90b2-34b3f54726f7,40.4530361605712,-86.9621365387013,76,5635.09
c7cc28c1-7c0e-4520-ae19-cb46fb733b6b,40.4242350267583,-86.9305804620963,99,7016.19
e8cb7b35-8b91-4734-bc08-322ef94d7dcd,40.4527450412912,-86.9618219156512,15,366.97
3fa1788a-9312-405f-9fad-405ff4e7cdb3,40.4304840175402,-86.8998234578471,32,1964.05
e5c0c034-1aae-426b-a8b7-3e19ad8540c5,40.4394796563218,-86.8744267437498,11,1238.3
89055b80-8ef0-49cc-bbe3-6c7d5415021a,40.4192637782315,-86.9014134730564,23,1210.08
3fa1788a-9312-405f-9fad-405ff4e7cdb3,40.4544505757517,-86.9031683815964,83,5427.84
eb71757f-5a3d-4a11-adc1-1d0b0e65c723,40.3836564101424,-86.8950521223951,61,5074.46
0a1d1408-7910-4fd5-b3f7-3ce7064b408b,40.4184819407093,-86.9048677994125,54,3512.54
f25f38ba-f752-43fd-baec-05c57d7fd482,40.41539,-86.8138,86,8342.52
1f1c7703-f37e-4cab-90b2-34b3f54726f7,40.4684013637612,-86.9587390226549,59,3640.15
eb71757f-5a3d-4a11-adc1-1d0b0e65c723,40.4019557193423,-86.8929648810109,117,10502.96
eb71757f-5a3d-4a11-adc1-1d0b0e65c723,40.3964761135862,-86.8952369329474,113,9862.86
32580df6-cf1f-4b44-970a-3d33e8c7feff,40.4243869316548,-86.8605546840816,54,3580.05
13bf0b02-f652-4609-943f-dbc509710e91,40.416057141127,-86.8388157493029,52,3862.76
3fa1788a-9312-405f-9fad-405ff4e7cdb3,40.4498814824977,-86.9008774853657,70,4238.89
0fd3c4b0-ae9d-40b2-a07c-715b3b3b553a,40.4090517627346,-86.8929811863938,20,1508.19
24732034-b22f-40df-870b-590d76e81a8c,40.4029630364754,-86.8345130583354,43,2996.34
b811b298-72d9-4efd-9671-3351c62aa1de,40.4312804714502,-86.9326828168225,124,9367.18
c7cc28c1-7c0e-4520-ae19-cb46fb733b6b,40.4298759714251,-86.9317519116743,91,6369.92
a05e2688-6ec0-45d9-a447-37df08b14d0b,40.4320569714354,-86.884301951813,36,2304.38
3326e01b-3c23-4fa9-bcd3-2acaafb07d2d,40.3830363038111,-86.8427490938001,218,14147.82
0a1d1408-7910-4fd5-b3f7-3ce7064b408b,40.4205268627849,-86.9103137554525,33,2805.03
33064dc1-95a3-4a07-8352-58827f35895b,40.3769960382595,-86.8572454405688,39,3194.28
a05e2688-6ec0-45d9-a447-37df08b14d0b,40.4272445648796,-86.8469786175536,95,6284.38
3326e01b-3c23-4fa9-bcd3-2acaafb07d2d,40.4214702594079,-86.8464553885453,155,9045.53
f45e2fd4-e04e-476c-87ff-d079f18a5c71,40.4173304540367,-86.8786440936959,16,1721.28
33064dc1-95a3-4a07-8352-58827f35895b,40.3742688564466,-86.875971646302,103,7657.54
a05e2688-6ec0-45d9-a447-37df08b14d0b,40.3874222367569,-86.8399532345847,169,11433.4
1f6ab1b9-203d-4800-9c2f-0575ebaff4a6,40.46047795057,-86.9203755053676,68,1616.63
f45e2fd4-e04e-476c-87ff-d079f18a5c71,40.4049584396649,-86.8636709654744,37,3600.19
13bf0b02-f652-4609-943f-dbc509710e91,40.4273371377293,-86.846367899751,110,5848.06
01f4d3e9-bd6a-4bca-ab3c-3b44e6831475,40.3833883751197,-86.8952321770294,108,7811.29
b811b298-72d9-4efd-9671-3351c62aa1de,40.4482492469557,-86.9446535559685,138,11602.97
13bf0b02-f652-4609-943f-dbc509710e91,40.4322454413599,-86.8515422663985,133,7027.26
f45e2fd4-e04e-476c-87ff-d079f18a5c71,40.4114824154098,-86.8721602229146,26,2573.64
a05e2688-6ec0-45d9-a447-37df08b14d0b,40.3889264293982,-86.8387703848431,168,11238.57
4b95220c-b38a-4e29-86e4-87b6928ae673,40.394939619411,-86.8370610694134,34,1658.68
24732034-b22f-40df-870b-590d76e81a8c,40.4098791889061,-86.8290901391572,83,6075.2
d556586f-5536-47a5-9e1f-9ad30028e9c9,40.434932,-86.905752,91,4890.42
96c76f87-236b-4d10-a004-d18116c5a5a0,40.4479186880967,-86.9195020457415,54,3228.3
afbfbe89-3824-47d8-a4f2-727023af88ac,40.4313726905965,-86.9164419376759,89,6337.2
b60e3152-a76d-4f75-998c-5ccb6225d74b,40.4157048711601,-86.8767122552819,93,6182.26
13bf0b02-f652-4609-943f-dbc509710e91,40.4218105176529,-86.8943211644731,200,11839.87
33064dc1-95a3-4a07-8352-58827f35895b,40.3844138179058,-86.841133746866,6,225.74
0fd3c4b0-ae9d-40b2-a07c-715b3b3b553a,40.4207112145848,-86.8948077794795,0,0
0fd3c4b0-ae9d-40b2-a07c-715b3b3b553a,40.387018644036,-86.9121938593503,68,5378.77
56875f33-4f60-4591-a742-8e882d645c09,40.4314154977435,-86.9178331393776,37,2748.54
33064dc1-95a3-4a07-8352-58827f35895b,40.367145023695,-86.8709485930479,87,6428.04
4b95220c-b38a-4e29-86e4-87b6928ae673,40.406105026387,-86.8288415795588,96,6495.38
b811b298-72d9-4efd-9671-3351c62aa1de,40.4500550420845,-86.9413311996062,14,489.81
b811b298-72d9-4efd-9671-3351c62aa1de,40.4314652696752,-86.928954486923,90,4461.97
b60e3152-a76d-4f75-998c-5ccb6225d74b,40.3995257073349,-86.8558419226578,62,3642.71
d556586f-5536-47a5-9e1f-9ad30028e9c9,40.4607826594017,-86.9201974313839,183,8432.97
0bb04145-d02a-46c3-a800-6d0d42233c5c,40.4316547230518,-86.9145252798447,128,7905.83
28e019d7-aabd-407a-8617-6fb357801f08,40.410741,-86.871123,84,5449.43
e0c92e87-ef25-4f24-8979-fce9c3bc02dd,40.4668562097107,-86.9398191169198,45,4603.8
3326e01b-3c23-4fa9-bcd3-2acaafb07d2d,40.4331933176026,-86.887679230584,43,2511.73
96c76f87-236b-4d10-a004-d18116c5a5a0,40.4520136532747,-86.9215708594027,60,3769.52
13bf0b02-f652-4609-943f-dbc509710e91,40.4209026833325,-86.8460275731689,74,5047.26
c7cc28c1-7c0e-4520-ae19-cb46fb733b6b,40.4500247897794,-86.9248738863536,37,1850.11
0bb04145-d02a-46c3-a800-6d0d42233c5c,40.4243308960016,-86.919137063871,143,9116.24
13bf0b02-f652-4609-943f-dbc509710e91,40.4061367854703,-86.838624202334,38,2750.9
32580df6-cf1f-4b44-970a-3d33e8c7feff,40.4200576458099,-86.8886527003222,9,575.42
e1d33256-6b3d-4dd2-9b32-5f76612e652a,40.4286169065967,-86.9309193483228,63,4103.05
1f6ab1b9-203d-4800-9c2f-0575ebaff4a6,40.4308215709778,-86.9069068235229,154,5724.2
13bf0b02-f652-4609-943f-dbc509710e91,40.3838448024448,-86.8424964382989,5,98.21
9172832a-d99f-4400-b801-baf4cfd054b7,40.4309724729585,-86.9325379046931,81,4100.41
3326e01b-3c23-4fa9-bcd3-2acaafb07d2d,40.3963862595788,-86.8385108911104,195,12483.8
fa3c48c4-e5ed-42ea-a149-8f48abc3adb2,40.391506537559,-86.8489767815127,73,5879.88
b811b298-72d9-4efd-9671-3351c62aa1de,40.4471492376882,-86.9407235853179,46,1024.05
0a1d1408-7910-4fd5-b3f7-3ce7064b408b,40.4227671279172,-86.9103860503665,31,2555.65
96c76f87-236b-4d10-a004-d18116c5a5a0,40.4552364672775,-86.9245153239767,70,4406.75
3326e01b-3c23-4fa9-bcd3-2acaafb07d2d,40.4321207255411,-86.8559661570935,103,6799.53
3326e01b-3c23-4fa9-bcd3-2acaafb07d2d,40.4296818631698,-86.8869985274672,29,1791.95
96c76f87-236b-4d10-a004-d18116c5a5a0,40.4656783085546,-86.9284986824162,112,5943.95
a05e2688-6ec0-45d9-a447-37df08b14d0b,40.4281789651866,-86.8450494465883,82,6083.7
4e025ba5-8f41-4b28-a28d-f15951c5a468,40.4315333640885,-86.928916715432,14,3161.09
0bb04145-d02a-46c3-a800-6d0d42233c5c,40.4787094839758,-86.9246170099993,12,663.3
a05e2688-6ec0-45d9-a447-37df08b14d0b,40.4270273012368,-86.8471666296445,98,6313.85
93c1bdef-1567-4615-ab23-04d3cc324ca3,40.4380147461447,-86.8992587973856,44,2869.14
afbfbe89-3824-47d8-a4f2-727023af88ac,40.4485651486396,-86.8999054922176,11,752.36
f45e2fd4-e04e-476c-87ff-d079f18a5c71,40.3994637757455,-86.8560194674469,47,4493.91
93c1bdef-1567-4615-ab23-04d3cc324ca3,40.4393945640412,-86.8992430139677,46,3047.22
eb71757f-5a3d-4a11-adc1-1d0b0e65c723,40.3817705430898,-86.8730308394904,33,3155.17
56875f33-4f60-4591-a742-8e882d645c09,40.4240216407892,-86.9080042094258,13,867.92
a05e2688-6ec0-45d9-a447-37df08b14d0b,40.4178050423339,-86.8389740065012,141,8008.38
d556586f-5536-47a5-9e1f-9ad30028e9c9,40.4308238372692,-86.9083539664072,76,4197.88
28e019d7-aabd-407a-8617-6fb357801f08,40.4050058208261,-86.863571255644,71,4539.24
1f6ab1b9-203d-4800-9c2f-0575ebaff4a6,40.4266759759845,-86.9084009343085,187,7119.16
e1d33256-6b3d-4dd2-9b32-5f76612e652a,40.420084940341,-86.9006431271643,22,928.25
13bf0b02-f652-4609-943f-dbc509710e91,40.4218764483398,-86.890509053468,196,11516.3
4b95220c-b38a-4e29-86e4-87b6928ae673,40.399230706115,-86.8089807243364,119,8921.18
24732034-b22f-40df-870b-590d76e81a8c,40.4024153366834,-86.8074465928631,154,12384.75
b811b298-72d9-4efd-9671-3351c62aa1de,40.430517993576,-86.9317296975293,82,4194.7
f45e2fd4-e04e-476c-87ff-d079f18a5c71,40.3919383222441,-86.8483725639978,76,5950.47
56875f33-4f60-4591-a742-8e882d645c09,40.4393069707934,-86.917606557465,55,4045.49
0a1d1408-7910-4fd5-b3f7-3ce7064b408b,40.4173311319452,-86.8961510766672,71,4347.22
0fd3c4b0-ae9d-40b2-a07c-715b3b3b553a,40.4087506780079,-86.8930572276372,21,1542.26
afbfbe89-3824-47d8-a4f2-727023af88ac,40.4237157419716,-86.9033978273235,55,3800.47
170011b0-977b-444b-a647-c0e01b5f04fb,40.3879139968339,-86.8973038491599,10,714.78
1f1c7703-f37e-4cab-90b2-34b3f54726f7,40.4545313759902,-86.9620385955101,71,5464.57
4b95220c-b38a-4e29-86e4-87b6928ae673,40.4068244068393,-86.8288944165212,68,4071.08
0bb04145-d02a-46c3-a800-6d0d42233c5c,40.423931,-86.911286,149,9801.96
eb71757f-5a3d-4a11-adc1-1d0b0e65c723,40.3848300982601,-86.8413986556036,6,274.85
c7cc28c1-7c0e-4520-ae19-cb46fb733b6b,40.4585328632801,-86.9318355991904,12,715.61
1f6ab1b9-203d-4800-9c2f-0575ebaff4a6,40.4244895471602,-86.8933352968145,218,8473.36
f25f38ba-f752-43fd-baec-05c57d7fd482,40.4160051736171,-86.8146546503174,83,8206.29
f45e2fd4-e04e-476c-87ff-d079f18a5c71,40.4050837237778,-86.8637571732524,36,3584.47
0a1d1408-7910-4fd5-b3f7-3ce7064b408b,40.4203307893734,-86.9103137554528,35,2827.81
afbfbe89-3824-47d8-a4f2-727023af88ac,40.4499554664831,-86.901105522074,9,567.45
01b692f1-d433-46dc-bbc7-f1ccd7a75e1d,40.4177125047274,-86.843884697192,31,2863.87
c7cc28c1-7c0e-4520-ae19-cb46fb733b6b,40.4576024309041,-86.9328143097839,4,125.34
1f1c7703-f37e-4cab-90b2-34b3f54726f7,40.4532876944648,-86.9620508384089,75,5606.22
170011b0-977b-444b-a647-c0e01b5f04fb,40.3879552816668,-86.8903006672842,18,1312.07
13bf0b02-f652-4609-943f-dbc509710e91,40.421896105327,-86.8878462411232,193,11290.63
f45e2fd4-e04e-476c-87ff-d079f18a5c71,40.4155222550095,-86.876618330234,19,1985.85
0a1d1408-7910-4fd5-b3f7-3ce7064b408b,40.4242021098257,-86.9293586569642,10,807.87
eb71757f-5a3d-4a11-adc1-1d0b0e65c723,40.3836818816427,-86.8955632663036,65,5124.33
56875f33-4f60-4591-a742-8e882d645c09,40.4500358074925,-86.9245709135873,63,5381.4
89055b80-8ef0-49cc-bbe3-6c7d5415021a,40.421954363232,-86.910303453382,51,2377.61
24732034-b22f-40df-870b-590d76e81a8c,40.4024822500155,-86.8070009704628,155,12423.18
1f6ab1b9-203d-4800-9c2f-0575ebaff4a6,40.4257226265132,-86.9019238642811,200,7692.48
e1d33256-6b3d-4dd2-9b32-5f76612e652a,40.4209066558157,-86.9013530796842,26,1038.08
56875f33-4f60-4591-a742-8e882d645c09,40.432762380407,-86.9150866219453,46,3261.37
56875f33-4f60-4591-a742-8e882d645c09,40.4372014365912,-86.9157491276115,51,3762.9
13bf0b02-f652-4609-943f-dbc509710e91,40.4321924109574,-86.8589667593817,138,7660.73
1f6ab1b9-203d-4800-9c2f-0575ebaff4a6,40.4605530590427,-86.9259198915113,42,1132.09
3bbf4832-650a-47e3-8118-13ea10ec264c,40.4207112145848,-86.8948077794795,41,4444.29
b811b298-72d9-4efd-9671-3351c62aa1de,40.4305588508077,-86.9322783781362,77,4134.97
a05e2688-6ec0-45d9-a447-37df08b14d0b,40.4111329785537,-86.8388943049668,147,8755.44
e1d33256-6b3d-4dd2-9b32-5f76612e652a,40.4588534137584,-86.9346419800645,131,10516.61
170011b0-977b-444b-a647-c0e01b5f04fb,40.3712087386971,-86.8760295714969,64,6010.27
0fd3c4b0-ae9d-40b2-a07c-715b3b3b553a,40.4163089894492,-86.8931100604287,14,699.73
0bb04145-d02a-46c3-a800-6d0d42233c5c,40.4604830122282,-86.9246285810845,62,3948.52
dd423f77-d4ba-47f0-98c9-7d78e756d475,40.395526064273,-86.8668030901486,73,4654.99
0fd3c4b0-ae9d-40b2-a07c-715b3b3b553a,40.3840779693089,-86.8421377712301,158,12770.11
f25f38ba-f752-43fd-baec-05c57d7fd482,40.4173143495536,-86.8896206976387,9,786.14
b60e3152-a76d-4f75-998c-5ccb6225d74b,40.4175781544264,-86.8788060007846,101,6458.01
afbfbe89-3824-47d8-a4f2-727023af88ac,40.4222480105546,-86.9047997644742,59,4018.53
1f6ab1b9-203d-4800-9c2f-0575ebaff4a6,40.457042,-86.915715,91,2405.1
33064dc1-95a3-4a07-8352-58827f35895b,40.367241,-86.8686066191558,83,6226.71
002a917d-6cdc-46ab-bb61-4e54c64205ee,40.406348,-86.87663,19,1635.06
d556586f-5536-47a5-9e1f-9ad30028e9c9,40.4471142413576,-86.914832450945,133,6512.09
b60e3152-a76d-4f75-998c-5ccb6225d74b,40.402617667856,-86.8602496179809,68,4152.25
0bb04145-d02a-46c3-a800-6d0d42233c5c,40.4652879258389,-86.9291641262881,34,3016
afbfbe89-3824-47d8-a4f2-727023af88ac,40.4369246629397,-86.8972715905095,36,2233.95
93c1bdef-1567-4615-ab23-04d3cc324ca3,40.4282439801054,-86.9007729194149,22,1689.98
3326e01b-3c23-4fa9-bcd3-2acaafb07d2d,40.4218421908315,-86.8908520722966,8,580.6
3bbf4832-650a-47e3-8118-13ea10ec264c,40.4350573761774,-86.8866512269084,26,2658.28
3326e01b-3c23-4fa9-bcd3-2acaafb07d2d,40.4320703704399,-86.8668792764472,92,5872.57
0fd3c4b0-ae9d-40b2-a07c-715b3b3b553a,40.3816649545231,-86.8755428120818,131,9533.31
01b692f1-d433-46dc-bbc7-f1ccd7a75e1d,40.4167308105859,-86.814016852917,5,207.17
96c76f87-236b-4d10-a004-d18116c5a5a0,40.4368300259459,-86.9155186199636,26,1663
e8cb7b35-8b91-4734-bc08-322ef94d7dcd,40.4526730175369,-86.9619934702476,14,350.4
a05e2688-6ec0-45d9-a447-37df08b14d0b,40.4320790401711,-86.8776239046949,45,2873.32
1f6ab1b9-203d-4800-9c2f-0575ebaff4a6,40.4605783574287,-86.9253399716782,44,1181.21
ade7b7b0-935b-439e-966d-c3f250810c1a,40.4237748739088,-86.8930673186748,5,457.71
c7cc28c1-7c0e-4520-ae19-cb46fb733b6b,40.4310467548361,-86.9325609369898,84,6221.56
1f1c7703-f37e-4cab-90b2-34b3f54726f7,40.4600647810074,-86.9620814456566,67,4847.91
e81bb089-9706-4260-bf6e-57a054f3429f,40.42001154702,-86.8924421221722,3,244.07
170011b0-977b-444b-a647-c0e01b5f04fb,40.3638760853471,-86.8570407198874,102,8438.56
d556586f-5536-47a5-9e1f-9ad30028e9c9,40.4253553125096,-86.8993667426454,27,1622.11
3326e01b-3c23-4fa9-bcd3-2acaafb07d2d,40.3873388340268,-86.8400801903706,206,13531.23
93c1bdef-1567-4615-ab23-04d3cc324ca3,40.434560933811,-86.8981595033124,35,2445.62
eb71757f-5a3d-4a11-adc1-1d0b0e65c723,40.3857284810582,-86.9033393761349,82,6146.45
d556586f-5536-47a5-9e1f-9ad30028e9c9,40.4607456851175,-86.9262715022535,208,8958.83
b60e3152-a76d-4f75-998c-5ccb6225d74b,40.413824096957,-86.874648730668,91,5909.22
24732034-b22f-40df-870b-590d76e81a8c,40.3924174967848,-86.8368581238722,17,1342.78
01f4d3e9-bd6a-4bca-ab3c-3b44e6831475,40.3840779693089,-86.8421377712301,158,12770.11
f45e2fd4-e04e-476c-87ff-d079f18a5c71,40.4173133627546,-86.8917502589168,7,608.5
1f6ab1b9-203d-4800-9c2f-0575ebaff4a6,40.46052,-86.927399,39,1006.43
24732034-b22f-40df-870b-590d76e81a8c,40.3990478814907,-86.8082698201634,140,11964.87
b60e3152-a76d-4f75-998c-5ccb6225d74b,40.3937348340652,-86.8491456857244,51,2699.31
a05e2688-6ec0-45d9-a447-37df08b14d0b,40.4200272512452,-86.89305093247,2,191.31
1f1c7703-f37e-4cab-90b2-34b3f54726f7,40.4657493286485,-86.9374564410308,10,1206.33
56875f33-4f60-4591-a742-8e882d645c09,40.4377025730242,-86.9161328972125,52,3827.35
0a1d1408-7910-4fd5-b3f7-3ce7064b408b,40.4181783607484,-86.9059903396954,50,3409.88
a05e2688-6ec0-45d9-a447-37df08b14d0b,40.4228172379822,-86.8868108575983,16,1027.41
96c76f87-236b-4d10-a004-d18116c5a5a0,40.4520104420644,-86.9222629400203,64,3851.13
93c1bdef-1567-4615-ab23-04d3cc324ca3,40.4313672406351,-86.9141669061073,2,97.61
170011b0-977b-444b-a647-c0e01b5f04fb,40.3867206147928,-86.8512168879964,118,11464.11
e5c0c034-1aae-426b-a8b7-3e19ad8540c5,40.4257631555654,-86.8868308893937,53,4091.27
1f6ab1b9-203d-4800-9c2f-0575ebaff4a6,40.4212463153152,-86.8942619499124,224,8854.79
96c76f87-236b-4d10-a004-d18116c5a5a0,40.465853300062,-86.9284425378233,111,5923.93
96c76f87-236b-4d10-a004-d18116c5a5a0,40.480833268376,-86.9311869796293,168,11154.1
3326e01b-3c23-4fa9-bcd3-2acaafb07d2d,40.4341596342155,-86.8874140385931,62,3833.71
4b95220c-b38a-4e29-86e4-87b6928ae673,40.4029666411982,-86.8274587934376,115,6948.42
13bf0b02-f652-4609-943f-dbc509710e91,40.4161218555486,-86.8388727880169,53,3871.42
f25f38ba-f752-43fd-baec-05c57d7fd482,40.4174401934004,-86.8493239753909,48,4208.67
170011b0-977b-444b-a647-c0e01b5f04fb,40.3903411219077,-86.876443879894,42,3875.84
b811b298-72d9-4efd-9671-3351c62aa1de,40.4423848058215,-86.9420723284526,128,10846
dd423f77-d4ba-47f0-98c9-7d78e756d475,40.4047279301124,-86.8744457885292,53,3342.28
d556586f-5536-47a5-9e1f-9ad30028e9c9,40.446992662832,-86.91474707987,132,6496.77
93c1bdef-1567-4615-ab23-04d3cc324ca3,40.4563157060383,-86.901924440976,68,5133.08
c7cc28c1-7c0e-4520-ae19-cb46fb733b6b,40.4545627233626,-86.9292214444764,18,1212.31
32580df6-cf1f-4b44-970a-3d33e8c7feff,40.4189611254491,-86.8711374145873,34,2093.06
0bb04145-d02a-46c3-a800-6d0d42233c5c,40.4656826712046,-86.9279423002241,39,3131.95
e1d33256-6b3d-4dd2-9b32-5f76612e652a,40.4460728481392,-86.9226255010502,106,8227.79
a05e2688-6ec0-45d9-a447-37df08b14d0b,40.4320663471262,-86.8632824339439,59,4091.56
96c76f87-236b-4d10-a004-d18116c5a5a0,40.4327034724951,-86.91509932055,17,1197.21
33064dc1-95a3-4a07-8352-58827f35895b,40.3879402820243,-86.8968279454528,158,12598.87
3fa1788a-9312-405f-9fad-405ff4e7cdb3,40.4563105237705,-86.9019221638212,80,5124.25
e0c92e87-ef25-4f24-8979-fce9c3bc02dd,40.4461651947432,-86.9617998589809,8,360.03
002a917d-6cdc-46ab-bb61-4e54c64205ee,40.4182605277237,-86.8905096020985,56,3903.01
1f6ab1b9-203d-4800-9c2f-0575ebaff4a6,40.4606329747564,-86.92073682299,63,1578.53
e1d33256-6b3d-4dd2-9b32-5f76612e652a,40.4416052447315,-86.9412450858474,83,5822.24
002a917d-6cdc-46ab-bb61-4e54c64205ee,40.4182681114532,-86.8884775300565,52,3730.66
d556586f-5536-47a5-9e1f-9ad30028e9c9,40.4608386220268,-86.9244028606742,200,8797.55
28e019d7-aabd-407a-8617-6fb357801f08,40.3836685595871,-86.8425724756716,1,71.83
d556586f-5536-47a5-9e1f-9ad30028e9c9,40.459531387183,-86.9350130285807,242,9748.47
33064dc1-95a3-4a07-8352-58827f35895b,40.3671827602836,-86.8620239186195,49,4697.1
d556586f-5536-47a5-9e1f-9ad30028e9c9,40.4605202394456,-86.9196288883556,176,8373.97
0fd3c4b0-ae9d-40b2-a07c-715b3b3b553a,40.3818579218118,-86.8858041516374,122,8659.26
b811b298-72d9-4efd-9671-3351c62aa1de,40.4489643874435,-86.941335837884,35,801.14
eb71757f-5a3d-4a11-adc1-1d0b0e65c723,40.3958706960616,-86.8956946988116,112,9785.23
0a1d1408-7910-4fd5-b3f7-3ce7064b408b,40.4268701847235,-86.930621724302,7,411.65
01b692f1-d433-46dc-bbc7-f1ccd7a75e1d,40.4182363633294,-86.8903825743366,78,6852.33
d556586f-5536-47a5-9e1f-9ad30028e9c9,40.4264686480641,-86.8915521205346,15,859.04
3bbf4832-650a-47e3-8118-13ea10ec264c,40.4212851811576,-86.894336575768,40,4369.08
89055b80-8ef0-49cc-bbe3-6c7d5415021a,40.425514577469,-86.9289031368563,66,4319.01
4b95220c-b38a-4e29-86e4-87b6928ae673,40.4029956143118,-86.8280004064534,109,6879.16
28e019d7-aabd-407a-8617-6fb357801f08,40.3895501663401,-86.8399786832842,14,940.38
d556586f-5536-47a5-9e1f-9ad30028e9c9,40.4342205883758,-86.9057859465843,89,4809.82
092fb563-ae54-468c-ae0c-1f4db815f671,40.4313365729813,-86.9142004402268,70,5979.76
24732034-b22f-40df-870b-590d76e81a8c,40.3836758820267,-86.8425924967936,2,72.47
0a1d1408-7910-4fd5-b3f7-3ce7064b408b,40.4183152369109,-86.9065679418445,45,3351.32
d556586f-5536-47a5-9e1f-9ad30028e9c9,40.4481902050632,-86.9157254151238,143,6657.14
1f6ab1b9-203d-4800-9c2f-0575ebaff4a6,40.4602780357114,-86.9332279052298,19,499.49
3326e01b-3c23-4fa9-bcd3-2acaafb07d2d,40.4215426016202,-86.846491792535,154,9036.92
24732034-b22f-40df-870b-590d76e81a8c,40.4031733121917,-86.8275199487647,52,3632.98
d556586f-5536-47a5-9e1f-9ad30028e9c9,40.4473983900168,-86.9151374002724,135,6552.87
eb71757f-5a3d-4a11-adc1-1d0b0e65c723,40.3826139147393,-86.8878993890881,51,4444.32
1f6ab1b9-203d-4800-9c2f-0575ebaff4a6,40.4605722744893,-86.9306350892503,27,725.7
e1d33256-6b3d-4dd2-9b32-5f76612e652a,40.4239977158947,-86.9103876147443,40,1899.58
33064dc1-95a3-4a07-8352-58827f35895b,40.3879736127216,-86.8912391025358,154,12125.65
1f1c7703-f37e-4cab-90b2-34b3f54726f7,40.457634,-86.962144,69,5118.83
e1d33256-6b3d-4dd2-9b32-5f76612e652a,40.4216983252022,-86.9035141987432,31,1244.99
3326e01b-3c23-4fa9-bcd3-2acaafb07d2d,40.4284397443495,-86.8449289959454,116,8139.11
f25f38ba-f752-43fd-baec-05c57d7fd482,40.417357860483,-86.8753359814232,23,2002.11
24732034-b22f-40df-870b-590d76e81a8c,40.4034129533734,-86.8278116180403,96,6826.6
e5c0c034-1aae-426b-a8b7-3e19ad8540c5,40.43970427835,-86.8795393128036,27,1993.58
b60e3152-a76d-4f75-998c-5ccb6225d74b,40.3841419513809,-86.84196448047,4,149.89
96c76f87-236b-4d10-a004-d18116c5a5a0,40.4402256955432,-86.918124608954,32,2102.37
0a1d1408-7910-4fd5-b3f7-3ce7064b408b,40.4182558489783,-86.8884049343772,94,5783.16
1f6ab1b9-203d-4800-9c2f-0575ebaff4a6,40.4606319866689,-86.9243462412808,56,1272.44
e1d33256-6b3d-4dd2-9b32-5f76612e652a,40.4595469812075,-86.9348626144446,125,10406.29
eb71757f-5a3d-4a11-adc1-1d0b0e65c723,40.4049674609704,-86.8929578181304,118,10837.63
e1d33256-6b3d-4dd2-9b32-5f76612e652a,40.4241582963036,-86.9158698498778,46,2365.89
c7cc28c1-7c0e-4520-ae19-cb46fb733b6b,40.4497125200498,-86.9246587664462,38,1889.29
24732034-b22f-40df-870b-590d76e81a8c,40.4095658959441,-86.8289522224203,66,4381.16
0bb04145-d02a-46c3-a800-6d0d42233c5c,40.4605554318759,-86.9246862485818,61,3939.11
96c76f87-236b-4d10-a004-d18116c5a5a0,40.4795966474531,-86.9311156289612,154,10390.63
13bf0b02-f652-4609-943f-dbc509710e91,40.4062607582118,-86.8385883361914,39,2765.01
3326e01b-3c23-4fa9-bcd3-2acaafb07d2d,40.4205713764841,-86.8458235448876,160,9171.29
a05e2688-6ec0-45d9-a447-37df08b14d0b,40.4320863964148,-86.8738934760585,46,3188.85
dd423f77-d4ba-47f0-98c9-7d78e756d475,40.417262,-86.893175,6,483.15
a05e2688-6ec0-45d9-a447-37df08b14d0b,40.4205624899832,-86.8435970421644,128,7275.39
01b692f1-d433-46dc-bbc7-f1ccd7a75e1d,40.4177031169953,-86.8479978649615,34,3212.92
c7cc28c1-7c0e-4520-ae19-cb46fb733b6b,40.4453772244471,-86.9440392356158,65,4340.98
89055b80-8ef0-49cc-bbe3-6c7d5415021a,40.4239813993153,-86.9103453275116,57,2605.53
3326e01b-3c23-4fa9-bcd3-2acaafb07d2d,40.4321084651409,-86.8567682958937,102,6731.67
01b692f1-d433-46dc-bbc7-f1ccd7a75e1d,40.4176418850649,-86.8541719218414,37,3735.55
13bf0b02-f652-4609-943f-dbc509710e91,40.4089628000287,-86.838711653607,41,3065.81
0a1d1408-7910-4fd5-b3f7-3ce7064b408b,40.4200205457223,-86.888530068906,85,5302.42
0bb04145-d02a-46c3-a800-6d0d42233c5c,40.4519930217752,-86.9215608845156,80,5174.14
01f4d3e9-bd6a-4bca-ab3c-3b44e6831475,40.406603,-86.893028,24,1781.3
002a917d-6cdc-46ab-bb61-4e54c64205ee,40.3954747786237,-86.8709926009432,1,18.34
afbfbe89-3824-47d8-a4f2-727023af88ac,40.4497461861057,-86.9008983810978,10,596.56
d556586f-5536-47a5-9e1f-9ad30028e9c9,40.4335657821008,-86.9057624020773,88,4737.03
1f1c7703-f37e-4cab-90b2-34b3f54726f7,40.4659051029979,-86.9620692027578,64,4197.29
e8cb7b35-8b91-4734-bc08-322ef94d7dcd,40.452999958286,-86.9618661051559,7,259.93
24732034-b22f-40df-870b-590d76e81a8c,40.4138718973411,-86.8267993472702,71,5045.11
33064dc1-95a3-4a07-8352-58827f35895b,40.3903879077687,-86.8763473761526,125,9462.27
092fb563-ae54-468c-ae0c-1f4db815f671,40.4547767282757,-86.9294319724615,47,3014.11
13bf0b02-f652-4609-943f-dbc509710e91,40.4218764483398,-86.8904437646806,194,11510.38
002a917d-6cdc-46ab-bb61-4e54c64205ee,40.4100545621628,-86.8771834690317,29,2067.39
d556586f-5536-47a5-9e1f-9ad30028e9c9,40.4605079561428,-86.9331346465712,235,9553.24
b811b298-72d9-4efd-9671-3351c62aa1de,40.4314078647737,-86.9209593189334,95,5138.62
0bb04145-d02a-46c3-a800-6d0d42233c5c,40.4650133804108,-86.9266973847136,45,3264.17
4b95220c-b38a-4e29-86e4-87b6928ae673,40.3940587021331,-86.8370648565788,28,1546.56
a05e2688-6ec0-45d9-a447-37df08b14d0b,40.4320743492998,-86.8825119490326,37,2455.79
3326e01b-3c23-4fa9-bcd3-2acaafb07d2d,40.4247340892098,-86.8869055406066,20,1240.27
89055b80-8ef0-49cc-bbe3-6c7d5415021a,40.4184220119715,-86.9068121999124,41,1696
24732034-b22f-40df-870b-590d76e81a8c,40.4024156057191,-86.8054185580729,158,12557.82
270e300e-042e-44fa-b9c9-e21538746b2f,40.3988109766728,-86.8058737698718,6,280.18
01f4d3e9-bd6a-4bca-ab3c-3b44e6831475,40.3835200748168,-86.8426047486233,162,12849.6
002a917d-6cdc-46ab-bb61-4e54c64205ee,40.4018700362367,-86.8699973446129,10,876.42
e5c0c034-1aae-426b-a8b7-3e19ad8540c5,40.4321548600289,-86.8814812231947,40,2911.65
33064dc1-95a3-4a07-8352-58827f35895b,40.367177774381,-86.8636908494654,77,5804.92
b811b298-72d9-4efd-9671-3351c62aa1de,40.4386994504153,-86.93774190174,125,10296.01
d556586f-5536-47a5-9e1f-9ad30028e9c9,40.4607735843771,-86.920110957182,182,8425.59
9172832a-d99f-4400-b801-baf4cfd054b7,40.4493168593416,-86.941805851025,19,733.21
13bf0b02-f652-4609-943f-dbc509710e91,40.4207822235665,-86.8397283182326,63,4468.28
24732034-b22f-40df-870b-590d76e81a8c,40.4018563120964,-86.8052311728613,161,12626.38
b811b298-72d9-4efd-9671-3351c62aa1de,40.4499727755769,-86.9407660925845,12,441.16
b60e3152-a76d-4f75-998c-5ccb6225d74b,40.409462,-86.86967,81,5259.01
b811b298-72d9-4efd-9671-3351c62aa1de,40.4315493496666,-86.9275501106499,111,8898.15
1f6ab1b9-203d-4800-9c2f-0575ebaff4a6,40.46057,-86.92061,65,1591.72
c7cc28c1-7c0e-4520-ae19-cb46fb733b6b,40.4460697893534,-86.9436220732617,61,4186.26
96c76f87-236b-4d10-a004-d18116c5a5a0,40.4807701496054,-86.9345717807174,163,10856.71
0fd3c4b0-ae9d-40b2-a07c-715b3b3b553a,40.3893712742197,-86.912928100368,64,5106.21
d556586f-5536-47a5-9e1f-9ad30028e9c9,40.425377,-86.892891,10,640.26
24732034-b22f-40df-870b-590d76e81a8c,40.39319967937,-86.8366439849552,22,1433.04
24732034-b22f-40df-870b-590d76e81a8c,40.3839638695986,-86.8423818044747,4,109.69
b811b298-72d9-4efd-9671-3351c62aa1de,40.4308039936768,-86.9323022338147,75,4107.45
f45e2fd4-e04e-476c-87ff-d079f18a5c71,40.3838439958426,-86.8425079208744,104,8034.25
24732034-b22f-40df-870b-590d76e81a8c,40.4028606083913,-86.8274738957212,103,6940.59
56875f33-4f60-4591-a742-8e882d645c09,40.468901611227,-86.9434307530778,84,8136.89
3326e01b-3c23-4fa9-bcd3-2acaafb07d2d,40.4344617216296,-86.8872085405329,38,2357.22
9172832a-d99f-4400-b801-baf4cfd054b7,40.4489902691596,-86.9414752089424,27,792.51
13bf0b02-f652-4609-943f-dbc509710e91,40.4143230531455,-86.8388197838719,50,3667.38
0fd3c4b0-ae9d-40b2-a07c-715b3b3b553a,40.3925814160523,-86.9042260587487,52,3854.15
170011b0-977b-444b-a647-c0e01b5f04fb,40.3671477069116,-86.8627866368488,85,7591.15
93c1bdef-1567-4615-ab23-04d3cc324ca3,40.4475961358301,-86.899431714159,54,3962.92
3326e01b-3c23-4fa9-bcd3-2acaafb07d2d,40.4205624899832,-86.8435970421644,164,9361.59
b60e3152-a76d-4f75-998c-5ccb6225d74b,40.3932896490866,-86.848649641791,29,1994.79
f45e2fd4-e04e-476c-87ff-d079f18a5c71,40.3917439013949,-86.849696613006,66,5805.74
b811b298-72d9-4efd-9671-3351c62aa1de,40.4492088156293,-86.94155963475,26,754.04
0fd3c4b0-ae9d-40b2-a07c-715b3b3b553a,40.4019913470448,-86.8930502167963,29,2294.74
e0c92e87-ef25-4f24-8979-fce9c3bc02dd,40.4642043741188,-86.9362927189535,51,5030.26
3326e01b-3c23-4fa9-bcd3-2acaafb07d2d,40.4064034754144,-86.8387334230096,186,11368.4
96c76f87-236b-4d10-a004-d18116c5a5a0,40.4583604870391,-86.9245304889592,73,4755.27
01f4d3e9-bd6a-4bca-ab3c-3b44e6831475,40.3834081233469,-86.8903160297175,115,8232.13
afbfbe89-3824-47d8-a4f2-727023af88ac,40.4271234769777,-86.9014698445413,51,3387.52
a05e2688-6ec0-45d9-a447-37df08b14d0b,40.432084,-86.859863,62,4381.89
1f6ab1b9-203d-4800-9c2f-0575ebaff4a6,40.4604297207502,-86.9202930995941,69,1625.42
1f6ab1b9-203d-4800-9c2f-0575ebaff4a6,40.4604488891178,-86.9303783308352,31,751.76
0bb04145-d02a-46c3-a800-6d0d42233c5c,40.4315392930233,-86.9145327457507,129,7918.67
3fa1788a-9312-405f-9fad-405ff4e7cdb3,40.4459396218559,-86.8993227060189,62,3765.73
270e300e-042e-44fa-b9c9-e21538746b2f,40.3982017994925,-86.8384828185407,35,4015.87
4b95220c-b38a-4e29-86e4-87b6928ae673,40.405849979872,-86.8286297796607,97,6528.91
1f6ab1b9-203d-4800-9c2f-0575ebaff4a6,40.4605113910919,-86.9316379206244,23,638.92
1f6ab1b9-203d-4800-9c2f-0575ebaff4a6,40.44682798315,-86.9146779469073,108,3576.95
24732034-b22f-40df-870b-590d76e81a8c,40.401044,-86.804833,163,12725.25
c7cc28c1-7c0e-4520-ae19-cb46fb733b6b,40.4460671294824,-86.9434088688989,59,4167.14
f45e2fd4-e04e-476c-87ff-d079f18a5c71,40.4153015667188,-86.8763570991655,21,2019.36
a05e2688-6ec0-45d9-a447-37df08b14d0b,40.4245743355236,-86.8868965015759,18,1223.27
96c76f87-236b-4d10-a004-d18116c5a5a0,40.4653345246987,-86.9289922114996,115,6001.73
9172832a-d99f-4400-b801-baf4cfd054b7,40.4491455825499,-86.9414844620914,24,773.44
0bb04145-d02a-46c3-a800-6d0d42233c5c,40.4556331566566,-86.9246118698223,70,4491.68
3326e01b-3c23-4fa9-bcd3-2acaafb07d2d,40.4320790401712,-86.8707654568824,87,5543.35
1f6ab1b9-203d-4800-9c2f-0575ebaff4a6,40.4604614146356,-86.9197642537509,74,1671.29
1f6ab1b9-203d-4800-9c2f-0575ebaff4a6,40.435305,-86.905928,144,5117.7
fa3c48c4-e5ed-42ea-a149-8f48abc3adb2,40.4173152926365,-86.8892737193126,10,820.12
c7cc28c1-7c0e-4520-ae19-cb46fb733b6b,40.4240138845285,-86.9110540519744,116,8676.74
3326e01b-3c23-4fa9-bcd3-2acaafb07d2d,40.4264840306202,-86.847281628809,141,8466.27
cf98ced7-c172-4e65-98ed-b92c8d5118ed,40.4049674609704,-86.8929578181304,118,10837.63
f25f38ba-f752-43fd-baec-05c57d7fd482,40.4173404561146,-86.8838970956024,15,1274.87
4e025ba5-8f41-4b28-a28d-f15951c5a468,40.4315953097652,-86.9268298003347,11,2984.25
b60e3152-a76d-4f75-998c-5ccb6225d74b,40.389442,-86.839644,13,909.61
0bb04145-d02a-46c3-a800-6d0d42233c5c,40.4678570891738,-86.931798953165,22,2472.37
32580df6-cf1f-4b44-970a-3d33e8c7feff,40.4200124990948,-86.89084079211,7,389.57
13bf0b02-f652-4609-943f-dbc509710e91,40.4298781248202,-86.8871256152349,174,10314.49
a05e2688-6ec0-45d9-a447-37df08b14d0b,40.3900547343937,-86.8383951527988,166,11108.77
b60e3152-a76d-4f75-998c-5ccb6225d74b,40.3938011910791,-86.8492316704383,26,1918.93
3fa1788a-9312-405f-9fad-405ff4e7cdb3,40.4356920992198,-86.8993441731682,44,2619.32
cf98ced7-c172-4e65-98ed-b92c8d5118ed,40.3933966318175,-86.9019794518144,108,9181.4
0bb04145-d02a-46c3-a800-6d0d42233c5c,40.4327959080217,-86.9151898869985,123,7764.15
0bb04145-d02a-46c3-a800-6d0d42233c5c,40.435622185972,-86.9153442848614,118,7449.46
d556586f-5536-47a5-9e1f-9ad30028e9c9,40.4413367890451,-86.9101160566924,111,5726.48
b2d5f522-ef1c-4f6f-a88e-f9f90dc80c88,40.467263222763,-86.9472977864917,15,634.91
33064dc1-95a3-4a07-8352-58827f35895b,40.3896262198141,-86.8858781381778,151,11488.3
170011b0-977b-444b-a647-c0e01b5f04fb,40.3670541407086,-86.8741703065767,69,6622.04
33064dc1-95a3-4a07-8352-58827f35895b,40.3867591948224,-86.8564912468804,25,1988.33
dd423f77-d4ba-47f0-98c9-7d78e756d475,40.4091570294497,-86.8768833916233,43,2755.14
0bb04145-d02a-46c3-a800-6d0d42233c5c,40.4313863945668,-86.9165624537953,134,8097.68
b60e3152-a76d-4f75-998c-5ccb6225d74b,40.4182359215863,-86.8903952483627,116,7468.95
092fb563-ae54-468c-ae0c-1f4db815f671,40.466863787508,-86.9462712734064,22,759.84
3bbf4832-650a-47e3-8118-13ea10ec264c,40.4515307663996,-86.8771461114027,4,612.06
24732034-b22f-40df-870b-590d76e81a8c,40.4155771540709,-86.827910130444,75,5308.61
e1d33256-6b3d-4dd2-9b32-5f76612e652a,40.4362708159322,-86.9359781175539,77,5074.71
f45e2fd4-e04e-476c-87ff-d079f18a5c71,40.3916115659082,-86.8494180575239,69,5835.96
a05e2688-6ec0-45d9-a447-37df08b14d0b,40.4266054237488,-86.8472490354186,102,6365.17
3326e01b-3c23-4fa9-bcd3-2acaafb07d2d,40.4148956778032,-86.8390217217921,180,10420.37
4b95220c-b38a-4e29-86e4-87b6928ae673,40.4043337738109,-86.8277199841688,59,3761.93
170011b0-977b-444b-a647-c0e01b5f04fb,40.3837432699625,-86.8425742433702,135,12927.65
1f6ab1b9-203d-4800-9c2f-0575ebaff4a6,40.4593171468812,-86.9336202098355,11,341.59
f45e2fd4-e04e-476c-87ff-d079f18a5c71,40.3925316531316,-86.8494245131389,62,5672.12
a05e2688-6ec0-45d9-a447-37df08b14d0b,40.4206156130836,-86.8411744467149,131,7481.71
b811b298-72d9-4efd-9671-3351c62aa1de,40.4304060143691,-86.932091508654,79,4158.46
1f6ab1b9-203d-4800-9c2f-0575ebaff4a6,40.4367862175266,-86.906079663484,139,4949.55
33064dc1-95a3-4a07-8352-58827f35895b,40.3744862663792,-86.8759849197562,105,7683.9
33064dc1-95a3-4a07-8352-58827f35895b,40.393413127939,-86.87641461182,131,9802.44
1f6ab1b9-203d-4800-9c2f-0575ebaff4a6,40.4604494658056,-86.9192329474971,76,1716.24
13bf0b02-f652-4609-943f-dbc509710e91,40.4284207531396,-86.8448998046938,120,6027.18
e5c0c034-1aae-426b-a8b7-3e19ad8540c5,40.432113104614,-86.8815517254572,41,2919.21
e5c0c034-1aae-426b-a8b7-3e19ad8540c5,40.4377766176757,-86.8743839109268,9,1041.9
63c2c448-4a2f-4a35-a796-66b635935f73,40.4190545237514,-86.8654036542468,11,731.82
89055b80-8ef0-49cc-bbe3-6c7d5415021a,40.4185303637131,-86.9060714241156,38,1630.77
e5c0c034-1aae-426b-a8b7-3e19ad8540c5,40.4408876745896,-86.8744297617241,16,1398.75
56875f33-4f60-4591-a742-8e882d645c09,40.4303273927748,-86.9191719901854,35,2511.13
0a1d1408-7910-4fd5-b3f7-3ce7064b408b,40.4182698067675,-86.8930600335842,76,4718.89
ade7b7b0-935b-439e-966d-c3f250810c1a,40.4334938090266,-86.8871832753979,22,1713.11
01b692f1-d433-46dc-bbc7-f1ccd7a75e1d,40.4207112145848,-86.8948077794795,88,7590.9
0bb04145-d02a-46c3-a800-6d0d42233c5c,40.4649313796435,-86.9250166126073,48,3407.43
e5c0c034-1aae-426b-a8b7-3e19ad8540c5,40.4406395428266,-86.8774273205598,23,1784.55
1f1c7703-f37e-4cab-90b2-34b3f54726f7,40.4576474319861,-86.9327649574359,4,131.29
1f6ab1b9-203d-4800-9c2f-0575ebaff4a6,40.4574538784615,-86.9332847740404,7,91.21
170011b0-977b-444b-a647-c0e01b5f04fb,40.3930019016051,-86.8858847537938,23,2252.67
f45e2fd4-e04e-476c-87ff-d079f18a5c71,40.3940670820263,-86.8485934229774,82,6274.54
0fd3c4b0-ae9d-40b2-a07c-715b3b3b553a,40.4051725837149,-86.8929963183186,28,1941.21
3326e01b-3c23-4fa9-bcd3-2acaafb07d2d,40.432084,-86.859863,98,6468.34
96c76f87-236b-4d10-a004-d18116c5a5a0,40.467824,-86.938576,130,7119.89
33064dc1-95a3-4a07-8352-58827f35895b,40.3874115876801,-86.9047346356353,169,13325.82
c7cc28c1-7c0e-4520-ae19-cb46fb733b6b,40.4501200637782,-86.9249636202574,36,1837.08
13bf0b02-f652-4609-943f-dbc509710e91,40.4219173612943,-86.8877679779573,192,11283.6
d556586f-5536-47a5-9e1f-9ad30028e9c9,40.4254339685403,-86.9003075412574,29,1702.28
96c76f87-236b-4d10-a004-d18116c5a5a0,40.4504181176383,-86.9193721656021,59,3512.62
0fd3c4b0-ae9d-40b2-a07c-715b3b3b553a,40.3930361803196,-86.9093386476838,57,4291.19
13bf0b02-f652-4609-943f-dbc509710e91,40.3869982485986,-86.8402470275761,14,572.93
f45e2fd4-e04e-476c-87ff-d079f18a5c71,40.4012279109753,-86.8583930987154,40,4210.38
13bf0b02-f652-4609-943f-dbc509710e91,40.4214890650764,-86.8463871530122,78,5119.48
092fb563-ae54-468c-ae0c-1f4db815f671,40.4539893838161,-86.9285191254925,48,3130.78
eb71757f-5a3d-4a11-adc1-1d0b0e65c723,40.3849408966893,-86.8415267991696,7,291.26
24732034-b22f-40df-870b-590d76e81a8c,40.4025049527382,-86.8063654878147,156,12477.01
13bf0b02-f652-4609-943f-dbc509710e91,40.4271709069885,-86.847045938524,106,5785.85
0fd3c4b0-ae9d-40b2-a07c-715b3b3b553a,40.4163843734942,-86.8932989189696,12,681.22
89055b80-8ef0-49cc-bbe3-6c7d5415021a,40.4246849074772,-86.9289710777385,65,4226.64
b60e3152-a76d-4f75-998c-5ccb6225d74b,40.3925316531316,-86.8494245131389,33,2156.63
33064dc1-95a3-4a07-8352-58827f35895b,40.3852520086669,-86.8762500666698,117,8887.68
a05e2688-6ec0-45d9-a447-37df08b14d0b,40.4321207255411,-86.8559661570935,67,4713.08
3326e01b-3c23-4fa9-bcd3-2acaafb07d2d,40.4319785047609,-86.8871046054522,32,2047.69
170011b0-977b-444b-a647-c0e01b5f04fb,40.3836149205932,-86.8762871251278,51,4626.26
1f1c7703-f37e-4cab-90b2-34b3f54726f7,40.4683365603335,-86.9553798000367,45,3145.8
e1d33256-6b3d-4dd2-9b32-5f76612e652a,40.4191132098814,-86.8942502901295,2,192.06
afbfbe89-3824-47d8-a4f2-727023af88ac,40.443544447682,-86.8995777347064,24,1321.78
d556586f-5536-47a5-9e1f-9ad30028e9c9,40.4466764407796,-86.9145177341158,130,6456.48
002a917d-6cdc-46ab-bb61-4e54c64205ee,40.4100237290796,-86.8822764891132,36,2501.28
9172832a-d99f-4400-b801-baf4cfd054b7,40.4493346042095,-86.9420076062231,18,716.04
3326e01b-3c23-4fa9-bcd3-2acaafb07d2d,40.4277166459727,-86.8869886335774,27,1573.28
b811b298-72d9-4efd-9671-3351c62aa1de,40.4471130577344,-86.9406853195325,47,1029.21
24732034-b22f-40df-870b-590d76e81a8c,40.3835160778579,-86.8426055733992,1,54.68
3326e01b-3c23-4fa9-bcd3-2acaafb07d2d,40.4343743693547,-86.8873152968936,64,3859.51
a05e2688-6ec0-45d9-a447-37df08b14d0b,40.4276192443144,-86.8869435421791,26,1564.48
e1d33256-6b3d-4dd2-9b32-5f76612e652a,40.4182302682249,-86.8975389387015,9,569.41
4aac4c21-daca-4d3b-abb9-c9efb54fea4a,40.430362,-86.913149,0,0
d556586f-5536-47a5-9e1f-9ad30028e9c9,40.4266630367436,-86.9038280489342,37,2034.03
13bf0b02-f652-4609-943f-dbc509710e91,40.4313931126233,-86.887203716469,172,10145.38
4b95220c-b38a-4e29-86e4-87b6928ae673,40.4098160680161,-86.8289664826349,73,4407.42
9172832a-d99f-4400-b801-baf4cfd054b7,40.4499664727554,-86.9407808535108,9,445.51
0bb04145-d02a-46c3-a800-6d0d42233c5c,40.4808487550999,-86.9310750056572,1,9.62
b60e3152-a76d-4f75-998c-5ccb6225d74b,40.3914694281977,-86.8439635360224,18,1340.04
b811b298-72d9-4efd-9671-3351c62aa1de,40.4479101977897,-86.9444624832411,134,11555.55
b811b298-72d9-4efd-9671-3351c62aa1de,40.4315953097652,-86.9268298003347,110,8837.01
d556586f-5536-47a5-9e1f-9ad30028e9c9,40.4454421470617,-86.9140120936314,126,6309.35
3bbf4832-650a-47e3-8118-13ea10ec264c,40.4334883402553,-86.8872225293097,29,2839.46
eb71757f-5a3d-4a11-adc1-1d0b0e65c723,40.3819726891603,-86.8549920209801,16,1622.63
c7cc28c1-7c0e-4520-ae19-cb46fb733b6b,40.4239320787014,-86.90818671189,118,8919.6
170011b0-977b-444b-a647-c0e01b5f04fb,40.386845202224,-86.8509039761002,119,11493.99
f45e2fd4-e04e-476c-87ff-d079f18a5c71,40.3873388340268,-86.8400801903706,93,7516.56
d556586f-5536-47a5-9e1f-9ad30028e9c9,40.4252934137276,-86.8968471665937,26,1408.87
fa3c48c4-e5ed-42ea-a149-8f48abc3adb2,40.383897109077,-86.8424581151871,103,8027
170011b0-977b-444b-a647-c0e01b5f04fb,40.3953189871799,-86.8820639245192,31,2841.28
1f6ab1b9-203d-4800-9c2f-0575ebaff4a6,40.426621,-86.908275,188,7131.44
f45e2fd4-e04e-476c-87ff-d079f18a5c71,40.3899225506444,-86.8408647522331,90,7101.17
13bf0b02-f652-4609-943f-dbc509710e91,40.4007850988791,-86.8384690434948,34,2155.51
33064dc1-95a3-4a07-8352-58827f35895b,40.3921993630524,-86.8763367685691,127,9664.32
1f1c7703-f37e-4cab-90b2-34b3f54726f7,40.4606749181415,-86.9620692027577,65,4778.47
3326e01b-3c23-4fa9-bcd3-2acaafb07d2d,40.4321198744308,-86.8871188794658,34,2063.66
33064dc1-95a3-4a07-8352-58827f35895b,40.3954234173093,-86.8789630142097,135,10236.83
0fd3c4b0-ae9d-40b2-a07c-715b3b3b553a,40.4182371642154,-86.8942494161065,6,398.05
002a917d-6cdc-46ab-bb61-4e54c64205ee,40.4100696984967,-86.8816032308383,34,2443.01
1f1c7703-f37e-4cab-90b2-34b3f54726f7,40.4697002525079,-86.9459508091432,29,2127.64
170011b0-977b-444b-a647-c0e01b5f04fb,40.3953959468819,-86.8765103246407,36,3312.76
3fa1788a-9312-405f-9fad-405ff4e7cdb3,40.4378451383674,-86.8992698926502,51,2862.1
b60e3152-a76d-4f75-998c-5ccb6225d74b,40.3920586321124,-86.8500846277478,37,2241.61
1f1c7703-f37e-4cab-90b2-34b3f54726f7,40.4543192955446,-86.9621406174982,72,5489.67
9172832a-d99f-4400-b801-baf4cfd054b7,40.4491108641737,-86.9415123368184,25,777.96
eb71757f-5a3d-4a11-adc1-1d0b0e65c723,40.3846724990452,-86.9088214096774,91,6989.67
d556586f-5536-47a5-9e1f-9ad30028e9c9,40.4465151821283,-86.9144371394577,129,6437.31
89055b80-8ef0-49cc-bbe3-6c7d5415021a,40.4185766840695,-86.9046770503565,33,1503.99
f25f38ba-f752-43fd-baec-05c57d7fd482,40.4173105967215,-86.8818818957508,19,1446.54
f45e2fd4-e04e-476c-87ff-d079f18a5c71,40.4138702400846,-86.8748306855458,23,2224.5
24732034-b22f-40df-870b-590d76e81a8c,40.406895,-86.828839,65,4084.22
1f6ab1b9-203d-4800-9c2f-0575ebaff4a6,40.457419427043,-86.9334015910162,6,80.62
d556586f-5536-47a5-9e1f-9ad30028e9c9,40.4259057974724,-86.8914590976476,18,922.98
56875f33-4f60-4591-a742-8e882d645c09,40.4344414869942,-86.9151839799308,47,3448.13
3326e01b-3c23-4fa9-bcd3-2acaafb07d2d,40.4218311605381,-86.8919767752719,7,485.45
96c76f87-236b-4d10-a004-d18116c5a5a0,40.4806411444965,-86.9279844448388,147,9980.38
170011b0-977b-444b-a647-c0e01b5f04fb,40.3848321653119,-86.8414306199408,129,12731.77
eb71757f-5a3d-4a11-adc1-1d0b0e65c723,40.3835713013865,-86.8960706836051,68,5170.24
1f6ab1b9-203d-4800-9c2f-0575ebaff4a6,40.425085869736,-86.8942165441122,210,8353.34
d556586f-5536-47a5-9e1f-9ad30028e9c9,40.4455965167903,-86.9140772938039,128,6330.79
33064dc1-95a3-4a07-8352-58827f35895b,40.367139899575,-86.871190706101,89,6452.79
01b692f1-d433-46dc-bbc7-f1ccd7a75e1d,40.4178291220175,-86.829524334294,19,1641.48
4b95220c-b38a-4e29-86e4-87b6928ae673,40.4030791249815,-86.8279735496097,108,6869.61
89055b80-8ef0-49cc-bbe3-6c7d5415021a,40.4182681114532,-86.8884775300565,0,0
0bb04145-d02a-46c3-a800-6d0d42233c5c,40.466036241337,-86.9318408470197,24,2674.79
c7cc28c1-7c0e-4520-ae19-cb46fb733b6b,40.4573457944972,-86.9337706236426,2,39.53
a05e2688-6ec0-45d9-a447-37df08b14d0b,40.4319785047609,-86.8871046054522,32,2050.37
1f1c7703-f37e-4cab-90b2-34b3f54726f7,40.4675769385327,-86.9416710484503,13,1622.65
13bf0b02-f652-4609-943f-dbc509710e91,40.4225400962313,-86.8470685543139,81,5251.4
3326e01b-3c23-4fa9-bcd3-2acaafb07d2d,40.3872079083813,-86.8401351386735,207,13546.5
f45e2fd4-e04e-476c-87ff-d079f18a5c71,40.4201372218214,-86.8942565854941,1,79.01
24732034-b22f-40df-870b-590d76e81a8c,40.392968859265,-86.8367910347491,20,1404.51
b60e3152-a76d-4f75-998c-5ccb6225d74b,40.3934099066085,-86.8487282051389,50,2648.79
0a1d1408-7910-4fd5-b3f7-3ce7064b408b,40.4273197454615,-86.928963486371,2,201.01
01b692f1-d433-46dc-bbc7-f1ccd7a75e1d,40.4182259785559,-86.8927584307099,81,7054.15
0fd3c4b0-ae9d-40b2-a07c-715b3b3b553a,40.3846153846154,-86.9085608070231,82,5921.09
4b95220c-b38a-4e29-86e4-87b6928ae673,40.38494900095,-86.8415265520587,8,294.57
0a1d1408-7910-4fd5-b3f7-3ce7064b408b,40.4185747534904,-86.9102948180736,38,3024.46
d556586f-5536-47a5-9e1f-9ad30028e9c9,40.4255264237571,-86.9007734087782,30,1743.01
4b95220c-b38a-4e29-86e4-87b6928ae673,40.4018328209524,-86.8082932690936,130,9305.11
01b692f1-d433-46dc-bbc7-f1ccd7a75e1d,40.4182550122835,-86.8929220084798,82,7068.36
1f6ab1b9-203d-4800-9c2f-0575ebaff4a6,40.42503069919,-86.8936931267833,212,8398.06
e8cb7b35-8b91-4734-bc08-322ef94d7dcd,40.4529701150263,-86.9575093880409,18,734.23
d556586f-5536-47a5-9e1f-9ad30028e9c9,40.4606518276786,-86.9207391375914,188,8481.8
ade7b7b0-935b-439e-966d-c3f250810c1a,40.446225911726,-86.880243580567,42,3279.15
63c2c448-4a2f-4a35-a796-66b635935f73,40.4200572124949,-86.8882392971598,40,2703.46
afbfbe89-3824-47d8-a4f2-727023af88ac,40.4223374361664,-86.9043069158948,56,3971.85
afbfbe89-3824-47d8-a4f2-727023af88ac,40.4256946986639,-86.9022665738492,52,3560
0bb04145-d02a-46c3-a800-6d0d42233c5c,40.431452911094,-86.9146301446799,130,7931.32
b2d5f522-ef1c-4f6f-a88e-f9f90dc80c88,40.4654773283966,-86.9374695603197,34,1640.15
b60e3152-a76d-4f75-998c-5ccb6225d74b,40.3911701424038,-86.8433533281846,16,1278
3fa1788a-9312-405f-9fad-405ff4e7cdb3,40.4297929588599,-86.9001480413175,31,1882.5
a05e2688-6ec0-45d9-a447-37df08b14d0b,40.4218449484045,-86.8907470275743,10,590.12
13bf0b02-f652-4609-943f-dbc509710e91,40.4322159873137,-86.844897114335,129,6461.43
24732034-b22f-40df-870b-590d76e81a8c,40.392088866562,-86.8383287899302,14,1177.87
32580df6-cf1f-4b44-970a-3d33e8c7feff,40.4221052315599,-86.8606049094041,65,4139.07
1f6ab1b9-203d-4800-9c2f-0575ebaff4a6,40.4251701579829,-86.8953861805281,208,8253.68
4b95220c-b38a-4e29-86e4-87b6928ae673,40.4055874309794,-86.828299765866,98,6569.29
89055b80-8ef0-49cc-bbe3-6c7d5415021a,40.4191569334725,-86.8999680592311,12,999.18
33064dc1-95a3-4a07-8352-58827f35895b,40.367268,-86.865301,80,5943.2
c7cc28c1-7c0e-4520-ae19-cb46fb733b6b,40.420926369817,-86.9015461564488,126,9574.2
33064dc1-95a3-4a07-8352-58827f35895b,40.3661400505749,-86.8604325416776,57,5070.1
e1d33256-6b3d-4dd2-9b32-5f76612e652a,40.4309367350194,-86.932168771906,74,4396.92
9172832a-d99f-4400-b801-baf4cfd054b7,40.4312943591483,-86.9141357249359,104,5743.83
e0c92e87-ef25-4f24-8979-fce9c3bc02dd,40.4540650517001,-86.9619928172426,17,1244.55
092fb563-ae54-468c-ae0c-1f4db815f671,40.430362,-86.913149,71,6119.89
13bf0b02-f652-4609-943f-dbc509710e91,40.4321538659827,-86.8622579855734,140,7939.36
0fd3c4b0-ae9d-40b2-a07c-715b3b3b553a,40.4008002122255,-86.8932991009212,32,2429.53
1f6ab1b9-203d-4800-9c2f-0575ebaff4a6,40.4604549777851,-86.9188381242304,79,1752.72
4b95220c-b38a-4e29-86e4-87b6928ae673,40.4156987590588,-86.8280916309626,83,5327.39
e1d33256-6b3d-4dd2-9b32-5f76612e652a,40.4460199456699,-86.9436493993959,94,6442.8
33064dc1-95a3-4a07-8352-58827f35895b,40.3782116102106,-86.8760349974653,108,8099.81
1f1c7703-f37e-4cab-90b2-34b3f54726f7,40.4661948951611,-86.9621373581621,63,4164.58
32580df6-cf1f-4b44-970a-3d33e8c7feff,40.4192813118,-86.8791120861381,25,1403.39
33064dc1-95a3-4a07-8352-58827f35895b,40.3931487405464,-86.8764119208061,129,9771.04
ade7b7b0-935b-439e-966d-c3f250810c1a,40.4400168997091,-86.8848892961644,31,2467.47
3bbf4832-650a-47e3-8118-13ea10ec264c,40.4308074455907,-86.8892171796179,34,3203.18
3326e01b-3c23-4fa9-bcd3-2acaafb07d2d,40.429388,-86.891693,50,3071.27
56875f33-4f60-4591-a742-8e882d645c09,40.42497,-86.908061,11,761.66
170011b0-977b-444b-a647-c0e01b5f04fb,40.3827269517552,-86.8436622739944,125,12384.07
4b95220c-b38a-4e29-86e4-87b6928ae673,40.402789393643,-86.8277922659143,112,6911.58
1f6ab1b9-203d-4800-9c2f-0575ebaff4a6,40.4248006496502,-86.8933463691041,215,8438.14
b60e3152-a76d-4f75-998c-5ccb6225d74b,40.4051203590796,-86.863666077258,72,4554.29
b811b298-72d9-4efd-9671-3351c62aa1de,40.4310682211973,-86.9325926861811,73,4069.15
afbfbe89-3824-47d8-a4f2-727023af88ac,40.4483019046712,-86.8997677584197,12,783.84
96c76f87-236b-4d10-a004-d18116c5a5a0,40.4668781088574,-86.931777018636,127,6437.64
63c2c448-4a2f-4a35-a796-66b635935f73,40.4193185599836,-86.8788919200608,26,1894.23
b811b298-72d9-4efd-9671-3351c62aa1de,40.431395,-86.919409,96,5269.76
eb71757f-5a3d-4a11-adc1-1d0b0e65c723,40.3925099821843,-86.9034081390159,105,9015.24
24732034-b22f-40df-870b-590d76e81a8c,40.38494900095,-86.8415265520587,8,294.57
3326e01b-3c23-4fa9-bcd3-2acaafb07d2d,40.4301835545793,-86.8870884982474,31,1848.23
c7cc28c1-7c0e-4520-ae19-cb46fb733b6b,40.4285834985127,-86.9310162622342,92,6526.44
dd423f77-d4ba-47f0-98c9-7d78e756d475,40.4172645757952,-86.8894339733978,12,806.6
d556586f-5536-47a5-9e1f-9ad30028e9c9,40.4372269608091,-86.9061898840489,97,5150.49
4b95220c-b38a-4e29-86e4-87b6928ae673,40.3932897598168,-86.836529456461,22,1446.47
170011b0-977b-444b-a647-c0e01b5f04fb,40.38789321651,-86.9034475375706,3,193.98
d556586f-5536-47a5-9e1f-9ad30028e9c9,40.4272491170036,-86.9051927106797,41,2168.31
56875f33-4f60-4591-a742-8e882d645c09,40.4541897475535,-86.9281748476179,71,5953.23
0bb04145-d02a-46c3-a800-6d0d42233c5c,40.446191410675,-86.9192520953196,92,5911.48
9172832a-d99f-4400-b801-baf4cfd054b7,40.4492952568874,-86.9424820857844,16,675.68
33064dc1-95a3-4a07-8352-58827f35895b,40.3898477531622,-86.8858781381778,149,11460.33
56875f33-4f60-4591-a742-8e882d645c09,40.4360963664112,-86.9153454551306,48,3632.53
32580df6-cf1f-4b44-970a-3d33e8c7feff,40.4188739013001,-86.8735754116521,32,1884.56
32580df6-cf1f-4b44-970a-3d33e8c7feff,40.4189178992728,-86.8736892774672,31,1873.76
32580df6-cf1f-4b44-970a-3d33e8c7feff,40.4242265187966,-86.8617839268532,60,3804.86
b811b298-72d9-4efd-9671-3351c62aa1de,40.4310911761781,-86.9311663853324,117,9211.59
24732034-b22f-40df-870b-590d76e81a8c,40.398659,-86.838397,39,2179.27
d556586f-5536-47a5-9e1f-9ad30028e9c9,40.4275580235811,-86.9065866912966,44,2291.48
d556586f-5536-47a5-9e1f-9ad30028e9c9,40.4608089006429,-86.9302156227956,224,9299.83
33064dc1-95a3-4a07-8352-58827f35895b,40.3831746913583,-86.8433608837792,10,577.64
1f6ab1b9-203d-4800-9c2f-0575ebaff4a6,40.4604331657384,-86.9200784823597,71,1643.94
96c76f87-236b-4d10-a004-d18116c5a5a0,40.4425240576835,-86.9192876521879,35,2378.9
3bbf4832-650a-47e3-8118-13ea10ec264c,40.4232695247307,-86.8942938451625,39,4148.55
3326e01b-3c23-4fa9-bcd3-2acaafb07d2d,40.4290951328465,-86.8449160949578,112,8065.18
3326e01b-3c23-4fa9-bcd3-2acaafb07d2d,40.4320367875618,-86.8451710229927,109,7715.07
b811b298-72d9-4efd-9671-3351c62aa1de,40.44784390015,-86.9454116198065,65,1896.41
a05e2688-6ec0-45d9-a447-37df08b14d0b,40.4267742577137,-86.8471866182141,100,6343.12
96c76f87-236b-4d10-a004-d18116c5a5a0,40.4721953282911,-86.9245920016024,141,8875.14
1f6ab1b9-203d-4800-9c2f-0575ebaff4a6,40.4251847168512,-86.8966947238505,207,8142.98
1f6ab1b9-203d-4800-9c2f-0575ebaff4a6,40.4328814038924,-86.9057622619334,147,5388.85
a05e2688-6ec0-45d9-a447-37df08b14d0b,40.4264337083648,-86.8471838285504,107,6390.44
33064dc1-95a3-4a07-8352-58827f35895b,40.3863692595596,-86.8574754704509,33,2150.23
33064dc1-95a3-4a07-8352-58827f35895b,40.3658777662045,-86.8605447938981,60,5100.82
13bf0b02-f652-4609-943f-dbc509710e91,40.4297590919454,-86.8871256152348,176,10328.28
63c2c448-4a2f-4a35-a796-66b635935f73,40.418951,-86.875856,22,1624.94
9172832a-d99f-4400-b801-baf4cfd054b7,40.4460773807139,-86.9405159059932,42,1153.44
96c76f87-236b-4d10-a004-d18116c5a5a0,40.4677088856583,-86.9389828925287,133,7174.01
0bb04145-d02a-46c3-a800-6d0d42233c5c,40.4283480709001,-86.9191991439452,138,8665.6
eb71757f-5a3d-4a11-adc1-1d0b0e65c723,40.3818748743786,-86.8598817605568,21,2037.49
b60e3152-a76d-4f75-998c-5ccb6225d74b,40.3937313444733,-86.8491539982824,27,1929.1
0fd3c4b0-ae9d-40b2-a07c-715b3b3b553a,40.3847266962961,-86.9103672749023,79,5767.08
9172832a-d99f-4400-b801-baf4cfd054b7,40.4313283365371,-86.9152636945551,102,5646.94
4b95220c-b38a-4e29-86e4-87b6928ae673,40.4032273987723,-86.8277945039846,106,6847.18
d556586f-5536-47a5-9e1f-9ad30028e9c9,40.4227093067781,-86.8942852185032,2,237.51
092fb563-ae54-468c-ae0c-1f4db815f671,40.4592435823316,-86.9324173870253,41,2453.81
c7cc28c1-7c0e-4520-ae19-cb46fb733b6b,40.4308892194171,-86.9324080688343,85,6243.32
e1d33256-6b3d-4dd2-9b32-5f76612e652a,40.4594425226318,-86.9350685483272,127,10430.05
c7cc28c1-7c0e-4520-ae19-cb46fb733b6b,40.4188421324292,-86.8996208363278,139,9875.55
a05e2688-6ec0-45d9-a447-37df08b14d0b,40.4285235634416,-86.844925826427,79,6043.59
33064dc1-95a3-4a07-8352-58827f35895b,40.3838882426565,-86.8424644361707,3,98.16
f25f38ba-f752-43fd-baec-05c57d7fd482,40.417559,-86.830735,57,5786.27
56875f33-4f60-4591-a742-8e882d645c09,40.4282278040181,-86.9191214514328,31,2274.77
28e019d7-aabd-407a-8617-6fb357801f08,40.4182287253922,-86.8914278914032,119,7557.14
170011b0-977b-444b-a647-c0e01b5f04fb,40.3780533685464,-86.8761449915325,58,5248.25
dd423f77-d4ba-47f0-98c9-7d78e756d475,40.4099872007047,-86.8843253546336,28,2043.87
24732034-b22f-40df-870b-590d76e81a8c,40.405437402581,-86.8280091567035,59,3895.18
4b95220c-b38a-4e29-86e4-87b6928ae673,40.4055168748487,-86.8280296132607,63,3898.68
24732034-b22f-40df-870b-590d76e81a8c,40.4097246965507,-86.8289146887679,67,4399.09
33064dc1-95a3-4a07-8352-58827f35895b,40.3849628519563,-86.8415280251785,8,295.65
89055b80-8ef0-49cc-bbe3-6c7d5415021a,40.4231430323152,-86.9102941286527,55,2511.69
1f6ab1b9-203d-4800-9c2f-0575ebaff4a6,40.4307891738112,-86.9057123925851,153,5623.11
24732034-b22f-40df-870b-590d76e81a8c,40.3960571567328,-86.8383711511371,37,1889.91
c7cc28c1-7c0e-4520-ae19-cb46fb733b6b,40.4195645701626,-86.900679135363,133,9753.17
1f6ab1b9-203d-4800-9c2f-0575ebaff4a6,40.4604386777188,-86.9174288197974,81,1871.89
afbfbe89-3824-47d8-a4f2-727023af88ac,40.4341044789903,-86.8981583692576,40,2558.15
dd423f77-d4ba-47f0-98c9-7d78e756d475,40.4100075576421,-86.8785019549905,35,2540.28
4e025ba5-8f41-4b28-a28d-f15951c5a468,40.4315033271765,-86.9294482963401,15,3206.18
f25f38ba-f752-43fd-baec-05c57d7fd482,40.4174078980172,-86.871612639709,24,2317.15
dd423f77-d4ba-47f0-98c9-7d78e756d475,40.4015884042733,-86.8697277825909,62,3877.16
a05e2688-6ec0-45d9-a447-37df08b14d0b,40.4320790401711,-86.8807132665794,40,2608.11
0a1d1408-7910-4fd5-b3f7-3ce7064b408b,40.4186303405551,-86.9103331040664,37,3017.49
092fb563-ae54-468c-ae0c-1f4db815f671,40.466688303154,-86.9394571745072,34,1424.13
0a1d1408-7910-4fd5-b3f7-3ce7064b408b,40.425514577469,-86.9289031368563,0,0
f45e2fd4-e04e-476c-87ff-d079f18a5c71,40.383897109077,-86.8424581151871,103,8027
002a917d-6cdc-46ab-bb61-4e54c64205ee,40.408100434155,-86.876822974533,21,1844.06
96c76f87-236b-4d10-a004-d18116c5a5a0,40.4650293426679,-86.9267253102976,96,5683.49
9172832a-d99f-4400-b801-baf4cfd054b7,40.4460608412355,-86.944360905054,47,1481.15
e1d33256-6b3d-4dd2-9b32-5f76612e652a,40.4206909378257,-86.9011102051154,25,1006.51
4b95220c-b38a-4e29-86e4-87b6928ae673,40.3930752429874,-86.8367356720393,20,1416.69
c7cc28c1-7c0e-4520-ae19-cb46fb733b6b,40.4506590880668,-86.9252522549728,27,1766.09
33064dc1-95a3-4a07-8352-58827f35895b,40.3672533391711,-86.8616842596156,48,4667.29
a05e2688-6ec0-45d9-a447-37df08b14d0b,40.4265143618244,-86.8472961177362,104,6376.48
b60e3152-a76d-4f75-998c-5ccb6225d74b,40.4095280640259,-86.8698015981976,82,5272.35
b2d5f522-ef1c-4f6f-a88e-f9f90dc80c88,40.4445750135379,-86.9206021432334,50,4380.23
56875f33-4f60-4591-a742-8e882d645c09,40.4438761141226,-86.9199669015388,60,4591.25
e1d33256-6b3d-4dd2-9b32-5f76612e652a,40.446017422305,-86.9367459503764,102,7032.61
a05e2688-6ec0-45d9-a447-37df08b14d0b,40.4273381929208,-86.8465608113745,92,6246.94
b60e3152-a76d-4f75-998c-5ccb6225d74b,40.4182550122835,-86.8929220084798,123,7684.78
3bbf4832-650a-47e3-8118-13ea10ec264c,40.4436802837287,-86.8828808847057,14,1633.1
c7cc28c1-7c0e-4520-ae19-cb46fb733b6b,40.4579289963502,-86.931435068769,13,790.77
eb71757f-5a3d-4a11-adc1-1d0b0e65c723,40.4181269728898,-86.8930006765512,132,12304.97
0a1d1408-7910-4fd5-b3f7-3ce7064b408b,40.4190496772609,-86.9028718998897,57,3693.84
c7cc28c1-7c0e-4520-ae19-cb46fb733b6b,40.4267467086287,-86.9305834372258,98,6737.09
f45e2fd4-e04e-476c-87ff-d079f18a5c71,40.4078222578564,-86.8676183831534,31,3135.14
f45e2fd4-e04e-476c-87ff-d079f18a5c71,40.4173152926365,-86.8892737193126,10,820.12
dd423f77-d4ba-47f0-98c9-7d78e756d475,40.4099764845902,-86.886030289533,25,1898.63
afbfbe89-3824-47d8-a4f2-727023af88ac,40.428513,-86.900827,45,3220.8
c7cc28c1-7c0e-4520-ae19-cb46fb733b6b,40.4242327618993,-86.9292476041687,102,7130.13
89055b80-8ef0-49cc-bbe3-6c7d5415021a,40.419867684183,-86.9005624510294,18,1110.15
33064dc1-95a3-4a07-8352-58827f35895b,40.388003,-86.89111,153,12114.25
3fa1788a-9312-405f-9fad-405ff4e7cdb3,40.4543096009303,-86.9019314264231,79,4901.91
b811b298-72d9-4efd-9671-3351c62aa1de,40.4460504441162,-86.9443692672343,53,1477.6
dd423f77-d4ba-47f0-98c9-7d78e756d475,40.4097362264963,-86.877119742249,39,2687.3
96c76f87-236b-4d10-a004-d18116c5a5a0,40.4458445427187,-86.921433412963,43,2799.73
e1d33256-6b3d-4dd2-9b32-5f76612e652a,40.4308342228002,-86.9319523318124,73,4375.36
96c76f87-236b-4d10-a004-d18116c5a5a0,40.4786585884663,-86.9245934406478,142,9593.34
ade7b7b0-935b-439e-966d-c3f250810c1a,40.4227090053668,-86.8942862398362,2,238.6
96c76f87-236b-4d10-a004-d18116c5a5a0,40.4239718519291,-86.9111321168435,1,13.79
eb71757f-5a3d-4a11-adc1-1d0b0e65c723,40.3843733676019,-86.9011313615477,75,5621.28
89055b80-8ef0-49cc-bbe3-6c7d5415021a,40.4184450794972,-86.9078859205183,44,1787.93
eb71757f-5a3d-4a11-adc1-1d0b0e65c723,40.3876301877278,-86.9122099526054,98,7504.65
56875f33-4f60-4591-a742-8e882d645c09,40.438869770698,-86.9172900567824,54,3990.02
0a1d1408-7910-4fd5-b3f7-3ce7064b408b,40.4194842734363,-86.9007246217502,62,3884.25
33064dc1-95a3-4a07-8352-58827f35895b,40.383791467496,-86.8573470509981,36,2437.2
b811b298-72d9-4efd-9671-3351c62aa1de,40.4309227540854,-86.9324417662929,74,4089.75
1f6ab1b9-203d-4800-9c2f-0575ebaff4a6,40.4383791786138,-86.9068037737684,133,4758.37
afbfbe89-3824-47d8-a4f2-727023af88ac,40.4240365132412,-86.9120488065758,68,4690.09
89055b80-8ef0-49cc-bbe3-6c7d5415021a,40.4185030524921,-86.9098803598005,45,1956.78
b811b298-72d9-4efd-9671-3351c62aa1de,40.4455327706393,-86.9440592066399,129,11234.06
4b95220c-b38a-4e29-86e4-87b6928ae673,40.3870480302215,-86.8401774166609,10,578.07
4aac4c21-daca-4d3b-abb9-c9efb54fea4a,40.453083732524,-86.9567674658712,94,9025.46
f25f38ba-f752-43fd-baec-05c57d7fd482,40.4175625838945,-86.8244113302196,70,7155.68
3326e01b-3c23-4fa9-bcd3-2acaafb07d2d,40.4251542940828,-86.8472146598825,145,8619.99
1f6ab1b9-203d-4800-9c2f-0575ebaff4a6,40.4604466569033,-86.9302619556916,32,761.6
ade7b7b0-935b-439e-966d-c3f250810c1a,40.4569355050455,-86.8756666146597,47,4552.9
270e300e-042e-44fa-b9c9-e21538746b2f,40.3964989885766,-86.8384516195622,36,4205.1
1f1c7703-f37e-4cab-90b2-34b3f54726f7,40.4693883506289,-86.9575005122672,52,3437.45
3326e01b-3c23-4fa9-bcd3-2acaafb07d2d,40.4321109172211,-86.8634399001298,94,6163.8
4e025ba5-8f41-4b28-a28d-f15951c5a468,40.4455327706393,-86.9440592066399,30,5381.3
c7cc28c1-7c0e-4520-ae19-cb46fb733b6b,40.4506145232305,-86.925213212596,28,1772.04
092fb563-ae54-468c-ae0c-1f4db815f671,40.4509514765036,-86.925753989373,52,3541.51
b2d5f522-ef1c-4f6f-a88e-f9f90dc80c88,40.4545823957254,-86.9292043425707,42,3042.49
4e025ba5-8f41-4b28-a28d-f15951c5a468,40.4279880480759,-86.910530889662,1,344.43
eb71757f-5a3d-4a11-adc1-1d0b0e65c723,40.3896900862392,-86.912993743034,100,7743.22
33064dc1-95a3-4a07-8352-58827f35895b,40.3671808925246,-86.8732621177778,92,6628.72
3326e01b-3c23-4fa9-bcd3-2acaafb07d2d,40.420813,-86.839346,171,9726.9
d556586f-5536-47a5-9e1f-9ad30028e9c9,40.4275007756877,-86.9062013640875,43,2258.27
63c2c448-4a2f-4a35-a796-66b635935f73,40.4190573613108,-86.8651762984616,9,710.14
1f6ab1b9-203d-4800-9c2f-0575ebaff4a6,40.4308268311063,-86.9080977414455,157,5825.71
24732034-b22f-40df-870b-590d76e81a8c,40.3942130931907,-86.8370761678858,30,1563.36
1f6ab1b9-203d-4800-9c2f-0575ebaff4a6,40.4484346556293,-86.9157837058776,99,3366.34
afbfbe89-3824-47d8-a4f2-727023af88ac,40.4369855707195,-86.8993889755434,32,2053.83
24732034-b22f-40df-870b-590d76e81a8c,40.3948304213584,-86.8368376602933,33,1635.68
0bb04145-d02a-46c3-a800-6d0d42233c5c,40.4282666423702,-86.9191689701026,139,8675
cf98ced7-c172-4e65-98ed-b92c8d5118ed,40.3835189696762,-86.842600434452,1,55.09
f45e2fd4-e04e-476c-87ff-d079f18a5c71,40.3924433846472,-86.8477219028554,77,6029.1
01b692f1-d433-46dc-bbc7-f1ccd7a75e1d,40.4176441083934,-86.8164698372167,12,534.18
3326e01b-3c23-4fa9-bcd3-2acaafb07d2d,40.4208417378225,-86.8460635540907,158,9124
d556586f-5536-47a5-9e1f-9ad30028e9c9,40.4307788867223,-86.9082550351772,77,4207.63
33064dc1-95a3-4a07-8352-58827f35895b,40.3953938220688,-86.8813215945553,138,10439.56
b2d5f522-ef1c-4f6f-a88e-f9f90dc80c88,40.467478983028,-86.942546364729,28,1146.78
0bb04145-d02a-46c3-a800-6d0d42233c5c,40.4240934887021,-86.9172436713025,146,9296.68
a05e2688-6ec0-45d9-a447-37df08b14d0b,40.3836509836693,-86.8426036315179,179,11989.96
e5c0c034-1aae-426b-a8b7-3e19ad8540c5,40.4405459867092,-86.8774995393747,24,1796.61
092fb563-ae54-468c-ae0c-1f4db815f671,40.4502611130632,-86.9251717284424,55,3636.04
dd423f77-d4ba-47f0-98c9-7d78e756d475,40.4173099780242,-86.8942538982407,4,389.33
24732034-b22f-40df-870b-590d76e81a8c,40.3999714753107,-86.8080357062213,144,12071.18
e5c0c034-1aae-426b-a8b7-3e19ad8540c5,40.4291105526156,-86.8823033203067,45,3320.69
1f1c7703-f37e-4cab-90b2-34b3f54726f7,40.4575379230798,-86.9341279259613,0,0
170011b0-977b-444b-a647-c0e01b5f04fb,40.365249,-86.860616,94,7998.16
3326e01b-3c23-4fa9-bcd3-2acaafb07d2d,40.421878161275,-86.8871155535726,12,897.36
33064dc1-95a3-4a07-8352-58827f35895b,40.3835555485628,-86.8573394969126,38,2465.34
9172832a-d99f-4400-b801-baf4cfd054b7,40.4478990101627,-86.944450621105,54,1736.3
b811b298-72d9-4efd-9671-3351c62aa1de,40.4419543112489,-86.9417906964892,70,2620.01
c7cc28c1-7c0e-4520-ae19-cb46fb733b6b,40.4460715023322,-86.9366153738866,54,3591.42
1f1c7703-f37e-4cab-90b2-34b3f54726f7,40.4676716617249,-86.9472614119606,34,2400.39
270e300e-042e-44fa-b9c9-e21538746b2f,40.3872156728092,-86.8401034310028,50,5281.03
93c1bdef-1567-4615-ab23-04d3cc324ca3,40.4395039177461,-86.8992818433827,45,3034.63
cf98ced7-c172-4e65-98ed-b92c8d5118ed,40.4179808552931,-86.8930322355285,131,12288.66
a05e2688-6ec0-45d9-a447-37df08b14d0b,40.4280649822982,-86.8451539143301,83,6099.14
24732034-b22f-40df-870b-590d76e81a8c,40.400169130099,-86.8080660182815,146,12094.69
56875f33-4f60-4591-a742-8e882d645c09,40.4505105134759,-86.9245507383508,66,5436.83
24732034-b22f-40df-870b-590d76e81a8c,40.4043637210438,-86.8278803181286,94,6720.5
fa3c48c4-e5ed-42ea-a149-8f48abc3adb2,40.4012279109753,-86.8583930987154,40,4210.38
01f4d3e9-bd6a-4bca-ab3c-3b44e6831475,40.3818233152768,-86.8609802465368,142,10774.28
96c76f87-236b-4d10-a004-d18116c5a5a0,40.4676682259458,-86.9387253832316,135,7197.95
270e300e-042e-44fa-b9c9-e21538746b2f,40.3984750372343,-86.838482818541,33,3983.21
c7cc28c1-7c0e-4520-ae19-cb46fb733b6b,40.4281449573126,-86.9308231431736,93,6577.84
33064dc1-95a3-4a07-8352-58827f35895b,40.383651,-86.857402,37,2453.49
e1d33256-6b3d-4dd2-9b32-5f76612e652a,40.4188210951735,-86.8993614888848,13,737.21
0bb04145-d02a-46c3-a800-6d0d42233c5c,40.4655960820972,-86.9285281072411,36,3080.56
9172832a-d99f-4400-b801-baf4cfd054b7,40.448019607135,-86.944506765698,55,1750.52
002a917d-6cdc-46ab-bb61-4e54c64205ee,40.3996445822893,-86.8717508734263,6,540.57
3fa1788a-9312-405f-9fad-405ff4e7cdb3,40.431280459838,-86.9153011986793,0,0
e0c92e87-ef25-4f24-8979-fce9c3bc02dd,40.464537432812,-86.9619693961562,27,2411.46
d556586f-5536-47a5-9e1f-9ad30028e9c9,40.4581988951293,-86.9343163745078,248,9926.17
56875f33-4f60-4591-a742-8e882d645c09,40.4420750106618,-86.9190241050138,58,4375.67
1f6ab1b9-203d-4800-9c2f-0575ebaff4a6,40.4431818032812,-86.9128013612862,116,4015.1
56875f33-4f60-4591-a742-8e882d645c09,40.4238978530312,-86.9080855131756,14,883.3
b60e3152-a76d-4f75-998c-5ccb6225d74b,40.3939947148243,-86.8488355428688,25,1879.1
dd423f77-d4ba-47f0-98c9-7d78e756d475,40.396706966246,-86.8668759366692,72,4523.62
0fd3c4b0-ae9d-40b2-a07c-715b3b3b553a,40.3934521660194,-86.9020283341463,47,3617.6
170011b0-977b-444b-a647-c0e01b5f04fb,40.384929310397,-86.8465714223865,124,12036.9
f45e2fd4-e04e-476c-87ff-d079f18a5c71,40.4058303600372,-86.8647949405102,35,3463.66
dd423f77-d4ba-47f0-98c9-7d78e756d475,40.3992430615516,-86.8670320363566,67,4237.05
b811b298-72d9-4efd-9671-3351c62aa1de,40.4467724357511,-86.9403432466021,146,12360.1
1f6ab1b9-203d-4800-9c2f-0575ebaff4a6,40.4250659470441,-86.8939578551631,211,8375.33
56875f33-4f60-4591-a742-8e882d645c09,40.4240493156376,-86.9114362688553,16,1170.53
eb71757f-5a3d-4a11-adc1-1d0b0e65c723,40.4067312329499,-86.8929075970232,122,11035.45
33064dc1-95a3-4a07-8352-58827f35895b,40.3830107105565,-86.8435055773401,12,601.82
56875f33-4f60-4591-a742-8e882d645c09,40.4671840544186,-86.9399223780628,80,7726.08
b60e3152-a76d-4f75-998c-5ccb6225d74b,40.4107768801742,-86.8712687124183,85,5462.39
f45e2fd4-e04e-476c-87ff-d079f18a5c71,40.3849766368483,-86.8415946056755,96,7829.08
96c76f87-236b-4d10-a004-d18116c5a5a0,40.4659869546859,-86.9284371044756,110,5909.07
56875f33-4f60-4591-a742-8e882d645c09,40.4405301151163,-86.918199245522,57,4190.37
96c76f87-236b-4d10-a004-d18116c5a5a0,40.4474876644474,-86.919225185749,51,3172.03
96c76f87-236b-4d10-a004-d18116c5a5a0,40.461857955364,-86.9244737528741,89,5154.83
092fb563-ae54-468c-ae0c-1f4db815f671,40.4674983303248,-86.9430017139317,30,1109.13
ade7b7b0-935b-439e-966d-c3f250810c1a,40.4347490156796,-86.8865936574833,26,1863.3
9172832a-d99f-4400-b801-baf4cfd054b7,40.4310651335876,-86.9309610173506,91,4307
ade7b7b0-935b-439e-966d-c3f250810c1a,40.4327120852414,-86.8871670865373,21,1626.23
b811b298-72d9-4efd-9671-3351c62aa1de,40.4392600321329,-86.9384942614135,71,3029.1
1f6ab1b9-203d-4800-9c2f-0575ebaff4a6,40.4266773672566,-86.9086014615127,186,7102.2
56875f33-4f60-4591-a742-8e882d645c09,40.4565893917706,-86.9301064914576,74,6266.48
f25f38ba-f752-43fd-baec-05c57d7fd482,40.4174525104938,-86.8171993514874,73,7767
9172832a-d99f-4400-b801-baf4cfd054b7,40.4474363606236,-86.945127007081,49,1647.16
1f1c7703-f37e-4cab-90b2-34b3f54726f7,40.4682173776607,-86.9553318054653,44,3131.95
e5c0c034-1aae-426b-a8b7-3e19ad8540c5,40.4257268844919,-86.8821957035487,49,3697.27
eb71757f-5a3d-4a11-adc1-1d0b0e65c723,40.3988812055427,-86.8940367003629,115,10149
3326e01b-3c23-4fa9-bcd3-2acaafb07d2d,40.3838387279083,-86.8425197256839,214,14050.97
afbfbe89-3824-47d8-a4f2-727023af88ac,40.4505420909522,-86.9015056820634,7,493.91
3326e01b-3c23-4fa9-bcd3-2acaafb07d2d,40.4272445648796,-86.8469786175536,131,8370.58
a05e2688-6ec0-45d9-a447-37df08b14d0b,40.4150385944361,-86.8389132567151,143,8315.83
c7cc28c1-7c0e-4520-ae19-cb46fb733b6b,40.457652040806,-86.9327654096545,5,132.23
3326e01b-3c23-4fa9-bcd3-2acaafb07d2d,40.4335798459142,-86.8875409922047,42,2467.22
a05e2688-6ec0-45d9-a447-37df08b14d0b,40.4228976109654,-86.8868493081738,17,1036.91
c7cc28c1-7c0e-4520-ae19-cb46fb733b6b,40.4242069348801,-86.9253441633716,105,7461.44
96c76f87-236b-4d10-a004-d18116c5a5a0,40.4310421600473,-86.9135901548541,10,966.9
1f1c7703-f37e-4cab-90b2-34b3f54726f7,40.4687160532901,-86.9472409455324,31,2282.82
b2d5f522-ef1c-4f6f-a88e-f9f90dc80c88,40.4718800284554,-86.9457317902178,4,64.96
170011b0-977b-444b-a647-c0e01b5f04fb,40.3878648810306,-86.9027967395065,5,249.39
b811b298-72d9-4efd-9671-3351c62aa1de,40.4474512382674,-86.9451425572636,131,11466.09
1f6ab1b9-203d-4800-9c2f-0575ebaff4a6,40.4414488682009,-86.9103074675389,123,4303.96
b811b298-72d9-4efd-9671-3351c62aa1de,40.4311314675548,-86.9324856560445,123,9343.68
4b95220c-b38a-4e29-86e4-87b6928ae673,40.392088866562,-86.8383287899302,14,1177.87
270e300e-042e-44fa-b9c9-e21538746b2f,40.3873388340268,-86.8400801903706,49,5267.2
e5c0c034-1aae-426b-a8b7-3e19ad8540c5,40.4381573883974,-86.8814673416426,33,2243.3
e1d33256-6b3d-4dd2-9b32-5f76612e652a,40.446042655949,-86.9408409357456,97,6681.15
b811b298-72d9-4efd-9671-3351c62aa1de,40.4493297057753,-86.9419017076803,22,721.45
cf98ced7-c172-4e65-98ed-b92c8d5118ed,40.3857494870489,-86.9047079239015,86,6524.33
33064dc1-95a3-4a07-8352-58827f35895b,40.3691801198977,-86.8571514666191,43,4065.13
93c1bdef-1567-4615-ab23-04d3cc324ca3,40.4442289430878,-86.8995795100346,50,3585.5
0fd3c4b0-ae9d-40b2-a07c-715b3b3b553a,40.392641,-86.904447,53,3873.99
0a1d1408-7910-4fd5-b3f7-3ce7064b408b,40.4240792749814,-86.916482162639,23,1901.48
f45e2fd4-e04e-476c-87ff-d079f18a5c71,40.4154022439051,-86.8765216121936,20,2001.5
eb71757f-5a3d-4a11-adc1-1d0b0e65c723,40.3831056693197,-86.8889997072666,53,4552.35
d556586f-5536-47a5-9e1f-9ad30028e9c9,40.4212096613209,-86.8942852185032,1,70.87
f25f38ba-f752-43fd-baec-05c57d7fd482,40.4167983674921,-86.8268416831634,66,6860.12
33064dc1-95a3-4a07-8352-58827f35895b,40.3879830116691,-86.8762452438802,121,9193.97
002a917d-6cdc-46ab-bb61-4e54c64205ee,40.4128044810871,-86.8864202776462,41,2970.98
092fb563-ae54-468c-ae0c-1f4db815f671,40.4527582943561,-86.9274256341435,49,3295.89
32580df6-cf1f-4b44-970a-3d33e8c7feff,40.418836,-86.876066,29,1670.67
002a917d-6cdc-46ab-bb61-4e54c64205ee,40.4164678413107,-86.886700774027,49,3387.33
33064dc1-95a3-4a07-8352-58827f35895b,40.3953793948087,-86.883130707657,139,10592.67
0bb04145-d02a-46c3-a800-6d0d42233c5c,40.4367805160546,-86.9155512485292,116,7319.18
f45e2fd4-e04e-476c-87ff-d079f18a5c71,40.3930084273748,-86.8482183383681,79,6105.36
0fd3c4b0-ae9d-40b2-a07c-715b3b3b553a,40.3818233152768,-86.8609802465368,142,10774.28
63c2c448-4a2f-4a35-a796-66b635935f73,40.4191018912046,-86.8607128974399,5,330.69
afbfbe89-3824-47d8-a4f2-727023af88ac,40.4440949188174,-86.8996693329968,22,1259.8
1f6ab1b9-203d-4800-9c2f-0575ebaff4a6,40.4605768669984,-86.9244295526122,54,1263.05
3fa1788a-9312-405f-9fad-405ff4e7cdb3,40.4463021860491,-86.8993250809853,63,3806.02
b60e3152-a76d-4f75-998c-5ccb6225d74b,40.3927725644642,-86.8463044972194,20,1585.8
3326e01b-3c23-4fa9-bcd3-2acaafb07d2d,40.4297745926979,-86.8909997728774,47,2984.4
270e300e-042e-44fa-b9c9-e21538746b2f,40.401044,-86.804833,0,0
e5c0c034-1aae-426b-a8b7-3e19ad8540c5,40.4378191650917,-86.8663015620514,4,356.92
1f6ab1b9-203d-4800-9c2f-0575ebaff4a6,40.4243345005442,-86.8934681668808,219,8493.93
eb71757f-5a3d-4a11-adc1-1d0b0e65c723,40.4125935085173,-86.8929302330572,128,11689.71
0a1d1408-7910-4fd5-b3f7-3ce7064b408b,40.4200515114135,-86.8907241199513,83,5115.93
d556586f-5536-47a5-9e1f-9ad30028e9c9,40.4607161091933,-86.9234635719291,194,8713.9
0bb04145-d02a-46c3-a800-6d0d42233c5c,40.434535197338,-86.9152836986528,121,7570.71
dd423f77-d4ba-47f0-98c9-7d78e756d475,40.4092976920479,-86.8769051250143,42,2739.4
b811b298-72d9-4efd-9671-3351c62aa1de,40.4489935070936,-86.9414842627488,33,787.74
96c76f87-236b-4d10-a004-d18116c5a5a0,40.4605865647583,-86.9243942265344,80,5008.92
0fd3c4b0-ae9d-40b2-a07c-715b3b3b553a,40.3817165297045,-86.875370304549,132,9549
1f6ab1b9-203d-4800-9c2f-0575ebaff4a6,40.4309897602722,-86.9103135325356,161,6017.99
3fa1788a-9312-405f-9fad-405ff4e7cdb3,40.4371794407288,-86.8993417320335,50,2787.88
33064dc1-95a3-4a07-8352-58827f35895b,40.3668533911646,-86.862795870901,51,4795.84
01b692f1-d433-46dc-bbc7-f1ccd7a75e1d,40.4177048860579,-86.8369994641743,26,2279.65
c7cc28c1-7c0e-4520-ae19-cb46fb733b6b,40.4573443585384,-86.9338895179524,1,29.48
96c76f87-236b-4d10-a004-d18116c5a5a0,40.4427184142518,-86.919386863589,37,2405.6
ade7b7b0-935b-439e-966d-c3f250810c1a,40.4227110320017,-86.893096264788,3,339.26
24732034-b22f-40df-870b-590d76e81a8c,40.403014361614,-86.8270044651639,105,6985.53
96c76f87-236b-4d10-a004-d18116c5a5a0,40.4677606343477,-86.9384192872746,136,7225.79
1f6ab1b9-203d-4800-9c2f-0575ebaff4a6,40.4262612953509,-86.9035740358163,198,7540.59
b60e3152-a76d-4f75-998c-5ccb6225d74b,40.4182287253922,-86.8914278914032,119,7557.14
3bbf4832-650a-47e3-8118-13ea10ec264c,40.456586040671,-86.8758137651018,1,39.04
ade7b7b0-935b-439e-966d-c3f250810c1a,40.4236487908356,-86.8930983837628,4,443.46
93c1bdef-1567-4615-ab23-04d3cc324ca3,40.4313672406355,-86.9149823284342,1,28.64
b60e3152-a76d-4f75-998c-5ccb6225d74b,40.3920779883494,-86.8481837389972,43,2454.02
3326e01b-3c23-4fa9-bcd3-2acaafb07d2d,40.4306851243512,-86.8901449518803,56,3372.69
e0c92e87-ef25-4f24-8979-fce9c3bc02dd,40.4454535358374,-86.9619650469784,5,247.1
3326e01b-3c23-4fa9-bcd3-2acaafb07d2d,40.3839595630194,-86.8424004220765,213,14034.17
24732034-b22f-40df-870b-590d76e81a8c,40.405849979872,-86.8286297796607,88,6530.53
dd423f77-d4ba-47f0-98c9-7d78e756d475,40.4207112145848,-86.8948077794795,0,0
0a1d1408-7910-4fd5-b3f7-3ce7064b408b,40.4187102865404,-86.8994533657702,68,4027.03
56875f33-4f60-4591-a742-8e882d645c09,40.4678297809807,-86.9432405967031,82,8016.16
1f6ab1b9-203d-4800-9c2f-0575ebaff4a6,40.4555191853749,-86.9157087142846,93,2575.13
c7cc28c1-7c0e-4520-ae19-cb46fb733b6b,40.4386821062447,-86.9378411873391,77,5261.17
170011b0-977b-444b-a647-c0e01b5f04fb,40.3641982191374,-86.8605404613198,96,8116.64
3326e01b-3c23-4fa9-bcd3-2acaafb07d2d,40.4221929551739,-86.8470017121266,152,8952.75
9172832a-d99f-4400-b801-baf4cfd054b7,40.4492049894143,-86.9405375306587,7,342.11
56875f33-4f60-4591-a742-8e882d645c09,40.4699042719546,-86.9455819991578,89,8402.81
eb71757f-5a3d-4a11-adc1-1d0b0e65c723,40.3848366084153,-86.9101879111958,93,7106.83
e0c92e87-ef25-4f24-8979-fce9c3bc02dd,40.461238,-86.937665,56,5523.26
3326e01b-3c23-4fa9-bcd3-2acaafb07d2d,40.4206094084308,-86.841960471016,166,9501.41
13bf0b02-f652-4609-943f-dbc509710e91,40.4321564976256,-86.8684238424805,146,8464.16
d556586f-5536-47a5-9e1f-9ad30028e9c9,40.4252625973714,-86.8936838723027,25,1141.26
0fd3c4b0-ae9d-40b2-a07c-715b3b3b553a,40.3837597598886,-86.9000595450437,100,7393.86
c7cc28c1-7c0e-4520-ae19-cb46fb733b6b,40.4480383052292,-86.9234419336221,40,2101.9
1f6ab1b9-203d-4800-9c2f-0575ebaff4a6,40.460532969141,-86.9299177199726,35,792.66
9172832a-d99f-4400-b801-baf4cfd054b7,40.4454723702793,-86.9440766729527,69,2197.65
e1d33256-6b3d-4dd2-9b32-5f76612e652a,40.4211636076494,-86.9020862316837,30,1110.37
01b692f1-d433-46dc-bbc7-f1ccd7a75e1d,40.4175265399576,-86.8616900026598,45,4374.6
d556586f-5536-47a5-9e1f-9ad30028e9c9,40.4586108302242,-86.9155734429105,163,7822.05
96c76f87-236b-4d10-a004-d18116c5a5a0,40.455337,-86.9244715651229,71,4418.52
dd423f77-d4ba-47f0-98c9-7d78e756d475,40.3990706893497,-86.8670268330337,69,4258.98
002a917d-6cdc-46ab-bb61-4e54c64205ee,40.3974521906127,-86.8716698258793,5,296.85
b811b298-72d9-4efd-9671-3351c62aa1de,40.4472570387874,-86.9393954836962,149,12456.72
93c1bdef-1567-4615-ab23-04d3cc324ca3,40.4519294471699,-86.9030904414112,64,4550.27
eb71757f-5a3d-4a11-adc1-1d0b0e65c723,40.4218273801857,-86.8930828595387,134,12716.54
56875f33-4f60-4591-a742-8e882d645c09,40.4240813101271,-86.9118721362696,17,1207.57
3326e01b-3c23-4fa9-bcd3-2acaafb07d2d,40.432046,-86.870901,86,5531.31
13bf0b02-f652-4609-943f-dbc509710e91,40.4321223854501,-86.88467420255,169,9851.53
56875f33-4f60-4591-a742-8e882d645c09,40.4722,-86.9459,94,8671.56
eb71757f-5a3d-4a11-adc1-1d0b0e65c723,40.3854899895903,-86.9115182806611,97,7259.73
dd423f77-d4ba-47f0-98c9-7d78e756d475,40.4099757191534,-86.8858614044722,27,1913.9
28e019d7-aabd-407a-8617-6fb357801f08,40.3932701123361,-86.8485635844825,30,2002.39
89055b80-8ef0-49cc-bbe3-6c7d5415021a,40.4240813101271,-86.9118721362696,59,2735.69
e8cb7b35-8b91-4734-bc08-322ef94d7dcd,40.4529331842189,-86.9613395918742,4,212.92
0bb04145-d02a-46c3-a800-6d0d42233c5c,40.4507274383757,-86.9198106528038,83,5379.14
33064dc1-95a3-4a07-8352-58827f35895b,40.3671754936869,-86.862747930813,76,5725.09
e5c0c034-1aae-426b-a8b7-3e19ad8540c5,40.426549667614,-86.8915907832944,64,4579.62
28e019d7-aabd-407a-8617-6fb357801f08,40.392981252666,-86.8482418205899,31,2044.48
270e300e-042e-44fa-b9c9-e21538746b2f,40.3849383864716,-86.8415318330807,52,5585.93
b60e3152-a76d-4f75-998c-5ccb6225d74b,40.4012520574694,-86.8582634809356,66,3925.03
cf98ced7-c172-4e65-98ed-b92c8d5118ed,40.3964761135862,-86.8952369329474,113,9862.86
f45e2fd4-e04e-476c-87ff-d079f18a5c71,40.3874098895945,-86.839962594238,92,7503.86
b811b298-72d9-4efd-9671-3351c62aa1de,40.4264034634168,-86.9191050676942,105,7616.73
a05e2688-6ec0-45d9-a447-37df08b14d0b,40.4320703704399,-86.8668792764472,56,3786.12
a05e2688-6ec0-45d9-a447-37df08b14d0b,40.3872178761834,-86.8401054442572,171,11461.2
01f4d3e9-bd6a-4bca-ab3c-3b44e6831475,40.3835192070169,-86.8922993403008,113,8063.15
eb71757f-5a3d-4a11-adc1-1d0b0e65c723,40.3869415662871,-86.903373848371,84,6281.28
0fd3c4b0-ae9d-40b2-a07c-715b3b3b553a,40.4164318374792,-86.8935611206334,10,658.24
96c76f87-236b-4d10-a004-d18116c5a5a0,40.4789752023569,-86.924989623287,144,9648.01
f25f38ba-f752-43fd-baec-05c57d7fd482,40.4173071020559,-86.8837213440157,16,1290.19
3326e01b-3c23-4fa9-bcd3-2acaafb07d2d,40.4218829125853,-86.887882766128,11,832.46
13bf0b02-f652-4609-943f-dbc509710e91,40.4229864105458,-86.8470762381104,83,5301.07
e8cb7b35-8b91-4734-bc08-322ef94d7dcd,40.4529504162426,-86.9622822204914,11,301.77
89055b80-8ef0-49cc-bbe3-6c7d5415021a,40.4197228205039,-86.9001614689923,15,1066.69
13bf0b02-f652-4609-943f-dbc509710e91,40.4265415917092,-86.8470348771328,96,5708.28
170011b0-977b-444b-a647-c0e01b5f04fb,40.3901882928672,-86.8763873849565,43,3893.48
3fa1788a-9312-405f-9fad-405ff4e7cdb3,40.4537747872706,-86.9030557778036,76,4744.76
3bbf4832-650a-47e3-8118-13ea10ec264c,40.4417409187081,-86.8844781891984,17,1887.98
eb71757f-5a3d-4a11-adc1-1d0b0e65c723,40.3835494824785,-86.8923392338419,56,4841.92
eb71757f-5a3d-4a11-adc1-1d0b0e65c723,40.3839252375999,-86.8424411208294,3,103.03
e1d33256-6b3d-4dd2-9b32-5f76612e652a,40.4240760766382,-86.9116490697438,42,2007.46
afbfbe89-3824-47d8-a4f2-727023af88ac,40.4313964506222,-86.9167980678456,88,6306.96
0fd3c4b0-ae9d-40b2-a07c-715b3b3b553a,40.3846886438506,-86.9046224299794,84,6254.57
b2d5f522-ef1c-4f6f-a88e-f9f90dc80c88,40.4587453287284,-86.9320166203508,37,2519.19
0fd3c4b0-ae9d-40b2-a07c-715b3b3b553a,40.3999626882075,-86.8936203081053,33,2526.48
b811b298-72d9-4efd-9671-3351c62aa1de,40.4454301078834,-86.9440387671118,68,2188.74
a05e2688-6ec0-45d9-a447-37df08b14d0b,40.427700093847,-86.845635331148,86,6156.65
0bb04145-d02a-46c3-a800-6d0d42233c5c,40.4332209057946,-86.9152101296851,122,7716.89
c7cc28c1-7c0e-4520-ae19-cb46fb733b6b,40.4306439646782,-86.9322387379542,87,6274.11
b2d5f522-ef1c-4f6f-a88e-f9f90dc80c88,40.4669911762238,-86.9471847552646,18,674.71
63c2c448-4a2f-4a35-a796-66b635935f73,40.4200308404996,-86.8817461812816,28,2149.4
33064dc1-95a3-4a07-8352-58827f35895b,40.3954456963598,-86.8812153696766,137,10428.88
0a1d1408-7910-4fd5-b3f7-3ce7064b408b,40.4184853645593,-86.9102796681703,39,3034.48
13bf0b02-f652-4609-943f-dbc509710e91,40.4266098599395,-86.8470931112759,99,5717.61
dd423f77-d4ba-47f0-98c9-7d78e756d475,40.4173280913058,-86.8892769967122,13,821.64
c7cc28c1-7c0e-4520-ae19-cb46fb733b6b,40.4460688866196,-86.9304840686003,52,3072.73
93c1bdef-1567-4615-ab23-04d3cc324ca3,40.428378,-86.900634,23,1708.95
3326e01b-3c23-4fa9-bcd3-2acaafb07d2d,40.3924449569275,-86.8384035186552,198,12923.27
a05e2688-6ec0-45d9-a447-37df08b14d0b,40.4321158213812,-86.887117491216,34,2065.88
afbfbe89-3824-47d8-a4f2-727023af88ac,40.423842,-86.903363,54,3786.13
13bf0b02-f652-4609-943f-dbc509710e91,40.4280408464141,-86.8451488264815,117,5979.59
e0c92e87-ef25-4f24-8979-fce9c3bc02dd,40.4604316213482,-86.9620154804687,25,1954.92
170011b0-977b-444b-a647-c0e01b5f04fb,40.3953454761871,-86.8789542704079,34,3105.41
3326e01b-3c23-4fa9-bcd3-2acaafb07d2d,40.4218055805272,-86.8920117859304,6,481.35
0bb04145-d02a-46c3-a800-6d0d42233c5c,40.4656139092755,-86.9276878926052,40,3154.77
002a917d-6cdc-46ab-bb61-4e54c64205ee,40.4046903791839,-86.8741681798797,15,1351.54
f25f38ba-f752-43fd-baec-05c57d7fd482,40.4173084690829,-86.8942685612519,2,390.61
b60e3152-a76d-4f75-998c-5ccb6225d74b,40.393337,-86.84857,49,2633.14
e1d33256-6b3d-4dd2-9b32-5f76612e652a,40.4205090338247,-86.9009600046601,24,982.63
96c76f87-236b-4d10-a004-d18116c5a5a0,40.4808676169997,-86.9310432984807,152,10247.27
96c76f87-236b-4d10-a004-d18116c5a5a0,40.4457287719252,-86.9214445815379,42,2786.83
0a1d1408-7910-4fd5-b3f7-3ce7064b408b,40.4239768042551,-86.9103753215298,29,2420.95
1f1c7703-f37e-4cab-90b2-34b3f54726f7,40.4684619849509,-86.9553808582025,47,3160.01
d556586f-5536-47a5-9e1f-9ad30028e9c9,40.4472934619456,-86.9150317247629,134,6538.18
f25f38ba-f752-43fd-baec-05c57d7fd482,40.4138674008763,-86.8268024440786,65,6534.41
1f6ab1b9-203d-4800-9c2f-0575ebaff4a6,40.4604292349219,-86.9156922107023,85,2021.89
33064dc1-95a3-4a07-8352-58827f35895b,40.3706435688574,-86.8759915564832,98,7249.78
1f1c7703-f37e-4cab-90b2-34b3f54726f7,40.4478515578441,-86.9619528952174,80,6217.27
24732034-b22f-40df-870b-590d76e81a8c,40.3935385468965,-86.8097314331813,128,11202.4
1f1c7703-f37e-4cab-90b2-34b3f54726f7,40.4573540284215,-86.962050838409,70,5150.92
56875f33-4f60-4591-a742-8e882d645c09,40.4295463974163,-86.9122130396784,2,121.55
33064dc1-95a3-4a07-8352-58827f35895b,40.3880838789999,-86.8762827852062,122,9205.62
d556586f-5536-47a5-9e1f-9ad30028e9c9,40.4258465662124,-86.9018610372314,32,1841.75
afbfbe89-3824-47d8-a4f2-727023af88ac,40.4297490955066,-86.9001957920909,44,3073.43
3fa1788a-9312-405f-9fad-405ff4e7cdb3,40.4282324776538,-86.9008130713596,25,1696.81
170011b0-977b-444b-a647-c0e01b5f04fb,40.3876631400712,-86.8497305564897,121,11628.77
d556586f-5536-47a5-9e1f-9ad30028e9c9,40.4276145737353,-86.9083638518476,46,2441.98
dd423f77-d4ba-47f0-98c9-7d78e756d475,40.4083640730287,-86.8768444526313,44,2843.31
3326e01b-3c23-4fa9-bcd3-2acaafb07d2d,40.4320863964148,-86.8690387645258,90,5689.65
d556586f-5536-47a5-9e1f-9ad30028e9c9,40.4265436784353,-86.8916561836991,14,846.92
3fa1788a-9312-405f-9fad-405ff4e7cdb3,40.4265412247769,-86.9054537113121,18,1088.37
93c1bdef-1567-4615-ab23-04d3cc324ca3,40.4369973896906,-86.8993601997745,41,2754.77
e1d33256-6b3d-4dd2-9b32-5f76612e652a,40.444768,-86.9435,91,6227.23
0a1d1408-7910-4fd5-b3f7-3ce7064b408b,40.4192609515559,-86.886793581493,90,5533.61
13bf0b02-f652-4609-943f-dbc509710e91,40.432186,-86.865217,144,8192.4
33064dc1-95a3-4a07-8352-58827f35895b,40.3867835383683,-86.8567956027605,26,2014.23
a05e2688-6ec0-45d9-a447-37df08b14d0b,40.4296818631698,-86.8869985274672,29,1794.63
d556586f-5536-47a5-9e1f-9ad30028e9c9,40.4607362198741,-86.9268332867186,211,9006.52
d556586f-5536-47a5-9e1f-9ad30028e9c9,40.4607814873439,-86.9301399664256,223,9292.75
24732034-b22f-40df-870b-590d76e81a8c,40.3950519338506,-86.8096824593516,132,11372.21
c7cc28c1-7c0e-4520-ae19-cb46fb733b6b,40.418222823542,-86.8954609615124,150,10784.64
0bb04145-d02a-46c3-a800-6d0d42233c5c,40.4459839286434,-86.9208186815732,95,6074.22
a05e2688-6ec0-45d9-a447-37df08b14d0b,40.4288725866479,-86.8449085012346,78,6004.78
1f6ab1b9-203d-4800-9c2f-0575ebaff4a6,40.4604648596222,-86.9198792596107,73,1661.56
afbfbe89-3824-47d8-a4f2-727023af88ac,40.4241278815378,-86.9166768371416,73,5082.87
93c1bdef-1567-4615-ab23-04d3cc324ca3,40.4296158322095,-86.900192160281,26,1851.67
b60e3152-a76d-4f75-998c-5ccb6225d74b,40.4182332230136,-86.890625643549,118,7489.27
c7cc28c1-7c0e-4520-ae19-cb46fb733b6b,40.4509912012731,-86.9256914817146,24,1713.65
3326e01b-3c23-4fa9-bcd3-2acaafb07d2d,40.4321035609802,-86.8597352430216,99,6479.36
cf98ced7-c172-4e65-98ed-b92c8d5118ed,40.4084012316012,-86.8929541862989,124,11222.59
28e019d7-aabd-407a-8617-6fb357801f08,40.3932896490866,-86.848649641791,29,1994.79
28e019d7-aabd-407a-8617-6fb357801f08,40.4137575872992,-86.8745061382357,90,5895.07
28e019d7-aabd-407a-8617-6fb357801f08,40.3920586321124,-86.8500846277478,37,2241.61
cf98ced7-c172-4e65-98ed-b92c8d5118ed,40.3820092681809,-86.8867361375818,48,4323.45
cf98ced7-c172-4e65-98ed-b92c8d5118ed,40.4085235286012,-86.8929086519,125,11236.71
28e019d7-aabd-407a-8617-6fb357801f08,40.3950763275218,-86.8496348129001,56,2919.57
fa3c48c4-e5ed-42ea-a149-8f48abc3adb2,40.4153015667188,-86.8763570991655,21,2019.36
01f4d3e9-bd6a-4bca-ab3c-3b44e6831475,40.3928295583818,-86.9072797704268,55,4114.94
01f4d3e9-bd6a-4bca-ab3c-3b44e6831475,40.3929874666609,-86.9091813057299,56,4276.82
01f4d3e9-bd6a-4bca-ab3c-3b44e6831475,40.3930361803196,-86.9093386476838,57,4291.19
01f4d3e9-bd6a-4bca-ab3c-3b44e6831475,40.3818579218118,-86.8858041516374,122,8659.26
01f4d3e9-bd6a-4bca-ab3c-3b44e6831475,40.3818433214332,-86.8844209244502,123,8776.35
cf98ced7-c172-4e65-98ed-b92c8d5118ed,40.3820401965253,-86.8869391483159,49,4340.97
28e019d7-aabd-407a-8617-6fb357801f08,40.4155914089415,-86.8766533054246,92,6168.7
cf98ced7-c172-4e65-98ed-b92c8d5118ed,40.3848366084153,-86.9101879111958,93,7106.83
01f4d3e9-bd6a-4bca-ab3c-3b44e6831475,40.4161833491865,-86.8930440516182,16,714.87
01f4d3e9-bd6a-4bca-ab3c-3b44e6831475,40.4129304539538,-86.8930114943235,17,1076.34
01f4d3e9-bd6a-4bca-ab3c-3b44e6831475,40.3846886438506,-86.9046224299794,84,6254.57
01f4d3e9-bd6a-4bca-ab3c-3b44e6831475,40.4128250728574,-86.893052001979,18,1088.54
01f4d3e9-bd6a-4bca-ab3c-3b44e6831475,40.4127067917927,-86.8930161570824,19,1102.03
cf98ced7-c172-4e65-98ed-b92c8d5118ed,40.3818571909193,-86.8608748234367,22,2121.57
cf98ced7-c172-4e65-98ed-b92c8d5118ed,40.3818809777052,-86.8610558567722,23,2137.12
cf98ced7-c172-4e65-98ed-b92c8d5118ed,40.381841472285,-86.8612075639864,24,2150.69
cf98ced7-c172-4e65-98ed-b92c8d5118ed,40.3818198591567,-86.8634928983022,25,2344.15
cf98ced7-c172-4e65-98ed-b92c8d5118ed,40.3818609338573,-86.8637031102843,26,2362.52
01f4d3e9-bd6a-4bca-ab3c-3b44e6831475,40.3857270675085,-86.9046564321884,85,6370
01f4d3e9-bd6a-4bca-ab3c-3b44e6831475,40.3857332972627,-86.903350747219,86,6480.52
3326e01b-3c23-4fa9-bcd3-2acaafb07d2d,40.4343013594843,-86.8873801842962,63,3849.72
a05e2688-6ec0-45d9-a447-37df08b14d0b,40.4208373085703,-86.8394562079288,134,7630.99
afbfbe89-3824-47d8-a4f2-727023af88ac,40.4392410356153,-86.8993127690432,29,1802.79
270e300e-042e-44fa-b9c9-e21538746b2f,40.4007559351173,-86.8385400166681,32,3729.71
63c2c448-4a2f-4a35-a796-66b635935f73,40.4200484218308,-86.8819925117002,29,2170.33
b2d5f522-ef1c-4f6f-a88e-f9f90dc80c88,40.4673898647416,-86.9472957313784,14,620.84
4b95220c-b38a-4e29-86e4-87b6928ae673,40.4070355967943,-86.8289626328942,93,6390.1
d556586f-5536-47a5-9e1f-9ad30028e9c9,40.4604680578334,-86.9178835010162,171,8222.31
0bb04145-d02a-46c3-a800-6d0d42233c5c,40.4382671182439,-86.9168026814556,111,7120.23
d556586f-5536-47a5-9e1f-9ad30028e9c9,40.4607174108653,-86.9290206967977,214,9191.47
e5c0c034-1aae-426b-a8b7-3e19ad8540c5,40.4378536265585,-86.8622220234826,1,11.47
b60e3152-a76d-4f75-998c-5ccb6225d74b,40.3917760630105,-86.8497361511284,38,2284.69
32580df6-cf1f-4b44-970a-3d33e8c7feff,40.4200452118029,-86.8909310635253,6,381.11
d556586f-5536-47a5-9e1f-9ad30028e9c9,40.4608590408106,-86.9246702349307,203,8821.15
0bb04145-d02a-46c3-a800-6d0d42233c5c,40.4429967750743,-86.919572336709,102,6537.31
d556586f-5536-47a5-9e1f-9ad30028e9c9,40.4608265220039,-86.9247239085731,204,8826.95
0fd3c4b0-ae9d-40b2-a07c-715b3b3b553a,40.3819098995527,-86.8559166124003,148,11204.39
eb71757f-5a3d-4a11-adc1-1d0b0e65c723,40.3835695854444,-86.8948037841534,59,5051.04
9172832a-d99f-4400-b801-baf4cfd054b7,40.4473010188003,-86.9408605647778,37,1008.01
0a1d1408-7910-4fd5-b3f7-3ce7064b408b,40.4191707381118,-86.9017149361554,59,3792.71
13bf0b02-f652-4609-943f-dbc509710e91,40.3961543029493,-86.838370293292,26,1635.77
eb71757f-5a3d-4a11-adc1-1d0b0e65c723,40.3819233060846,-86.8587451625682,19,1940.95
93c1bdef-1567-4615-ab23-04d3cc324ca3,40.4497287908201,-86.9008168831923,57,4229.97
b60e3152-a76d-4f75-998c-5ccb6225d74b,40.4051690960845,-86.8638029916679,73,4567.08
4b95220c-b38a-4e29-86e4-87b6928ae673,40.406895,-86.828839,69,4080.22
eb71757f-5a3d-4a11-adc1-1d0b0e65c723,40.3847104873608,-86.906473420937,88,6789.65
3326e01b-3c23-4fa9-bcd3-2acaafb07d2d,40.4200119564056,-86.8942238655108,1,92.07
28e019d7-aabd-407a-8617-6fb357801f08,40.3917760630105,-86.8497361511284,38,2284.69
fa3c48c4-e5ed-42ea-a149-8f48abc3adb2,40.4140073924217,-86.874932853067,22,2206.98
fa3c48c4-e5ed-42ea-a149-8f48abc3adb2,40.4138702400846,-86.8748306855458,23,2224.5
fa3c48c4-e5ed-42ea-a149-8f48abc3adb2,40.4137676268716,-86.8746573079673,24,2243.08
cf98ced7-c172-4e65-98ed-b92c8d5118ed,40.412436411982,-86.8929594928889,127,11672.08
fa3c48c4-e5ed-42ea-a149-8f48abc3adb2,40.4115960749712,-86.87224539372,25,2559.1
01f4d3e9-bd6a-4bca-ab3c-3b44e6831475,40.3930258157585,-86.9095041520661,58,4305.24
01f4d3e9-bd6a-4bca-ab3c-3b44e6831475,40.3817709017856,-86.88395019674,124,8817
fa3c48c4-e5ed-42ea-a149-8f48abc3adb2,40.3838439958426,-86.8425079208744,104,8034.25
28e019d7-aabd-407a-8617-6fb357801f08,40.4161172497004,-86.8772216205825,95,6245.87
cf98ced7-c172-4e65-98ed-b92c8d5118ed,40.3822999940578,-86.8874060730043,50,4389.91
28e019d7-aabd-407a-8617-6fb357801f08,40.397305742006,-86.8527253567808,58,3280.3
28e019d7-aabd-407a-8617-6fb357801f08,40.4175781544264,-86.8788060007846,101,6458.01
28e019d7-aabd-407a-8617-6fb357801f08,40.4181941755501,-86.8796394838976,102,6556.28
fa3c48c4-e5ed-42ea-a149-8f48abc3adb2,40.3836830967278,-86.8425766541296,105,8053.05
4aac4c21-daca-4d3b-abb9-c9efb54fea4a,40.4250967313049,-86.9079962996714,9,749.77
a05e2688-6ec0-45d9-a447-37df08b14d0b,40.4273788637888,-86.8462592605765,90,6221.01
28e019d7-aabd-407a-8617-6fb357801f08,40.418249496843,-86.891552804858,120,7567.96
0fd3c4b0-ae9d-40b2-a07c-715b3b3b553a,40.3928295583818,-86.9072797704268,55,4114.94
56875f33-4f60-4591-a742-8e882d645c09,40.4691449077352,-86.9450125083768,86,8278
b811b298-72d9-4efd-9671-3351c62aa1de,40.4500497476873,-86.9418031442933,15,529.72
1f6ab1b9-203d-4800-9c2f-0575ebaff4a6,40.4386430759585,-86.9071566801884,132,4716.53
d556586f-5536-47a5-9e1f-9ad30028e9c9,40.4307804315644,-86.9057005926146,83,4426.84
f25f38ba-f752-43fd-baec-05c57d7fd482,40.417494919727,-86.8597911012045,37,3320.29
3fa1788a-9312-405f-9fad-405ff4e7cdb3,40.426558,-86.906066,15,1035.26
1f6ab1b9-203d-4800-9c2f-0575ebaff4a6,40.4605548191175,-86.9245010916904,53,1256.52
32580df6-cf1f-4b44-970a-3d33e8c7feff,40.4188844983873,-86.8759913280432,30,1678.97
0bb04145-d02a-46c3-a800-6d0d42233c5c,40.4322393496179,-86.9150142022976,125,7828.05
eb71757f-5a3d-4a11-adc1-1d0b0e65c723,40.3819436331603,-86.8550885081552,17,1631.41
1f6ab1b9-203d-4800-9c2f-0575ebaff4a6,40.4604306129173,-86.915625199414,86,2027.56
3326e01b-3c23-4fa9-bcd3-2acaafb07d2d,40.4306550598237,-86.8902211240472,45,2866.44
170011b0-977b-444b-a647-c0e01b5f04fb,40.3889002302777,-86.8857890149428,22,1796.82
4e025ba5-8f41-4b28-a28d-f15951c5a468,40.4242101564533,-86.9191045712891,5,1520.25
b811b298-72d9-4efd-9671-3351c62aa1de,40.4483122804611,-86.9408569357822,40,890.67
3fa1788a-9312-405f-9fad-405ff4e7cdb3,40.4363523987452,-86.8994564623542,47,2693.76
eb71757f-5a3d-4a11-adc1-1d0b0e65c723,40.3836054671129,-86.8990027393328,70,5418.47
170011b0-977b-444b-a647-c0e01b5f04fb,40.388719,-86.885735,21,1776.17
3fa1788a-9312-405f-9fad-405ff4e7cdb3,40.4482548206004,-86.8996089339023,68,4028.45
63c2c448-4a2f-4a35-a796-66b635935f73,40.4200197448506,-86.8954892861532,48,3318.54
1f1c7703-f37e-4cab-90b2-34b3f54726f7,40.4678643768237,-86.9551401927831,41,3088.88
0bb04145-d02a-46c3-a800-6d0d42233c5c,40.4651394582632,-86.9270279133658,44,3232.91
d556586f-5536-47a5-9e1f-9ad30028e9c9,40.4607566835529,-86.9304904173534,227,9325.01
4b95220c-b38a-4e29-86e4-87b6928ae673,40.4030194745137,-86.8271678442968,116,6973.73
d556586f-5536-47a5-9e1f-9ad30028e9c9,40.4266697422665,-86.8918372328184,13,826.17
fa3c48c4-e5ed-42ea-a149-8f48abc3adb2,40.3830363038111,-86.8427490938001,106,8126.39
cf98ced7-c172-4e65-98ed-b92c8d5118ed,40.4125935085173,-86.8929302330572,128,11689.71
28e019d7-aabd-407a-8617-6fb357801f08,40.39168,-86.84966,39,2297.16
fa3c48c4-e5ed-42ea-a149-8f48abc3adb2,40.4114824154098,-86.8721602229146,26,2573.64
fa3c48c4-e5ed-42ea-a149-8f48abc3adb2,40.4113726490933,-86.872009212206,27,2591.3
cf98ced7-c172-4e65-98ed-b92c8d5118ed,40.3830363038111,-86.8427490938001,0,0
01f4d3e9-bd6a-4bca-ab3c-3b44e6831475,40.3932423749587,-86.9122942552675,59,4542.59
01f4d3e9-bd6a-4bca-ab3c-3b44e6831475,40.3816363948745,-86.8832856509419,125,8875.2
01f4d3e9-bd6a-4bca-ab3c-3b44e6831475,40.3815641611095,-86.8826083186135,126,8933.09
cf98ced7-c172-4e65-98ed-b92c8d5118ed,40.3826139147393,-86.8878993890881,51,4444.32
28e019d7-aabd-407a-8617-6fb357801f08,40.4164557411487,-86.877601085714,96,6295.32
28e019d7-aabd-407a-8617-6fb357801f08,40.3974000559163,-86.8529397057078,59,3301.25
cf98ced7-c172-4e65-98ed-b92c8d5118ed,40.4127435001061,-86.8929657948036,129,11706.65
28e019d7-aabd-407a-8617-6fb357801f08,40.4182667025358,-86.8799825649123,103,6586.4
28e019d7-aabd-407a-8617-6fb357801f08,40.4182580687474,-86.8809294864032,104,6666.51
3326e01b-3c23-4fa9-bcd3-2acaafb07d2d,40.4205430609062,-86.8457322763697,161,9179.63
d556586f-5536-47a5-9e1f-9ad30028e9c9,40.4388927853812,-86.9074351921476,106,5371.48
d556586f-5536-47a5-9e1f-9ad30028e9c9,40.4607262000928,-86.9240518059536,195,8763.65
c7cc28c1-7c0e-4520-ae19-cb46fb733b6b,40.446453,-86.922233,44,2311.93
afbfbe89-3824-47d8-a4f2-727023af88ac,40.4508801859148,-86.9017603902236,5,450.44
9172832a-d99f-4400-b801-baf4cfd054b7,40.4482194530694,-86.9445484213631,60,1787.44
a05e2688-6ec0-45d9-a447-37df08b14d0b,40.3980413444551,-86.8385138662337,157,10213.26
0fd3c4b0-ae9d-40b2-a07c-715b3b3b553a,40.3846448889163,-86.909311825592,81,5857.44
c7cc28c1-7c0e-4520-ae19-cb46fb733b6b,40.4196986806213,-86.9007140040823,132,9737.98
b60e3152-a76d-4f75-998c-5ccb6225d74b,40.41576268324,-86.8768447171272,94,6195.18
a05e2688-6ec0-45d9-a447-37df08b14d0b,40.4205973916258,-86.8437390678511,127,7262.76
a05e2688-6ec0-45d9-a447-37df08b14d0b,40.3983389078581,-86.8385538064572,156,10180.02
4e025ba5-8f41-4b28-a28d-f15951c5a468,40.4309942550426,-86.9322983533054,23,3468.93
afbfbe89-3824-47d8-a4f2-727023af88ac,40.4279068622718,-86.9010050857757,47,3290.37
96c76f87-236b-4d10-a004-d18116c5a5a0,40.4808568226203,-86.9286475956561,149,10044.21
3bbf4832-650a-47e3-8118-13ea10ec264c,40.4512399498726,-86.8772056707098,6,646.25
56875f33-4f60-4591-a742-8e882d645c09,40.4244237511325,-86.9191121722242,24,1846.66
eb71757f-5a3d-4a11-adc1-1d0b0e65c723,40.3818669976133,-86.8840807571811,42,4096.14
0a1d1408-7910-4fd5-b3f7-3ce7064b408b,40.4181264585987,-86.9061096419849,49,3398.26
e5c0c034-1aae-426b-a8b7-3e19ad8540c5,40.4257164439422,-86.8910933869653,58,4453.5
3fa1788a-9312-405f-9fad-405ff4e7cdb3,40.430559,-86.899728,33,1975.65
002a917d-6cdc-46ab-bb61-4e54c64205ee,40.4062314838646,-86.8766033902939,18,1621.92
ade7b7b0-935b-439e-966d-c3f250810c1a,40.44603,-86.88027,41,3257.27
96c76f87-236b-4d10-a004-d18116c5a5a0,40.4340872020067,-86.9152113776601,22,1354.9
ade7b7b0-935b-439e-966d-c3f250810c1a,40.4433301461772,-86.8829428510526,37,2878.37
b60e3152-a76d-4f75-998c-5ccb6225d74b,40.3870480302215,-86.8401774166609,10,574.04
c7cc28c1-7c0e-4520-ae19-cb46fb733b6b,40.4363544230581,-86.9362404070425,78,5553.11
cf98ced7-c172-4e65-98ed-b92c8d5118ed,40.3828922668295,-86.8884860901095,52,4502.83
28e019d7-aabd-407a-8617-6fb357801f08,40.3914799605864,-86.8492170669305,40,2340.74
cf98ced7-c172-4e65-98ed-b92c8d5118ed,40.4164449361032,-86.8930269295694,130,12117.99
01f4d3e9-bd6a-4bca-ab3c-3b44e6831475,40.393304401237,-86.9124728091045,60,4559.2
fa3c48c4-e5ed-42ea-a149-8f48abc3adb2,40.409784124211,-86.8701519666654,28,2827.63
01f4d3e9-bd6a-4bca-ab3c-3b44e6831475,40.3815899588916,-86.8802037888478,127,9136.64
28e019d7-aabd-407a-8617-6fb357801f08,40.3982119633387,-86.8540393610472,60,3430.86
28e019d7-aabd-407a-8617-6fb357801f08,40.4182580687474,-86.883551948616,107,6888.71
fa3c48c4-e5ed-42ea-a149-8f48abc3adb2,40.4095907753462,-86.870029531123,29,2851.48
28e019d7-aabd-407a-8617-6fb357801f08,40.3915032604688,-86.8489757304724,41,2361.33
cf98ced7-c172-4e65-98ed-b92c8d5118ed,40.3831056693197,-86.8889997072666,53,4552.35
4aac4c21-daca-4d3b-abb9-c9efb54fea4a,40.428627,-86.911277,4,253.04
fa3c48c4-e5ed-42ea-a149-8f48abc3adb2,40.4094898479036,-86.8698263224569,30,2872.01
28e019d7-aabd-407a-8617-6fb357801f08,40.39185,-86.84846,42,2419.55
28e019d7-aabd-407a-8617-6fb357801f08,40.4182681114532,-86.8884775300565,114,7306.55
b811b298-72d9-4efd-9671-3351c62aa1de,40.4492070048575,-86.940420087601,8,329.52
28e019d7-aabd-407a-8617-6fb357801f08,40.4182602271946,-86.8882893911645,113,7290.61
dd423f77-d4ba-47f0-98c9-7d78e756d475,40.4173272287687,-86.8895976120395,11,791.1
cf98ced7-c172-4e65-98ed-b92c8d5118ed,40.3848300982601,-86.8413986556036,6,274.85
01b692f1-d433-46dc-bbc7-f1ccd7a75e1d,40.4182111835754,-86.8954628587629,86,7284.83
33064dc1-95a3-4a07-8352-58827f35895b,40.3671757684073,-86.8700944719993,85,6355.08
1f6ab1b9-203d-4800-9c2f-0575ebaff4a6,40.424070472183,-86.8937126675275,220,8529.83
170011b0-977b-444b-a647-c0e01b5f04fb,40.3671004841726,-86.8720491158407,74,6804.03
d556586f-5536-47a5-9e1f-9ad30028e9c9,40.4380422988862,-86.906461318933,101,5244.96
1f1c7703-f37e-4cab-90b2-34b3f54726f7,40.469368160438,-86.958095580176,55,3490.26
170011b0-977b-444b-a647-c0e01b5f04fb,40.3953837945828,-86.8787522093998,35,3123.03
c7cc28c1-7c0e-4520-ae19-cb46fb733b6b,40.4241272599978,-86.9171491571242,111,8157.01
24732034-b22f-40df-870b-590d76e81a8c,40.4044631501632,-86.8277535585782,57,3782.37
e0c92e87-ef25-4f24-8979-fce9c3bc02dd,40.4669444541302,-86.9402041697624,44,4569.8
13bf0b02-f652-4609-943f-dbc509710e91,40.4228131932229,-86.8868939109426,189,11103.91
13bf0b02-f652-4609-943f-dbc509710e91,40.3848463967835,-86.8413933922129,11,284.58
0bb04145-d02a-46c3-a800-6d0d42233c5c,40.467984,-86.924627,17,1856.7
eb71757f-5a3d-4a11-adc1-1d0b0e65c723,40.3835479360962,-86.8926823219825,58,4871.46
1f6ab1b9-203d-4800-9c2f-0575ebaff4a6,40.4428387186476,-86.9124431715545,119,4065.79
fa3c48c4-e5ed-42ea-a149-8f48abc3adb2,40.3899787997869,-86.8410561199282,89,7083.81
13bf0b02-f652-4609-943f-dbc509710e91,40.4257947789361,-86.88700576272,182,10769.87
fa3c48c4-e5ed-42ea-a149-8f48abc3adb2,40.3899225506444,-86.8408647522331,90,7101.17
4b95220c-b38a-4e29-86e4-87b6928ae673,40.3937890195536,-86.8369821248038,25,1514.66
33064dc1-95a3-4a07-8352-58827f35895b,40.3835832194259,-86.8426122905379,1,61.87
270e300e-042e-44fa-b9c9-e21538746b2f,40.4030377656373,-86.8317362711073,20,2893.8
eb71757f-5a3d-4a11-adc1-1d0b0e65c723,40.4066507537254,-86.8929657266971,121,11025.24
63c2c448-4a2f-4a35-a796-66b635935f73,40.4200557473842,-86.8843538196974,34,2372.66
56875f33-4f60-4591-a742-8e882d645c09,40.4313767514495,-86.9139597158142,42,3076.39
cf98ced7-c172-4e65-98ed-b92c8d5118ed,40.3837458468707,-86.8425658010558,2,80.47
cf98ced7-c172-4e65-98ed-b92c8d5118ed,40.3834350500971,-86.890284765213,54,4667.11
cf98ced7-c172-4e65-98ed-b92c8d5118ed,40.3835417505669,-86.8911922231944,55,4744.83
e8cb7b35-8b91-4734-bc08-322ef94d7dcd,40.4308423465407,-86.9135735533938,64,6767.51
fa3c48c4-e5ed-42ea-a149-8f48abc3adb2,40.4078222578564,-86.8676183831534,31,3135.14
28e019d7-aabd-407a-8617-6fb357801f08,40.4182909224353,-86.8837724577338,108,6907.72
28e019d7-aabd-407a-8617-6fb357801f08,40.3920779883494,-86.8481837389972,43,2454.02
01f4d3e9-bd6a-4bca-ab3c-3b44e6831475,40.3933551659329,-86.9135530597906,62,4651.28
28e019d7-aabd-407a-8617-6fb357801f08,40.3997742093024,-86.8563008018387,63,3690.36
28e019d7-aabd-407a-8617-6fb357801f08,40.4182359215863,-86.8903952483627,116,7468.95
28e019d7-aabd-407a-8617-6fb357801f08,40.4182602271946,-86.8839403565329,109,6922.33
28e019d7-aabd-407a-8617-6fb357801f08,40.3924431566178,-86.8477284469234,44,2509.98
28e019d7-aabd-407a-8617-6fb357801f08,40.4182645440888,-86.8865117870486,110,7139.87
cf98ced7-c172-4e65-98ed-b92c8d5118ed,40.3839252375999,-86.8424411208294,3,103.03
1f6ab1b9-203d-4800-9c2f-0575ebaff4a6,40.4415358288234,-86.910450294028,121,4288.06
b811b298-72d9-4efd-9671-3351c62aa1de,40.448048290494,-86.9444165792714,58,1751.96
b811b298-72d9-4efd-9671-3351c62aa1de,40.4306995810825,-86.9315627077794,84,4219.6
3bbf4832-650a-47e3-8118-13ea10ec264c,40.4460186985774,-86.88065267662,11,1311.9
96c76f87-236b-4d10-a004-d18116c5a5a0,40.4358518776981,-86.9153015944739,23,1551.14
32580df6-cf1f-4b44-970a-3d33e8c7feff,40.4189771663533,-86.868225745453,38,2341.28
afbfbe89-3824-47d8-a4f2-727023af88ac,40.4273256417979,-86.9013625925173,49,3362.03
4b95220c-b38a-4e29-86e4-87b6928ae673,40.4044778472734,-86.8278212404974,103,6706.26
b60e3152-a76d-4f75-998c-5ccb6225d74b,40.4027652766752,-86.8604546384679,70,4176.56
afbfbe89-3824-47d8-a4f2-727023af88ac,40.4313500105641,-86.9157027192761,90,6399.78
24732034-b22f-40df-870b-590d76e81a8c,40.3889719448409,-86.8386815336033,11,826.53
13bf0b02-f652-4609-943f-dbc509710e91,40.4320929935416,-86.8822030786234,162,9640.63
13bf0b02-f652-4609-943f-dbc509710e91,40.4111966419544,-86.8387515516163,45,3315.34
0a1d1408-7910-4fd5-b3f7-3ce7064b408b,40.4182523738686,-86.886792080522,93,5646.71
33064dc1-95a3-4a07-8352-58827f35895b,40.3833564341899,-86.8762038983702,114,8674.65
270e300e-042e-44fa-b9c9-e21538746b2f,40.3992468356637,-86.8089717214687,10,551.85
9172832a-d99f-4400-b801-baf4cfd054b7,40.4472570387874,-86.9393954836962,0,0
93c1bdef-1567-4615-ab23-04d3cc324ca3,40.4256397739434,-86.902135574945,19,1377.95
13bf0b02-f652-4609-943f-dbc509710e91,40.4270977560537,-86.8471007026516,105,5776.49
b811b298-72d9-4efd-9671-3351c62aa1de,40.4315333640885,-86.928916715432,113,9013.85
170011b0-977b-444b-a647-c0e01b5f04fb,40.3670794962779,-86.8684887428751,80,7106.75
b2d5f522-ef1c-4f6f-a88e-f9f90dc80c88,40.437474381751,-86.9160332924617,55,5262.91
170011b0-977b-444b-a647-c0e01b5f04fb,40.3638752404754,-86.860175698393,100,8173.13
092fb563-ae54-468c-ae0c-1f4db815f671,40.4699770770804,-86.9456641172377,8,278.55
33064dc1-95a3-4a07-8352-58827f35895b,40.3840524853624,-86.8421872092322,5,127.95
3326e01b-3c23-4fa9-bcd3-2acaafb07d2d,40.4256910648941,-86.8869242047573,23,1347.26
89055b80-8ef0-49cc-bbe3-6c7d5415021a,40.418249496843,-86.891552804858,2,260.17
d556586f-5536-47a5-9e1f-9ad30028e9c9,40.4607743406298,-86.9249425789688,205,8846.33
4aac4c21-daca-4d3b-abb9-c9efb54fea4a,40.4240813101271,-86.9118721362696,18,1211.34
01f4d3e9-bd6a-4bca-ab3c-3b44e6831475,40.3816649545231,-86.8755428120818,131,9533.31
cf98ced7-c172-4e65-98ed-b92c8d5118ed,40.3835494824785,-86.8923392338419,56,4841.92
fa3c48c4-e5ed-42ea-a149-8f48abc3adb2,40.4076341037532,-86.867442540374,32,3160.8
fa3c48c4-e5ed-42ea-a149-8f48abc3adb2,40.4061246523456,-86.8652100474132,33,3413.42
4aac4c21-daca-4d3b-abb9-c9efb54fea4a,40.4248523964108,-86.9079920067329,11,779.19
fa3c48c4-e5ed-42ea-a149-8f48abc3adb2,40.4059255365089,-86.8650580564176,34,3439.01
01f4d3e9-bd6a-4bca-ab3c-3b44e6831475,40.39208061693,-86.9138522109831,63,4795.15
28e019d7-aabd-407a-8617-6fb357801f08,40.3999670565511,-86.8564894521682,64,3717.08
28e019d7-aabd-407a-8617-6fb357801f08,40.4182605277237,-86.8905096020985,117,7479
28e019d7-aabd-407a-8617-6fb357801f08,40.392692382912,-86.8478998535301,45,2541.24
cf98ced7-c172-4e65-98ed-b92c8d5118ed,40.3840280653876,-86.8422725060822,4,121.31
28e019d7-aabd-407a-8617-6fb357801f08,40.4182816806676,-86.8866477638866,111,7151.53
01f4d3e9-bd6a-4bca-ab3c-3b44e6831475,40.3817165297045,-86.875370304549,132,9549
01f4d3e9-bd6a-4bca-ab3c-3b44e6831475,40.3893712742197,-86.912928100368,64,5106.21
01f4d3e9-bd6a-4bca-ab3c-3b44e6831475,40.3891818457354,-86.9129435368147,65,5127.3
4b95220c-b38a-4e29-86e4-87b6928ae673,40.3896397191523,-86.8383584181293,12,905.61
f45e2fd4-e04e-476c-87ff-d079f18a5c71,40.4173114328726,-86.8930176793897,4,500.29
c7cc28c1-7c0e-4520-ae19-cb46fb733b6b,40.4239676944676,-86.9111643706196,115,8666.09
3326e01b-3c23-4fa9-bcd3-2acaafb07d2d,40.4320621552656,-86.8453487567713,108,7699.77
56875f33-4f60-4591-a742-8e882d645c09,40.4398940735233,-86.917905200931,56,4115.45
96c76f87-236b-4d10-a004-d18116c5a5a0,40.4659600859944,-86.9277561248962,103,5827.48
24732034-b22f-40df-870b-590d76e81a8c,40.3893424605671,-86.8142914822858,117,10108.49
e1d33256-6b3d-4dd2-9b32-5f76612e652a,40.4198982461666,-86.9004059736244,21,899.39
24732034-b22f-40df-870b-590d76e81a8c,40.415177609297,-86.8290746678437,79,5484.7
0bb04145-d02a-46c3-a800-6d0d42233c5c,40.4603918171163,-86.924636627712,63,3958.68
eb71757f-5a3d-4a11-adc1-1d0b0e65c723,40.384746812865,-86.9066443685677,89,6804.67
3326e01b-3c23-4fa9-bcd3-2acaafb07d2d,40.4338519842948,-86.8875171502092,41,2436.91
63c2c448-4a2f-4a35-a796-66b635935f73,40.4190791109124,-86.8617764887944,8,422.51
33064dc1-95a3-4a07-8352-58827f35895b,40.3671296513336,-86.8733831743044,93,6640.44
13bf0b02-f652-4609-943f-dbc509710e91,40.4221500247294,-86.8469244459444,79,5205.85
d556586f-5536-47a5-9e1f-9ad30028e9c9,40.4326344227236,-86.9057181941516,87,4633.47
13bf0b02-f652-4609-943f-dbc509710e91,40.4262941142572,-86.8471569992731,88,5671.89
3326e01b-3c23-4fa9-bcd3-2acaafb07d2d,40.3833050736741,-86.8425278724321,217,14112.57
eb71757f-5a3d-4a11-adc1-1d0b0e65c723,40.4067938278357,-86.8929657266971,123,11043.97
0bb04145-d02a-46c3-a800-6d0d42233c5c,40.4460399159214,-86.9217144919445,97,6150.75
24732034-b22f-40df-870b-590d76e81a8c,40.4055874309794,-86.828299765866,89,6570.91
96c76f87-236b-4d10-a004-d18116c5a5a0,40.4649411569464,-86.9262616646267,95,5643.09
d556586f-5536-47a5-9e1f-9ad30028e9c9,40.4604556998105,-86.9161528326276,167,8075.05
56875f33-4f60-4591-a742-8e882d645c09,40.4241406672647,-86.9158719107532,20,1546.19
170011b0-977b-444b-a647-c0e01b5f04fb,40.3923559671473,-86.8764690405023,40,3651.5
0fd3c4b0-ae9d-40b2-a07c-715b3b3b553a,40.3817709017856,-86.88395019674,124,8817
1f6ab1b9-203d-4800-9c2f-0575ebaff4a6,40.4570577135901,-86.9156960353526,90,2402.73
b60e3152-a76d-4f75-998c-5ccb6225d74b,40.4182215291972,-86.8917055471406,121,7581.25
63c2c448-4a2f-4a35-a796-66b635935f73,40.4190737600264,-86.8675121440035,13,910.94
01f4d3e9-bd6a-4bca-ab3c-3b44e6831475,40.3890464164851,-86.9128125865409,66,5145.99
cf98ced7-c172-4e65-98ed-b92c8d5118ed,40.383573,-86.89251,57,4856.61
fa3c48c4-e5ed-42ea-a149-8f48abc3adb2,40.4058303600372,-86.8647949405102,35,3463.66
28e019d7-aabd-407a-8617-6fb357801f08,40.4182332230136,-86.890625643549,118,7489.27
fa3c48c4-e5ed-42ea-a149-8f48abc3adb2,40.4207112145848,-86.8948077794795,0,0
cf98ced7-c172-4e65-98ed-b92c8d5118ed,40.3844080073364,-86.841166611849,5,224
28e019d7-aabd-407a-8617-6fb357801f08,40.4182623856417,-86.886786791194,112,7163.49
28e019d7-aabd-407a-8617-6fb357801f08,40.4012520574694,-86.8582634809356,66,3925.03
01f4d3e9-bd6a-4bca-ab3c-3b44e6831475,40.3817349012883,-86.8726691152504,133,9777.65
fa3c48c4-e5ed-42ea-a149-8f48abc3adb2,40.3968810795008,-86.8523166838629,51,4920.71
cf98ced7-c172-4e65-98ed-b92c8d5118ed,40.3835479360962,-86.8926823219825,58,4871.46
cf98ced7-c172-4e65-98ed-b92c8d5118ed,40.4181269728898,-86.8930006765512,132,12305.11
cf98ced7-c172-4e65-98ed-b92c8d5118ed,40.4182752424752,-86.8930621189409,133,12322.39
01f4d3e9-bd6a-4bca-ab3c-3b44e6831475,40.387018644036,-86.9121938593503,68,5378.77
01f4d3e9-bd6a-4bca-ab3c-3b44e6831475,40.3869032185508,-86.9120543419339,69,5396.2
a05e2688-6ec0-45d9-a447-37df08b14d0b,40.3838387279083,-86.8425197256839,178,11967.92
3326e01b-3c23-4fa9-bcd3-2acaafb07d2d,40.3899885556298,-86.8383963284847,201,13200.05
f25f38ba-f752-43fd-baec-05c57d7fd482,40.4167718731047,-86.8141576209747,79,8108.82
0fd3c4b0-ae9d-40b2-a07c-715b3b3b553a,40.3932807239111,-86.912667453785,61,4575.88
1f6ab1b9-203d-4800-9c2f-0575ebaff4a6,40.4391051704165,-86.9077957007705,130,4641.85
24732034-b22f-40df-870b-590d76e81a8c,40.3830363038111,-86.8427490938001,0,0
002a917d-6cdc-46ab-bb61-4e54c64205ee,40.4100237290796,-86.881713898314,35,2453.68
eb71757f-5a3d-4a11-adc1-1d0b0e65c723,40.382155052297,-86.844273227489,10,712.43
3326e01b-3c23-4fa9-bcd3-2acaafb07d2d,40.4208546519307,-86.8392435836774,172,9736.72
e1d33256-6b3d-4dd2-9b32-5f76612e652a,40.4182087555723,-86.8973683899856,8,554.79
b811b298-72d9-4efd-9671-3351c62aa1de,40.4485981847073,-86.9409288290759,38,858.31
1f1c7703-f37e-4cab-90b2-34b3f54726f7,40.4679762415876,-86.9472538580533,32,2365.04
1f1c7703-f37e-4cab-90b2-34b3f54726f7,40.468561,-86.95818,57,3581
4b95220c-b38a-4e29-86e4-87b6928ae673,40.3991705074855,-86.8086402108109,120,8950.76
28e019d7-aabd-407a-8617-6fb357801f08,40.4011216909842,-86.8581658643039,65,3908.35
4e025ba5-8f41-4b28-a28d-f15951c5a468,40.448048290494,-86.9444165792714,36,5718.62
b811b298-72d9-4efd-9671-3351c62aa1de,40.4419838155498,-86.9416995013773,127,10791.41
a05e2688-6ec0-45d9-a447-37df08b14d0b,40.4320913005768,-86.8669995923953,55,3775.68
33064dc1-95a3-4a07-8352-58827f35895b,40.3954177513181,-86.8785612711734,133,10202.64
e0c92e87-ef25-4f24-8979-fce9c3bc02dd,40.4673803572788,-86.9569434504889,31,3140.29
32580df6-cf1f-4b44-970a-3d33e8c7feff,40.4207112145848,-86.8948077794795,0,0
b60e3152-a76d-4f75-998c-5ccb6225d74b,40.4182816806676,-86.8866477638866,111,7151.53
3326e01b-3c23-4fa9-bcd3-2acaafb07d2d,40.4207112145848,-86.8948077794795,0,0
1f6ab1b9-203d-4800-9c2f-0575ebaff4a6,40.4606485225612,-86.9242285187471,57,1282.56
b811b298-72d9-4efd-9671-3351c62aa1de,40.4309942550426,-86.9322983533054,122,9321.69
96c76f87-236b-4d10-a004-d18116c5a5a0,40.4661867471843,-86.9280051533328,106,5862.04
afbfbe89-3824-47d8-a4f2-727023af88ac,40.4374987486649,-86.8993177140571,31,1996.49
b60e3152-a76d-4f75-998c-5ccb6225d74b,40.418281995386,-86.8811654809826,105,6686.65
a05e2688-6ec0-45d9-a447-37df08b14d0b,40.4220985087209,-86.8469310786064,117,6878.63
3326e01b-3c23-4fa9-bcd3-2acaafb07d2d,40.4273381929208,-86.8465608113745,128,8333.14
fa3c48c4-e5ed-42ea-a149-8f48abc3adb2,40.3953058394022,-86.850030017388,52,5181.64
cf98ced7-c172-4e65-98ed-b92c8d5118ed,40.3835695854444,-86.8948037841534,59,5051.04
01f4d3e9-bd6a-4bca-ab3c-3b44e6831475,40.3816730011507,-86.8724904580409,134,9794.26
cf98ced7-c172-4e65-98ed-b92c8d5118ed,40.421827597627,-86.8930978917733,134,12717.14
cf98ced7-c172-4e65-98ed-b92c8d5118ed,40.4212312400924,-86.8943070843222,136,12882.19
01f4d3e9-bd6a-4bca-ab3c-3b44e6831475,40.3855085602706,-86.9115984089135,70,5555.91
cf98ced7-c172-4e65-98ed-b92c8d5118ed,40.3849408966893,-86.8415267991696,7,291.26
fa3c48c4-e5ed-42ea-a149-8f48abc3adb2,40.4172820101548,-86.8942337867161,2,396.29
fa3c48c4-e5ed-42ea-a149-8f48abc3adb2,40.3951248139102,-86.8498800371809,53,5205.43
fa3c48c4-e5ed-42ea-a149-8f48abc3adb2,40.4049584396649,-86.8636709654744,37,3600.19
28e019d7-aabd-407a-8617-6fb357801f08,40.4182215291972,-86.8917055471406,121,7581.25
fa3c48c4-e5ed-42ea-a149-8f48abc3adb2,40.39168,-86.84966,67,5813.49
cf98ced7-c172-4e65-98ed-b92c8d5118ed,40.3851176461872,-86.8418038663392,8,321.85
cf98ced7-c172-4e65-98ed-b92c8d5118ed,40.3823344472626,-86.844044647074,9,684.65
cf98ced7-c172-4e65-98ed-b92c8d5118ed,40.4207112145848,-86.8948077794795,137,12953.84
4aac4c21-daca-4d3b-abb9-c9efb54fea4a,40.4239981589347,-86.9080096088259,13,874.22
4aac4c21-daca-4d3b-abb9-c9efb54fea4a,40.4240378659089,-86.911698445084,17,1195.87
4aac4c21-daca-4d3b-abb9-c9efb54fea4a,40.4275092089437,-86.9098759934149,6,425.68
4aac4c21-daca-4d3b-abb9-c9efb54fea4a,40.4258003985398,-86.9080595735494,7,669.94
4aac4c21-daca-4d3b-abb9-c9efb54fea4a,40.4239965593182,-86.910332892922,16,1080.26
4aac4c21-daca-4d3b-abb9-c9efb54fea4a,40.4285626924398,-86.9111116531873,5,268.75
4aac4c21-daca-4d3b-abb9-c9efb54fea4a,40.4287414067528,-86.9113299530805,3,239.56
4aac4c21-daca-4d3b-abb9-c9efb54fea4a,40.4301083987717,-86.9128127448072,2,42.57
4aac4c21-daca-4d3b-abb9-c9efb54fea4a,40.4303121910735,-86.9129651428458,1,16.51
092fb563-ae54-468c-ae0c-1f4db815f671,40.467188,-86.947349,17,644.03
24732034-b22f-40df-870b-590d76e81a8c,40.4153367071979,-86.8273293287845,73,5252.11
d556586f-5536-47a5-9e1f-9ad30028e9c9,40.4576989128512,-86.9340669640828,249,9985.6
1f6ab1b9-203d-4800-9c2f-0575ebaff4a6,40.4606423474213,-86.9248734931613,49,1222.82
f25f38ba-f752-43fd-baec-05c57d7fd482,40.4169124430437,-86.8268034079426,67,6873.2
9172832a-d99f-4400-b801-baf4cfd054b7,40.4460704892652,-86.9435440917821,46,1412.07
3fa1788a-9312-405f-9fad-405ff4e7cdb3,40.4304986820035,-86.9131899138036,3,226.13
4e025ba5-8f41-4b28-a28d-f15951c5a468,40.4240586116349,-86.9103726393206,3,781.41
96c76f87-236b-4d10-a004-d18116c5a5a0,40.423957271106,-86.9103361883721,2,81.14
89055b80-8ef0-49cc-bbe3-6c7d5415021a,40.4185469199341,-86.91007954784,46,1974.32
13bf0b02-f652-4609-943f-dbc509710e91,40.4281737746843,-86.8450248322304,118,5997.71
0fd3c4b0-ae9d-40b2-a07c-715b3b3b553a,40.3817702474398,-86.8652482191185,139,10410.6
b60e3152-a76d-4f75-998c-5ccb6225d74b,40.412350768587,-86.8729289992409,87,5687.81
32580df6-cf1f-4b44-970a-3d33e8c7feff,40.4248611471111,-86.8606081561688,56,3633.6
c7cc28c1-7c0e-4520-ae19-cb46fb733b6b,40.4461251751604,-86.9220318496432,47,2356.24
0fd3c4b0-ae9d-40b2-a07c-715b3b3b553a,40.3850878601094,-86.8417908222796,154,12585.58
0a1d1408-7910-4fd5-b3f7-3ce7064b408b,40.418721812441,-86.9102872431219,36,3006.61
e0c92e87-ef25-4f24-8979-fce9c3bc02dd,40.4642664468894,-86.9620200131138,26,2381.05
a05e2688-6ec0-45d9-a447-37df08b14d0b,40.4320462305574,-86.8806081641083,41,2617.72
3fa1788a-9312-405f-9fad-405ff4e7cdb3,40.45630965718,-86.903063234661,81,5220.73
4b95220c-b38a-4e29-86e4-87b6928ae673,40.3960571567328,-86.8383711511371,37,1890.77
3326e01b-3c23-4fa9-bcd3-2acaafb07d2d,40.4320740154242,-86.8823329510544,75,4557.56
f25f38ba-f752-43fd-baec-05c57d7fd482,40.4173664997438,-86.8167219648792,74,7808.5
1f6ab1b9-203d-4800-9c2f-0575ebaff4a6,40.4286045985413,-86.9111734780793,177,6788.3
f45e2fd4-e04e-476c-87ff-d079f18a5c71,40.3968810795008,-86.8523166838629,51,4920.71
33064dc1-95a3-4a07-8352-58827f35895b,40.3867144920772,-86.8515832838008,20,1571.02
01f4d3e9-bd6a-4bca-ab3c-3b44e6831475,40.4053997404182,-86.893007222569,26,1915.13
01b692f1-d433-46dc-bbc7-f1ccd7a75e1d,40.41539,-86.8138,0,0
cf98ced7-c172-4e65-98ed-b92c8d5118ed,40.3835989666914,-86.8949398013453,60,5063.01
01f4d3e9-bd6a-4bca-ab3c-3b44e6831475,40.3817427748228,-86.8723693659278,135,9807.11
01f4d3e9-bd6a-4bca-ab3c-3b44e6831475,40.3851357331953,-86.9114240653172,71,5599.89
01f4d3e9-bd6a-4bca-ab3c-3b44e6831475,40.3849426141347,-86.911437476363,72,5621.38
fa3c48c4-e5ed-42ea-a149-8f48abc3adb2,40.417262,-86.893175,3,485.89
fa3c48c4-e5ed-42ea-a149-8f48abc3adb2,40.4048630012537,-86.8634315290439,38,3623.06
fa3c48c4-e5ed-42ea-a149-8f48abc3adb2,40.4029173553357,-86.8607649126072,39,3935.56
fa3c48c4-e5ed-42ea-a149-8f48abc3adb2,40.3916220687341,-86.8495449243772,68,5825.16
fa3c48c4-e5ed-42ea-a149-8f48abc3adb2,40.3950333027734,-86.8496578525778,54,5226.81
28e019d7-aabd-407a-8617-6fb357801f08,40.4182233282461,-86.8928067179802,122,7674.41
cf98ced7-c172-4e65-98ed-b92c8d5118ed,40.382155052297,-86.844273227489,10,712.43
01f4d3e9-bd6a-4bca-ab3c-3b44e6831475,40.4207112145848,-86.8948077794795,0,0
01f4d3e9-bd6a-4bca-ab3c-3b44e6831475,40.4200068961025,-86.8954882111823,1,97.15
01f4d3e9-bd6a-4bca-ab3c-3b44e6831475,40.4200208553498,-86.8942835503916,2,199.07
01f4d3e9-bd6a-4bca-ab3c-3b44e6831475,40.3817283517495,-86.8691091943149,136,10083.07
1f6ab1b9-203d-4800-9c2f-0575ebaff4a6,40.4573918658955,-86.9335211246657,5,70.06
24732034-b22f-40df-870b-590d76e81a8c,40.4028422270977,-86.8279556450472,100,6894.53
1f6ab1b9-203d-4800-9c2f-0575ebaff4a6,40.4586681337732,-86.9156759106594,87,2223.45
9172832a-d99f-4400-b801-baf4cfd054b7,40.4311020929278,-86.93265509204,80,4082.93
b811b298-72d9-4efd-9671-3351c62aa1de,40.4479088195375,-86.9444724443786,57,1735.76
0a1d1408-7910-4fd5-b3f7-3ce7064b408b,40.4241225963196,-86.9174258703012,19,1820.4
3fa1788a-9312-405f-9fad-405ff4e7cdb3,40.4265779063799,-86.9056946452455,17,1067.59
93c1bdef-1567-4615-ab23-04d3cc324ca3,40.4319899041646,-86.8990912675316,32,2133.89
a05e2688-6ec0-45d9-a447-37df08b14d0b,40.3834958468612,-86.8426098374135,180,12007.21
eb71757f-5a3d-4a11-adc1-1d0b0e65c723,40.3818198591567,-86.8634928983022,25,2344.15
4aac4c21-daca-4d3b-abb9-c9efb54fea4a,40.4548546863577,-86.9522904897372,91,8596.54
0a1d1408-7910-4fd5-b3f7-3ce7064b408b,40.4200258417889,-86.8881448818693,87,5336.42
1f6ab1b9-203d-4800-9c2f-0575ebaff4a6,40.4601708318552,-86.9334640360665,18,476.24
eb71757f-5a3d-4a11-adc1-1d0b0e65c723,40.3849736122058,-86.9111965546057,95,7195.15
0bb04145-d02a-46c3-a800-6d0d42233c5c,40.4313881504121,-86.9148003027144,131,7947.41
0fd3c4b0-ae9d-40b2-a07c-715b3b3b553a,40.3833883751197,-86.8952321770294,108,7811.29
4b95220c-b38a-4e29-86e4-87b6928ae673,40.4138718973411,-86.8267993472702,78,5043.44
96c76f87-236b-4d10-a004-d18116c5a5a0,40.450319,-86.919401,58,3501.34
4aac4c21-daca-4d3b-abb9-c9efb54fea4a,40.4530139012945,-86.9575016254336,95,9088.02
56875f33-4f60-4591-a742-8e882d645c09,40.4251214374049,-86.9080042094258,10,744.16
13bf0b02-f652-4609-943f-dbc509710e91,40.3840779603234,-86.8421350260322,8,138.82
93c1bdef-1567-4615-ab23-04d3cc324ca3,40.429759682088,-86.9001668096839,27,1867.8
e8cb7b35-8b91-4734-bc08-322ef94d7dcd,40.4529267222089,-86.9616877700121,6,242.8
0fd3c4b0-ae9d-40b2-a07c-715b3b3b553a,40.4161833491865,-86.8930440516182,16,714.87
d556586f-5536-47a5-9e1f-9ad30028e9c9,40.4256075874333,-86.8923160071561,23,1018.9
092fb563-ae54-468c-ae0c-1f4db815f671,40.4650749543354,-86.9370633028187,38,1695.94
96c76f87-236b-4d10-a004-d18116c5a5a0,40.4293452459183,-86.9117512948365,8,722.32
24732034-b22f-40df-870b-590d76e81a8c,40.3899969219524,-86.814132803226,115,10034.36
f45e2fd4-e04e-476c-87ff-d079f18a5c71,40.3951248139102,-86.8498800371809,53,5205.43
a05e2688-6ec0-45d9-a447-37df08b14d0b,40.4321060130606,-86.8570131254066,64,4623.15
fa3c48c4-e5ed-42ea-a149-8f48abc3adb2,40.4011092710682,-86.8582950017051,41,4225.96
01f4d3e9-bd6a-4bca-ab3c-3b44e6831475,40.3846489122301,-86.9114723450823,74,5654.25
cf98ced7-c172-4e65-98ed-b92c8d5118ed,40.382017461194,-86.8487466494721,12,1093.16
cf98ced7-c172-4e65-98ed-b92c8d5118ed,40.3837291858319,-86.8951428862667,62,5085.61
cf98ced7-c172-4e65-98ed-b92c8d5118ed,40.3818196959882,-86.8687273612557,29,2789
fa3c48c4-e5ed-42ea-a149-8f48abc3adb2,40.3915359455133,-86.8493491081472,70,5846.19
cf98ced7-c172-4e65-98ed-b92c8d5118ed,40.3847225661325,-86.9025807466923,78,5751.18
cf98ced7-c172-4e65-98ed-b92c8d5118ed,40.384744398502,-86.9031253299218,79,5797.34
28e019d7-aabd-407a-8617-6fb357801f08,40.4182260268193,-86.8930453837631,124,7695.7
01f4d3e9-bd6a-4bca-ab3c-3b44e6831475,40.4183081436048,-86.8942842018999,5,389.63
fa3c48c4-e5ed-42ea-a149-8f48abc3adb2,40.3942262091157,-86.8484883968062,57,5362.28
01f4d3e9-bd6a-4bca-ab3c-3b44e6831475,40.381733937843,-86.8687645298625,138,10112.93
01f4d3e9-bd6a-4bca-ab3c-3b44e6831475,40.3817702474398,-86.8652482191185,139,10410.6
01f4d3e9-bd6a-4bca-ab3c-3b44e6831475,40.381722,-86.8651,140,10424.24
01f4d3e9-bd6a-4bca-ab3c-3b44e6831475,40.3845013907255,-86.911375785552,75,5672.57
d556586f-5536-47a5-9e1f-9ad30028e9c9,40.455428,-86.915589,157,7465.55
33064dc1-95a3-4a07-8352-58827f35895b,40.389712923152,-86.8859551480982,150,11476.67
b60e3152-a76d-4f75-998c-5ccb6225d74b,40.3922034014726,-86.8501007361379,35,2225.17
1f6ab1b9-203d-4800-9c2f-0575ebaff4a6,40.4457756075488,-86.9141853300741,112,3702.58
1f1c7703-f37e-4cab-90b2-34b3f54726f7,40.4676874260716,-86.9501337081274,36,2644.42
ade7b7b0-935b-439e-966d-c3f250810c1a,40.4207112145848,-86.8948077794795,0,0
3fa1788a-9312-405f-9fad-405ff4e7cdb3,40.4287481063952,-86.9113297551688,6,479.68
96c76f87-236b-4d10-a004-d18116c5a5a0,40.4340002199411,-86.9151375839196,21,1343.39
0bb04145-d02a-46c3-a800-6d0d42233c5c,40.4656775777308,-86.9282536148102,37,3105.47
3326e01b-3c23-4fa9-bcd3-2acaafb07d2d,40.4230456604981,-86.847125868428,149,8856.22
0fd3c4b0-ae9d-40b2-a07c-715b3b3b553a,40.3857544369157,-86.904701737783,90,6860.06
0bb04145-d02a-46c3-a800-6d0d42233c5c,40.4264321225441,-86.9191514151426,140,8878.86
24732034-b22f-40df-870b-590d76e81a8c,40.4042287518238,-86.8277421464904,55,3755.9
170011b0-977b-444b-a647-c0e01b5f04fb,40.3879142401638,-86.8969815475026,12,743.89
24732034-b22f-40df-870b-590d76e81a8c,40.3949787274667,-86.8383771562723,36,1770.07
170011b0-977b-444b-a647-c0e01b5f04fb,40.3638752404754,-86.8599751510741,101,8190.11
96c76f87-236b-4d10-a004-d18116c5a5a0,40.4459636664353,-86.9213122996697,45,2817.47
0a1d1408-7910-4fd5-b3f7-3ce7064b408b,40.4174134384044,-86.8965968129991,70,4308.42
89055b80-8ef0-49cc-bbe3-6c7d5415021a,40.41824428563,-86.8953314111259,4,580.09
32580df6-cf1f-4b44-970a-3d33e8c7feff,40.4189611254491,-86.8710042972283,36,2105.54
eb71757f-5a3d-4a11-adc1-1d0b0e65c723,40.384744398502,-86.9031253299218,79,5797.34
0bb04145-d02a-46c3-a800-6d0d42233c5c,40.4680595983287,-86.9246049857713,16,1848.1
01b692f1-d433-46dc-bbc7-f1ccd7a75e1d,40.418281995386,-86.8811654809826,67,6070.39
1f6ab1b9-203d-4800-9c2f-0575ebaff4a6,40.4605399602874,-86.9204225943811,67,1608.67
270e300e-042e-44fa-b9c9-e21538746b2f,40.3924239476178,-86.8383996212644,41,4662.18
0bb04145-d02a-46c3-a800-6d0d42233c5c,40.4317706893506,-86.9145648514806,127,7892.52
33064dc1-95a3-4a07-8352-58827f35895b,40.3947890040153,-86.8860718241973,144,10904.75
cf98ced7-c172-4e65-98ed-b92c8d5118ed,40.3820355233045,-86.8489263930326,13,1108.51
cf98ced7-c172-4e65-98ed-b92c8d5118ed,40.3847293430543,-86.904626372688,80,5924.4
cf98ced7-c172-4e65-98ed-b92c8d5118ed,40.3837675220184,-86.8952950701298,63,5099.18
fa3c48c4-e5ed-42ea-a149-8f48abc3adb2,40.4010452045549,-86.8581353375218,42,4241.23
cf98ced7-c172-4e65-98ed-b92c8d5118ed,40.381770738385,-86.8689353987617,30,2807.43
28e019d7-aabd-407a-8617-6fb357801f08,40.4183330701334,-86.8930607434419,125,7707.67
cf98ced7-c172-4e65-98ed-b92c8d5118ed,40.3848460546044,-86.9108111805207,94,7159.59
cf98ced7-c172-4e65-98ed-b92c8d5118ed,40.3837510185235,-86.8954247319732,64,5110.31
01f4d3e9-bd6a-4bca-ab3c-3b44e6831475,40.4182371642154,-86.8942494161065,6,398.05
fa3c48c4-e5ed-42ea-a149-8f48abc3adb2,40.3940485060489,-86.8487476492407,58,5391.8
01f4d3e9-bd6a-4bca-ab3c-3b44e6831475,40.3817786265748,-86.8649255545246,141,10440.29
fa3c48c4-e5ed-42ea-a149-8f48abc3adb2,40.3938041635663,-86.8492175442781,59,5439.95
cf98ced7-c172-4e65-98ed-b92c8d5118ed,40.3820091033074,-86.8490867837612,14,1122.4
cf98ced7-c172-4e65-98ed-b92c8d5118ed,40.3857215567466,-86.9046597121726,81,6034.69
cf98ced7-c172-4e65-98ed-b92c8d5118ed,40.3849736122058,-86.9111965546057,95,7195.15
9172832a-d99f-4400-b801-baf4cfd054b7,40.4481693727773,-86.9408275837956,34,911.04
f45e2fd4-e04e-476c-87ff-d079f18a5c71,40.3953058394022,-86.850030017388,52,5181.64
b811b298-72d9-4efd-9671-3351c62aa1de,40.447990195517,-86.9408325848279,42,926.61
170011b0-977b-444b-a647-c0e01b5f04fb,40.3767850626824,-86.8571563673116,104,9873.07
a05e2688-6ec0-45d9-a447-37df08b14d0b,40.4218055805272,-86.8920117859304,6,481.35
0a1d1408-7910-4fd5-b3f7-3ce7064b408b,40.4200633023554,-86.8884060484942,86,5313.94
002a917d-6cdc-46ab-bb61-4e54c64205ee,40.4207112145848,-86.8948077794795,67,4615.17
32580df6-cf1f-4b44-970a-3d33e8c7feff,40.4200365079967,-86.8925283676203,3,244.88
3326e01b-3c23-4fa9-bcd3-2acaafb07d2d,40.4320462305574,-86.8806081641083,77,4704.17
a05e2688-6ec0-45d9-a447-37df08b14d0b,40.4065442946262,-86.8386962825992,149,9266.06
0a1d1408-7910-4fd5-b3f7-3ce7064b408b,40.4192959732455,-86.901183061832,60,3839.81
3326e01b-3c23-4fa9-bcd3-2acaafb07d2d,40.4264468059417,-86.8472390675854,142,8471.75
c7cc28c1-7c0e-4520-ae19-cb46fb733b6b,40.4242537324113,-86.9231876849668,107,7644.75
56875f33-4f60-4591-a742-8e882d645c09,40.4288157372458,-86.91140324781,3,227.78
fa3c48c4-e5ed-42ea-a149-8f48abc3adb2,40.4173133627546,-86.8917502589168,7,608.5
3fa1788a-9312-405f-9fad-405ff4e7cdb3,40.4279194481947,-86.9009582797543,24,1659.92
afbfbe89-3824-47d8-a4f2-727023af88ac,40.4245993399757,-86.9191108739638,77,5333.3
dd423f77-d4ba-47f0-98c9-7d78e756d475,40.4060137041348,-86.8764002117402,49,3120.8
e1d33256-6b3d-4dd2-9b32-5f76612e652a,40.4428762747899,-86.9424132898382,87,5995.6
13bf0b02-f652-4609-943f-dbc509710e91,40.4314432378865,-86.8449070754725,128,6375.56
0bb04145-d02a-46c3-a800-6d0d42233c5c,40.448055,-86.919598,88,5696.26
33064dc1-95a3-4a07-8352-58827f35895b,40.3679320476976,-86.8758919477178,96,6947.4
e1d33256-6b3d-4dd2-9b32-5f76612e652a,40.4183024892226,-86.8978598528534,10,597.72
dd423f77-d4ba-47f0-98c9-7d78e756d475,40.4166766627384,-86.886734635366,17,1113.21
4e025ba5-8f41-4b28-a28d-f15951c5a468,40.448224438538,-86.945267524259,41,5802.3
e1d33256-6b3d-4dd2-9b32-5f76612e652a,40.447268,-86.922458,109,8469.9
d556586f-5536-47a5-9e1f-9ad30028e9c9,40.4257907861176,-86.8914501829026,20,937.58
01f4d3e9-bd6a-4bca-ab3c-3b44e6831475,40.3844423821236,-86.9111866898052,76,5689.87
fa3c48c4-e5ed-42ea-a149-8f48abc3adb2,40.4004409173678,-86.8572605628624,43,4341.17
28e019d7-aabd-407a-8617-6fb357801f08,40.4218538356932,-86.8930938478168,126,8098.91
cf98ced7-c172-4e65-98ed-b92c8d5118ed,40.3836818816427,-86.8955632663036,65,5124.33
01f4d3e9-bd6a-4bca-ab3c-3b44e6831475,40.4165742292332,-86.894256046721,7,582.84
cf98ced7-c172-4e65-98ed-b92c8d5118ed,40.3857284810582,-86.9033393761349,82,6146.45
cf98ced7-c172-4e65-98ed-b92c8d5118ed,40.3861695114302,-86.9033493381821,83,6195.46
cf98ced7-c172-4e65-98ed-b92c8d5118ed,40.383678,-86.89574,66,5139.3
01f4d3e9-bd6a-4bca-ab3c-3b44e6831475,40.3844718864245,-86.91099222964,77,5706.65
01f4d3e9-bd6a-4bca-ab3c-3b44e6831475,40.4165094549748,-86.8942928308541,8,590.68
28e019d7-aabd-407a-8617-6fb357801f08,40.4218377424382,-86.8942726787491,127,8198.65
28e019d7-aabd-407a-8617-6fb357801f08,40.4212905717665,-86.894240492239,128,8259.51
28e019d7-aabd-407a-8617-6fb357801f08,40.4207112145848,-86.8948077794795,129,8339.81
cf98ced7-c172-4e65-98ed-b92c8d5118ed,40.3854899895903,-86.9115182806611,97,7259.73
fa3c48c4-e5ed-42ea-a149-8f48abc3adb2,40.4002382380723,-86.857076525786,44,4368.55
3fa1788a-9312-405f-9fad-405ff4e7cdb3,40.4435162417674,-86.8995547354006,57,3494.63
b2d5f522-ef1c-4f6f-a88e-f9f90dc80c88,40.468778220403,-86.9471888654909,11,464.72
3326e01b-3c23-4fa9-bcd3-2acaafb07d2d,40.4275155619586,-86.8869693049316,25,1550.07
4b95220c-b38a-4e29-86e4-87b6928ae673,40.4154417300757,-86.8276814397906,81,5282.43
afbfbe89-3824-47d8-a4f2-727023af88ac,40.4277688471625,-86.9011302131353,48,3309
eb71757f-5a3d-4a11-adc1-1d0b0e65c723,40.3869402236977,-86.904682005424,85,6392
b60e3152-a76d-4f75-998c-5ccb6225d74b,40.3933557395445,-86.8486795430653,28,1987.02
f45e2fd4-e04e-476c-87ff-d079f18a5c71,40.4173384512154,-86.8863763961116,12,1065.26
e1d33256-6b3d-4dd2-9b32-5f76612e652a,40.4298640101314,-86.9316541254612,65,4254.98
dd423f77-d4ba-47f0-98c9-7d78e756d475,40.4172827394576,-86.891915750893,9,593.73
170011b0-977b-444b-a647-c0e01b5f04fb,40.3935579604391,-86.8764704238284,37,3517.02
d556586f-5536-47a5-9e1f-9ad30028e9c9,40.4293767154934,-86.9118205302114,56,2823.39
e5c0c034-1aae-426b-a8b7-3e19ad8540c5,40.4417375245252,-86.8744539055147,17,1493.21
3326e01b-3c23-4fa9-bcd3-2acaafb07d2d,40.388895458038,-86.8387961463473,204,13326.62
afbfbe89-3824-47d8-a4f2-727023af88ac,40.4369522380153,-86.898391173124,33,2138.3
1f6ab1b9-203d-4800-9c2f-0575ebaff4a6,40.4604669292466,-86.9326981029431,21,548.99
0a1d1408-7910-4fd5-b3f7-3ce7064b408b,40.4191962330031,-86.8868259066928,91,5541.3
b811b298-72d9-4efd-9671-3351c62aa1de,40.4482375318707,-86.9451833073696,139,11647.79
eb71757f-5a3d-4a11-adc1-1d0b0e65c723,40.4052451112715,-86.8929578181304,120,10869.04
32580df6-cf1f-4b44-970a-3d33e8c7feff,40.420018820398,-86.8881555533444,12,619.64
3fa1788a-9312-405f-9fad-405ff4e7cdb3,40.4393190080842,-86.8992810935771,52,3025.88
f25f38ba-f752-43fd-baec-05c57d7fd482,40.4170184150109,-86.826849894071,68,6885.62
33064dc1-95a3-4a07-8352-58827f35895b,40.3879673961598,-86.8940304058259,157,12362.07
a05e2688-6ec0-45d9-a447-37df08b14d0b,40.4321035609802,-86.8597352430216,63,4392.91
9172832a-d99f-4400-b801-baf4cfd054b7,40.4477310536689,-86.9453449323167,65,1924.64
e0c92e87-ef25-4f24-8979-fce9c3bc02dd,40.4543166133354,-86.9618965364633,18,1273.66
c7cc28c1-7c0e-4520-ae19-cb46fb733b6b,40.4239527852023,-86.9083331736224,117,8907
93c1bdef-1567-4615-ab23-04d3cc324ca3,40.4305928566049,-86.9132854734028,3,211.46
cf98ced7-c172-4e65-98ed-b92c8d5118ed,40.3819726891603,-86.8549920209801,16,1622.63
cf98ced7-c172-4e65-98ed-b92c8d5118ed,40.3836271739749,-86.8958189384947,67,5148.05
cf98ced7-c172-4e65-98ed-b92c8d5118ed,40.3869415662871,-86.903373848371,84,6281.28
01f4d3e9-bd6a-4bca-ab3c-3b44e6831475,40.4164321167256,-86.8942491704965,9,600.03
01f4d3e9-bd6a-4bca-ab3c-3b44e6831475,40.4090517627346,-86.8929811863938,20,1508.19
fa3c48c4-e5ed-42ea-a149-8f48abc3adb2,40.3998458147231,-86.8564876071418,45,4434.77
01f4d3e9-bd6a-4bca-ab3c-3b44e6831475,40.4087506780079,-86.8930572276372,21,1542.26
01f4d3e9-bd6a-4bca-ab3c-3b44e6831475,40.3845563760135,-86.910862142495,78,5721.12
fa3c48c4-e5ed-42ea-a149-8f48abc3adb2,40.3925316531316,-86.8494245131389,62,5672.12
01f4d3e9-bd6a-4bca-ab3c-3b44e6831475,40.3869464285431,-86.9033680602146,88,6615.34
01f4d3e9-bd6a-4bca-ab3c-3b44e6831475,40.3818386492992,-86.8588956586837,146,10951.84
01f4d3e9-bd6a-4bca-ab3c-3b44e6831475,40.3818652109081,-86.858743594239,147,10965.05
cf98ced7-c172-4e65-98ed-b92c8d5118ed,40.3819436331603,-86.8550885081552,17,1631.41
01f4d3e9-bd6a-4bca-ab3c-3b44e6831475,40.3869464285431,-86.9046943557576,89,6727.6
cf98ced7-c172-4e65-98ed-b92c8d5118ed,40.3835713013865,-86.8960706836051,68,5170.24
a05e2688-6ec0-45d9-a447-37df08b14d0b,40.4320328195114,-86.8777046726766,44,2864.77
3326e01b-3c23-4fa9-bcd3-2acaafb07d2d,40.4252568303004,-86.8471524464594,144,8607.44
f25f38ba-f752-43fd-baec-05c57d7fd482,40.4173144151919,-86.8920231770002,6,581.84
96c76f87-236b-4d10-a004-d18116c5a5a0,40.4371571518204,-86.9157313900518,27,1703.56
d556586f-5536-47a5-9e1f-9ad30028e9c9,40.431355076184,-86.9104404451164,74,3968.13
01b692f1-d433-46dc-bbc7-f1ccd7a75e1d,40.4177916298981,-86.823625971295,16,1140.96
33064dc1-95a3-4a07-8352-58827f35895b,40.3666218997136,-86.8627893937586,53,4822.65
33064dc1-95a3-4a07-8352-58827f35895b,40.3931206699086,-86.8860503665239,147,11093.81
a05e2688-6ec0-45d9-a447-37df08b14d0b,40.4320716839267,-86.8805103157989,42,2626.47
01b692f1-d433-46dc-bbc7-f1ccd7a75e1d,40.4176911238067,-86.8393991062145,27,2482.67
93c1bdef-1567-4615-ab23-04d3cc324ca3,40.4499444987655,-86.9009922210447,59,4259.66
4e025ba5-8f41-4b28-a28d-f15951c5a468,40.4302384215735,-86.9191072534983,9,2191.94
13bf0b02-f652-4609-943f-dbc509710e91,40.4064064770008,-86.8386350999791,40,2781.68
01b692f1-d433-46dc-bbc7-f1ccd7a75e1d,40.4182018563496,-86.8796795169099,64,5943.95
a05e2688-6ec0-45d9-a447-37df08b14d0b,40.4305431303004,-86.8449335361506,75,5818.07
3326e01b-3c23-4fa9-bcd3-2acaafb07d2d,40.4344317346769,-86.88682770306,37,2324.84
3fa1788a-9312-405f-9fad-405ff4e7cdb3,40.4257051220178,-86.9023274546486,21,1369.55
1f6ab1b9-203d-4800-9c2f-0575ebaff4a6,40.4606430914906,-86.9249615079757,48,1215.38
9172832a-d99f-4400-b801-baf4cfd054b7,40.4468193135922,-86.9404901915754,40,1070.97
b811b298-72d9-4efd-9671-3351c62aa1de,40.4303908820296,-86.9319404226899,80,4171.35
0fd3c4b0-ae9d-40b2-a07c-715b3b3b553a,40.4191204779586,-86.8942560467206,3,299.15
270e300e-042e-44fa-b9c9-e21538746b2f,40.398797565627,-86.807218897773,7,394.02
24732034-b22f-40df-870b-590d76e81a8c,40.4055893805459,-86.8281916060847,61,3920.08
0a1d1408-7910-4fd5-b3f7-3ce7064b408b,40.4241189862092,-86.9166860793701,22,1883.67
63c2c448-4a2f-4a35-a796-66b635935f73,40.4189440609732,-86.8733198190372,18,1407.77
b60e3152-a76d-4f75-998c-5ccb6225d74b,40.3830363038111,-86.8427490938001,0,0
d556586f-5536-47a5-9e1f-9ad30028e9c9,40.4263389365561,-86.891477799257,16,874.76
9172832a-d99f-4400-b801-baf4cfd054b7,40.4454181355253,-86.9440442795448,71,2209.77
32580df6-cf1f-4b44-970a-3d33e8c7feff,40.4244104398671,-86.861790410097,58,3783.38
cf98ced7-c172-4e65-98ed-b92c8d5118ed,40.3835909119546,-86.8986253527087,69,5386.49
01f4d3e9-bd6a-4bca-ab3c-3b44e6831475,40.4164318374792,-86.8935611206334,10,658.24
fa3c48c4-e5ed-42ea-a149-8f48abc3adb2,40.3996603831139,-86.8561704971026,46,4468.6
01f4d3e9-bd6a-4bca-ab3c-3b44e6831475,40.4084514691914,-86.893024453472,22,1575.62
cf98ced7-c172-4e65-98ed-b92c8d5118ed,40.3869402236977,-86.904682005424,85,6392
01f4d3e9-bd6a-4bca-ab3c-3b44e6831475,40.3847266962961,-86.9103672749023,79,5767.08
cf98ced7-c172-4e65-98ed-b92c8d5118ed,40.3836054671129,-86.8990027393328,70,5418.47
fa3c48c4-e5ed-42ea-a149-8f48abc3adb2,40.3922607773381,-86.8500574360554,63,5733.56
fa3c48c4-e5ed-42ea-a149-8f48abc3adb2,40.3921598112315,-86.8501185831918,64,5745.92
01f4d3e9-bd6a-4bca-ab3c-3b44e6831475,40.3819098995527,-86.8559166124003,148,11204.39
01f4d3e9-bd6a-4bca-ab3c-3b44e6831475,40.3818756866559,-86.8557028257102,149,11222.88
cf98ced7-c172-4e65-98ed-b92c8d5118ed,40.3819193421792,-86.858515243212,18,1921.48
01f4d3e9-bd6a-4bca-ab3c-3b44e6831475,40.3857544369157,-86.904701737783,90,6860.06
01f4d3e9-bd6a-4bca-ab3c-3b44e6831475,40.3850878601094,-86.8417908222796,154,12585.58
fa3c48c4-e5ed-42ea-a149-8f48abc3adb2,40.3920622904896,-86.850093269794,65,5756.97
b811b298-72d9-4efd-9671-3351c62aa1de,40.4310657810627,-86.9309782436548,86,4283.83
56875f33-4f60-4591-a742-8e882d645c09,40.4301720637376,-86.9191620011926,33,2491.12
56875f33-4f60-4591-a742-8e882d645c09,40.4263979570721,-86.9191325568021,27,2067.25
a05e2688-6ec0-45d9-a447-37df08b14d0b,40.3844029561154,-86.8411628110265,175,11835.04
d556586f-5536-47a5-9e1f-9ad30028e9c9,40.4507428903287,-86.915721787044,147,6940.88
e8cb7b35-8b91-4734-bc08-322ef94d7dcd,40.4531863768258,-86.9560244590688,20,862.4
f45e2fd4-e04e-476c-87ff-d079f18a5c71,40.416541,-86.877817,17,1833.49
e1d33256-6b3d-4dd2-9b32-5f76612e652a,40.4603392244691,-86.9334511307889,123,10256.68
9172832a-d99f-4400-b801-baf4cfd054b7,40.4477171072801,-86.9390411880252,2,62.29
13bf0b02-f652-4609-943f-dbc509710e91,40.4218941115437,-86.8876681524015,191,11274.77
afbfbe89-3824-47d8-a4f2-727023af88ac,40.4222421784454,-86.9044294896348,57,3986.67
96c76f87-236b-4d10-a004-d18116c5a5a0,40.4653954956279,-86.9288472887459,114,5987.73
d556586f-5536-47a5-9e1f-9ad30028e9c9,40.460647809104,-86.9297770148576,218,9255.98
0a1d1408-7910-4fd5-b3f7-3ce7064b408b,40.4228508658674,-86.9103592051623,30,2546.07
170011b0-977b-444b-a647-c0e01b5f04fb,40.3670847432522,-86.8711469710467,77,6881.42
f25f38ba-f752-43fd-baec-05c57d7fd482,40.41743,-86.857068,41,3551.43
89055b80-8ef0-49cc-bbe3-6c7d5415021a,40.4191035976292,-86.9024528170338,27,1300.26
b60e3152-a76d-4f75-998c-5ccb6225d74b,40.4182580687474,-86.8809294864032,104,6666.51
4b95220c-b38a-4e29-86e4-87b6928ae673,40.405849979872,-86.828501714606,65,3953.96
24732034-b22f-40df-870b-590d76e81a8c,40.3938548334308,-86.8097603019092,108,9454.45
d556586f-5536-47a5-9e1f-9ad30028e9c9,40.4598534059263,-86.9341995827226,240,9669.58
9172832a-d99f-4400-b801-baf4cfd054b7,40.4313532561185,-86.929943749358,93,4398.84
1f6ab1b9-203d-4800-9c2f-0575ebaff4a6,40.4430260509427,-86.9126445337262,118,4038.9
9172832a-d99f-4400-b801-baf4cfd054b7,40.4464699201007,-86.9405001527126,41,1109.8
33064dc1-95a3-4a07-8352-58827f35895b,40.365755746606,-86.860555270772,61,5114.41
d556586f-5536-47a5-9e1f-9ad30028e9c9,40.450200052881,-86.915744210207,146,6880.53
3bbf4832-650a-47e3-8118-13ea10ec264c,40.4352740899065,-86.8865926002861,24,2632.12
c7cc28c1-7c0e-4520-ae19-cb46fb733b6b,40.4575379230798,-86.9341279259613,0,0
d556586f-5536-47a5-9e1f-9ad30028e9c9,40.4276554091512,-86.9084917728723,47,2453.71
01f4d3e9-bd6a-4bca-ab3c-3b44e6831475,40.4163941454938,-86.8934272694344,11,670.31
fa3c48c4-e5ed-42ea-a149-8f48abc3adb2,40.3994637757455,-86.8560194674469,47,4493.91
01f4d3e9-bd6a-4bca-ab3c-3b44e6831475,40.406716905174,-86.8929975729335,23,1768.38
01f4d3e9-bd6a-4bca-ab3c-3b44e6831475,40.3847414484466,-86.9099998122454,80,5798.23
01f4d3e9-bd6a-4bca-ab3c-3b44e6831475,40.3819472642393,-86.8491501319136,150,11777.59
cf98ced7-c172-4e65-98ed-b92c8d5118ed,40.3847306889533,-86.9046768988891,87,6637.57
cf98ced7-c172-4e65-98ed-b92c8d5118ed,40.3847104873608,-86.906473420937,88,6789.65
cf98ced7-c172-4e65-98ed-b92c8d5118ed,40.384746812865,-86.9066443685677,89,6804.67
01f4d3e9-bd6a-4bca-ab3c-3b44e6831475,40.3849515009177,-86.8415620872638,155,12610.16
fa3c48c4-e5ed-42ea-a149-8f48abc3adb2,40.3917439013949,-86.849696613006,66,5805.74
fa3c48c4-e5ed-42ea-a149-8f48abc3adb2,40.3993542042227,-86.8557656155344,48,4518.6
fa3c48c4-e5ed-42ea-a149-8f48abc3adb2,40.3971699603642,-86.8527353692737,49,4871.68
01f4d3e9-bd6a-4bca-ab3c-3b44e6831475,40.4163843734942,-86.8932989189696,12,681.22
01f4d3e9-bd6a-4bca-ab3c-3b44e6831475,40.3846448889163,-86.909311825592,81,5857.44
01f4d3e9-bd6a-4bca-ab3c-3b44e6831475,40.3846153846154,-86.9085608070231,82,5921.09
c7cc28c1-7c0e-4520-ae19-cb46fb733b6b,40.4186764791809,-86.8994142681446,140,9900.93
002a917d-6cdc-46ab-bb61-4e54c64205ee,40.418235212735,-86.8952865863221,61,4307.93
4b95220c-b38a-4e29-86e4-87b6928ae673,40.3844015470363,-86.8411453863479,6,225.44
dd423f77-d4ba-47f0-98c9-7d78e756d475,40.4098713717566,-86.877162303473,38,2671.86
3326e01b-3c23-4fa9-bcd3-2acaafb07d2d,40.4178050423339,-86.8389740065012,177,10094.58
f45e2fd4-e04e-476c-87ff-d079f18a5c71,40.3940485060489,-86.8487476492407,58,5391.8
4b95220c-b38a-4e29-86e4-87b6928ae673,40.4095966598376,-86.8289524058871,71,4381.78
63c2c448-4a2f-4a35-a796-66b635935f73,40.4190469037918,-86.8700670820515,16,1129.93
d556586f-5536-47a5-9e1f-9ad30028e9c9,40.460671248203,-86.9294897758166,216,9231.51
63c2c448-4a2f-4a35-a796-66b635935f73,40.4191004270538,-86.8653054273372,10,722.07
0fd3c4b0-ae9d-40b2-a07c-715b3b3b553a,40.381722,-86.8651,140,10424.24
0a1d1408-7910-4fd5-b3f7-3ce7064b408b,40.42001154702,-86.8924421221722,79,4968.04
96c76f87-236b-4d10-a004-d18116c5a5a0,40.4808289932239,-86.9282771458892,148,10012.75
270e300e-042e-44fa-b9c9-e21538746b2f,40.385103332138,-86.8418050156885,51,5556.42
b60e3152-a76d-4f75-998c-5ccb6225d74b,40.4013175608151,-86.8584454376952,67,3942.06
a05e2688-6ec0-45d9-a447-37df08b14d0b,40.4274864002022,-86.8459595208947,88,6192.97
3326e01b-3c23-4fa9-bcd3-2acaafb07d2d,40.4273561156792,-86.846385133132,127,8318.15
93c1bdef-1567-4615-ab23-04d3cc324ca3,40.4352625860245,-86.8990675156081,37,2555.38
b60e3152-a76d-4f75-998c-5ccb6225d74b,40.39168,-86.84966,39,2297.16
0a1d1408-7910-4fd5-b3f7-3ce7064b408b,40.4200515114136,-86.8909536474878,81,5094.67
b811b298-72d9-4efd-9671-3351c62aa1de,40.4304650304608,-86.9321928952879,78,4147.66
b811b298-72d9-4efd-9671-3351c62aa1de,40.4481525618187,-86.9408291061201,41,908.57
1f1c7703-f37e-4cab-90b2-34b3f54726f7,40.4676431454784,-86.9550288067356,40,3062.55
e1d33256-6b3d-4dd2-9b32-5f76612e652a,40.424279181328,-86.9228363973519,54,2959.28
3326e01b-3c23-4fa9-bcd3-2acaafb07d2d,40.432045,-86.873718,83,5290.84
01f4d3e9-bd6a-4bca-ab3c-3b44e6831475,40.3844054142466,-86.8411652997416,157,12680.11
01f4d3e9-bd6a-4bca-ab3c-3b44e6831475,40.4163089894492,-86.8931100604287,14,699.73
fa3c48c4-e5ed-42ea-a149-8f48abc3adb2,40.396992,-86.852573,50,4895.76
cf98ced7-c172-4e65-98ed-b92c8d5118ed,40.3818984523171,-86.8588964358292,20,1954.05
01f4d3e9-bd6a-4bca-ab3c-3b44e6831475,40.3846301367658,-86.906809324432,83,6069.35
cf98ced7-c172-4e65-98ed-b92c8d5118ed,40.3838783757496,-86.9001348992048,73,5519.32
cf98ced7-c172-4e65-98ed-b92c8d5118ed,40.3842550434886,-86.9010188573479,74,5605.05
01f4d3e9-bd6a-4bca-ab3c-3b44e6831475,40.3821117232423,-86.8442539013123,152,12193.83
cf98ced7-c172-4e65-98ed-b92c8d5118ed,40.3843733676019,-86.9011313615477,75,5621.28
cf98ced7-c172-4e65-98ed-b92c8d5118ed,40.3847454365924,-86.9095774740214,92,7054.18
01f4d3e9-bd6a-4bca-ab3c-3b44e6831475,40.3822773983888,-86.8440294456944,153,12220.29
01f4d3e9-bd6a-4bca-ab3c-3b44e6831475,40.4162503573558,-86.8930678881331,15,707.16
cf98ced7-c172-4e65-98ed-b92c8d5118ed,40.3843812627215,-86.9013164479685,76,5636.97
cf98ced7-c172-4e65-98ed-b92c8d5118ed,40.3845406294443,-86.9017017702515,77,5674.08
cf98ced7-c172-4e65-98ed-b92c8d5118ed,40.3818748743786,-86.8598817605568,21,2037.49
c7cc28c1-7c0e-4520-ae19-cb46fb733b6b,40.439272659905,-86.9384703149667,76,5176.69
170011b0-977b-444b-a647-c0e01b5f04fb,40.3690363015233,-86.8570267879348,103,9011.96
d556586f-5536-47a5-9e1f-9ad30028e9c9,40.4584906504671,-86.91563485348,162,7807.72
3326e01b-3c23-4fa9-bcd3-2acaafb07d2d,40.4164494201534,-86.838951778827,178,10245.23
0bb04145-d02a-46c3-a800-6d0d42233c5c,40.4651963095214,-86.9305669436476,31,2896.44
1f6ab1b9-203d-4800-9c2f-0575ebaff4a6,40.4606122362578,-86.9251492191829,45,1197.77
0a1d1408-7910-4fd5-b3f7-3ce7064b408b,40.4194104742836,-86.9008398678899,61,3871.51
01f4d3e9-bd6a-4bca-ab3c-3b44e6831475,40.3818652109081,-86.8590515922603,145,10938.31
afbfbe89-3824-47d8-a4f2-727023af88ac,40.4507417307889,-86.9016814569311,6,467.21
1f1c7703-f37e-4cab-90b2-34b3f54726f7,40.4528871030048,-86.9622773320387,77,5655.49
13bf0b02-f652-4609-943f-dbc509710e91,40.4313312045917,-86.8871653821234,173,10152.99
1f6ab1b9-203d-4800-9c2f-0575ebaff4a6,40.46045635578,-86.9191170360795,77,1726.07
b60e3152-a76d-4f75-998c-5ccb6225d74b,40.3929571024199,-86.8465803429655,22,1617.44
4b95220c-b38a-4e29-86e4-87b6928ae673,40.4031387753964,-86.8276535055548,56,3626.27
13bf0b02-f652-4609-943f-dbc509710e91,40.4321065802638,-86.8822697926921,163,9646.47
33064dc1-95a3-4a07-8352-58827f35895b,40.3879139928536,-86.9018451505766,166,13028.23
33064dc1-95a3-4a07-8352-58827f35895b,40.3879767210024,-86.893769231249,155,12339.79
96c76f87-236b-4d10-a004-d18116c5a5a0,40.44786,-86.919464,53,3221.03
270e300e-042e-44fa-b9c9-e21538746b2f,40.4030431290477,-86.8272282330361,17,2510.98
13bf0b02-f652-4609-943f-dbc509710e91,40.4248015835763,-86.8869864575259,185,10880.64
170011b0-977b-444b-a647-c0e01b5f04fb,40.387224569717,-86.9034417239348,2,119.68
f45e2fd4-e04e-476c-87ff-d079f18a5c71,40.3928844964761,-86.8480445859386,78,6085.21
4b95220c-b38a-4e29-86e4-87b6928ae673,40.3927636816133,-86.8368412946526,18,1380.74
0fd3c4b0-ae9d-40b2-a07c-715b3b3b553a,40.4200208553498,-86.8942835503916,2,199.07
cf98ced7-c172-4e65-98ed-b92c8d5118ed,40.3851924166656,-86.9114091236066,96,7225.4
3bbf4832-650a-47e3-8118-13ea10ec264c,40.4494534778817,-86.8776920717181,7,848.98
002a917d-6cdc-46ab-bb61-4e54c64205ee,40.4109146621354,-86.8836144151312,39,2654
0bb04145-d02a-46c3-a800-6d0d42233c5c,40.4652414226922,-86.9271673692903,42,3215.19
4b95220c-b38a-4e29-86e4-87b6928ae673,40.4011647948175,-86.8083950632074,128,9229.83
1f1c7703-f37e-4cab-90b2-34b3f54726f7,40.469666,-86.945745,28,2109.83
4b95220c-b38a-4e29-86e4-87b6928ae673,40.4071555025908,-86.8289382587825,92,6376.62
c7cc28c1-7c0e-4520-ae19-cb46fb733b6b,40.446104176298,-86.9227237694842,49,2416.22
c7cc28c1-7c0e-4520-ae19-cb46fb733b6b,40.4598148675056,-86.9340055120325,7,394.98
270e300e-042e-44fa-b9c9-e21538746b2f,40.4008856654695,-86.8386074506406,31,3714.21
dd423f77-d4ba-47f0-98c9-7d78e756d475,40.4082109968872,-86.8768417359573,46,2863.22
c7cc28c1-7c0e-4520-ae19-cb46fb733b6b,40.4592908003211,-86.932430694589,11,617.5
dd423f77-d4ba-47f0-98c9-7d78e756d475,40.409951970539,-86.8859404108232,26,1906.71
33064dc1-95a3-4a07-8352-58827f35895b,40.3879309588662,-86.8971461206121,160,12626.57
0bb04145-d02a-46c3-a800-6d0d42233c5c,40.4459213545716,-86.9192694056654,94,5943.02
092fb563-ae54-468c-ae0c-1f4db815f671,40.4669486428996,-86.9471078025426,20,683.19
a05e2688-6ec0-45d9-a447-37df08b14d0b,40.4273561156792,-86.846385133132,91,6231.95
4b95220c-b38a-4e29-86e4-87b6928ae673,40.4069534844417,-86.828943903553,94,6399.36
eb71757f-5a3d-4a11-adc1-1d0b0e65c723,40.4212481991449,-86.8943241392818,136,12883.67
4aac4c21-daca-4d3b-abb9-c9efb54fea4a,40.4532045940961,-86.9561515483539,93,8971.68
cf98ced7-c172-4e65-98ed-b92c8d5118ed,40.4217975797566,-86.8943044556426,135,12819.26
9172832a-d99f-4400-b801-baf4cfd054b7,40.4441637452306,-86.9432747008077,72,2363.6
96c76f87-236b-4d10-a004-d18116c5a5a0,40.4667115854116,-86.931777018636,125,6417.41
63c2c448-4a2f-4a35-a796-66b635935f73,40.4189045028622,-86.8757203531782,21,1612.35
b60e3152-a76d-4f75-998c-5ccb6225d74b,40.3889349733373,-86.8387604295256,11,815.59
4b95220c-b38a-4e29-86e4-87b6928ae673,40.4100352698476,-86.8290455094219,89,6055.58
a05e2688-6ec0-45d9-a447-37df08b14d0b,40.4252568303004,-86.8471524464594,108,6521.24
b60e3152-a76d-4f75-998c-5ccb6225d74b,40.4011216909842,-86.8581658643039,65,3908.35
e5c0c034-1aae-426b-a8b7-3e19ad8540c5,40.4390098856333,-86.8809771962503,29,2138.19
89055b80-8ef0-49cc-bbe3-6c7d5415021a,40.4182192869558,-86.8954433497793,5,589.96
d556586f-5536-47a5-9e1f-9ad30028e9c9,40.4434683885723,-86.9129670797557,122,6072.67
0a1d1408-7910-4fd5-b3f7-3ce7064b408b,40.4194961738286,-86.9005718469961,63,3897.24
e0c92e87-ef25-4f24-8979-fce9c3bc02dd,40.4530165446716,-86.9618704358222,15,1127.07
3326e01b-3c23-4fa9-bcd3-2acaafb07d2d,40.4281789651866,-86.8450494465883,118,8169.9
4e025ba5-8f41-4b28-a28d-f15951c5a468,40.4460062768106,-86.9443959961603,44,6080.92
b60e3152-a76d-4f75-998c-5ccb6225d74b,40.4166348968316,-86.8778137177852,98,6323.49
e0c92e87-ef25-4f24-8979-fce9c3bc02dd,40.4645940522308,-86.9366236020531,49,4977.87
96c76f87-236b-4d10-a004-d18116c5a5a0,40.436737,-86.915429,25,1650.18
c7cc28c1-7c0e-4520-ae19-cb46fb733b6b,40.4460540185943,-86.9365016731586,53,3581.61
1f6ab1b9-203d-4800-9c2f-0575ebaff4a6,40.4310657655556,-86.9104050287666,162,6029.45
e8cb7b35-8b91-4734-bc08-322ef94d7dcd,40.4529070944563,-86.9615162724049,5,228.14
93c1bdef-1567-4615-ab23-04d3cc324ca3,40.430654351253,-86.8997404587326,30,1975.27
b2d5f522-ef1c-4f6f-a88e-f9f90dc80c88,40.4668082477589,-86.9460030651637,22,782.75
96c76f87-236b-4d10-a004-d18116c5a5a0,40.4678382573071,-86.9389926098606,132,7159.61
d556586f-5536-47a5-9e1f-9ad30028e9c9,40.4333148189609,-86.9151832992857,67,3361.14
0fd3c4b0-ae9d-40b2-a07c-715b3b3b553a,40.3834648994678,-86.8955238403504,106,7784.29
56875f33-4f60-4591-a742-8e882d645c09,40.4272638467087,-86.9096240302872,6,458.03
b811b298-72d9-4efd-9671-3351c62aa1de,40.4491184919547,-86.9415077234213,30,773.16
f25f38ba-f752-43fd-baec-05c57d7fd482,40.4174688132259,-86.8674463832092,29,2670.87
13bf0b02-f652-4609-943f-dbc509710e91,40.422861,-86.886934,188,11097.61
b811b298-72d9-4efd-9671-3351c62aa1de,40.4476247492088,-86.9390868530069,4,49.95
01b692f1-d433-46dc-bbc7-f1ccd7a75e1d,40.4177152077445,-86.8363351564908,24,2221.55
e1d33256-6b3d-4dd2-9b32-5f76612e652a,40.4239762050864,-86.9083834150411,39,1730.02
e1d33256-6b3d-4dd2-9b32-5f76612e652a,40.4460249923992,-86.9370974228049,100,7001.47
13bf0b02-f652-4609-943f-dbc509710e91,40.4314528797947,-86.887168857126,171,10138.11
a05e2688-6ec0-45d9-a447-37df08b14d0b,40.4267161244443,-86.8869725263722,24,1463.92
170011b0-977b-444b-a647-c0e01b5f04fb,40.3670952371995,-86.8739911374584,70,6637.88
cf98ced7-c172-4e65-98ed-b92c8d5118ed,40.3836636877149,-86.8993466866357,71,5448.29
96c76f87-236b-4d10-a004-d18116c5a5a0,40.455428240938,-86.9245193889978,72,4429.44
3326e01b-3c23-4fa9-bcd3-2acaafb07d2d,40.428347288401,-86.8449589078785,117,8149.69
d556586f-5536-47a5-9e1f-9ad30028e9c9,40.4276773293265,-86.9098598024231,50,2570.62
b811b298-72d9-4efd-9671-3351c62aa1de,40.4308144092086,-86.9318060496635,120,9274.75
13bf0b02-f652-4609-943f-dbc509710e91,40.421424142243,-86.8463353601799,76,5111.03
1f6ab1b9-203d-4800-9c2f-0575ebaff4a6,40.428627,-86.911277,176,6779.2
0fd3c4b0-ae9d-40b2-a07c-715b3b3b553a,40.3845563760135,-86.910862142495,78,5721.12
9172832a-d99f-4400-b801-baf4cfd054b7,40.4314613017493,-86.9292629420968,94,4457.66
0bb04145-d02a-46c3-a800-6d0d42233c5c,40.4349008227488,-86.9153053365844,119,7529.69
13bf0b02-f652-4609-943f-dbc509710e91,40.4206114772469,-86.8457233443894,70,4979.28
4b95220c-b38a-4e29-86e4-87b6928ae673,40.4032273987723,-86.8277318380158,57,3638.14
e5c0c034-1aae-426b-a8b7-3e19ad8540c5,40.4385548796181,-86.8813108852216,32,2197.19
1f6ab1b9-203d-4800-9c2f-0575ebaff4a6,40.43822202931,-86.9066422432496,134,4780.54
d556586f-5536-47a5-9e1f-9ad30028e9c9,40.4314107141237,-86.9104734610796,73,3961.35
93c1bdef-1567-4615-ab23-04d3cc324ca3,40.426673902338,-86.9079006392027,13,870.73
1f6ab1b9-203d-4800-9c2f-0575ebaff4a6,40.4276356484122,-86.9100757484871,181,6930.54
56875f33-4f60-4591-a742-8e882d645c09,40.4535511957123,-86.9276028389077,70,5867.36
4b95220c-b38a-4e29-86e4-87b6928ae673,40.402964637659,-86.8385126996599,41,2658.7
3326e01b-3c23-4fa9-bcd3-2acaafb07d2d,40.4303028743566,-86.8905455610599,46,2914.24
eb71757f-5a3d-4a11-adc1-1d0b0e65c723,40.3819478121077,-86.8548580946046,15,1610.96
d556586f-5536-47a5-9e1f-9ad30028e9c9,40.4607091429282,-86.9291945639244,215,9206.2
13bf0b02-f652-4609-943f-dbc509710e91,40.4223152636278,-86.8470276346533,80,5226.18
b2d5f522-ef1c-4f6f-a88e-f9f90dc80c88,40.4504480331125,-86.925172525286,47,3618.19
4b95220c-b38a-4e29-86e4-87b6928ae673,40.3998993383823,-86.8080300227101,124,9084.47
b811b298-72d9-4efd-9671-3351c62aa1de,40.4499606252709,-86.9405484903586,10,422.67
28e019d7-aabd-407a-8617-6fb357801f08,40.4165636905592,-86.8776609856829,97,6308.34
28e019d7-aabd-407a-8617-6fb357801f08,40.418281995386,-86.8811654809826,105,6686.65
d556586f-5536-47a5-9e1f-9ad30028e9c9,40.4325623852506,-86.9057167271526,85,4624.87
e0c92e87-ef25-4f24-8979-fce9c3bc02dd,40.4624766589757,-86.9349419906836,52,5253.64
4b95220c-b38a-4e29-86e4-87b6928ae673,40.4049473751079,-86.8278419084859,102,6654.06
